job,odb_path
1020_2a_16_rd_1000_cal_0_v_10_fric_0100,V:/Wire_drawing/2026/odb/1020_2a_16_rd_1000_cal_0_v_10_fric_0100.odb
1020_2a_16_rd_1000_cal_0_v_10_fric_025,V:/Wire_drawing/2026/odb/Vel_10_updated/1020_2a_16_rd_1000_cal_0_v_10_fric_025.odb
1020_2a_16_rd_1000_cal_0_v_10_fric_050,V:/Wire_drawing/2026/odb/Vel_10_updated/1020_2a_16_rd_1000_cal_0_v_10_fric_050.odb
1020_2a_16_rd_1000_cal_100_v_10_fric_0100,V:/Wire_drawing/2026/odb/Vel_10_updated/1020_2a_16_rd_1000_cal_100_v_10_fric_0100.odb
1020_2a_16_rd_1000_cal_100_v_10_fric_025,V:/Wire_drawing/2026/odb/Vel_10_updated/1020_2a_16_rd_1000_cal_100_v_10_fric_025.odb
1020_2a_16_rd_1000_cal_100_v_10_fric_050,V:/Wire_drawing/2026/odb/Vel_10_updated/1020_2a_16_rd_1000_cal_100_v_10_fric_050.odb
1020_2a_16_rd_1000_cal_10_v_10_fric_0100,V:/Wire_drawing/2026/odb/Vel_10_updated/1020_2a_16_rd_1000_cal_10_v_10_fric_0100.odb
1020_2a_16_rd_1000_cal_10_v_10_fric_025,V:/Wire_drawing/2026/odb/Vel_10_updated/1020_2a_16_rd_1000_cal_10_v_10_fric_025.odb
1020_2a_16_rd_1000_cal_10_v_10_fric_050,V:/Wire_drawing/2026/odb/Vel_10_updated/1020_2a_16_rd_1000_cal_10_v_10_fric_050.odb
1020_2a_16_rd_1000_cal_30_v_10_fric_0100,V:/Wire_drawing/2026/odb/Vel_10_updated/1020_2a_16_rd_1000_cal_30_v_10_fric_0100.odb
1020_2a_16_rd_1000_cal_30_v_10_fric_025,V:/Wire_drawing/2026/odb/Vel_10_updated/1020_2a_16_rd_1000_cal_30_v_10_fric_025.odb
1020_2a_16_rd_1000_cal_30_v_10_fric_050,V:/Wire_drawing/2026/odb/Vel_10_updated/1020_2a_16_rd_1000_cal_30_v_10_fric_050.odb
1020_2a_16_rd_1000_cal_50_v_10_fric_0100,V:/Wire_drawing/2026/odb/Vel_10_updated/1020_2a_16_rd_1000_cal_50_v_10_fric_0100.odb
1020_2a_16_rd_1000_cal_50_v_10_fric_025,V:/Wire_drawing/2026/odb/Vel_10_updated/1020_2a_16_rd_1000_cal_50_v_10_fric_025.odb
1020_2a_16_rd_1000_cal_50_v_10_fric_050,V:/Wire_drawing/2026/odb/Vel_10_updated/1020_2a_16_rd_1000_cal_50_v_10_fric_050.odb
1020_2a_16_rd_1000_cal_75_v_10_fric_0100,V:/Wire_drawing/2026/odb/Vel_10_updated/1020_2a_16_rd_1000_cal_75_v_10_fric_0100.odb
1020_2a_16_rd_1000_cal_75_v_10_fric_025,V:/Wire_drawing/2026/odb/Vel_10_updated/1020_2a_16_rd_1000_cal_75_v_10_fric_025.odb
1020_2a_16_rd_1000_cal_75_v_10_fric_050,V:/Wire_drawing/2026/odb/Vel_10_updated/1020_2a_16_rd_1000_cal_75_v_10_fric_050.odb
1020_2a_16_rd_1500_cal_0_v_10_fric_0100,V:/Wire_drawing/2026/odb/Vel_10_updated/1020_2a_16_rd_1500_cal_0_v_10_fric_0100.odb
1020_2a_16_rd_1500_cal_0_v_10_fric_025,V:/Wire_drawing/2026/odb/Vel_10_updated/1020_2a_16_rd_1500_cal_0_v_10_fric_025.odb
1020_2a_16_rd_1500_cal_0_v_10_fric_050,V:/Wire_drawing/2026/odb/Vel_10_updated/1020_2a_16_rd_1500_cal_0_v_10_fric_050.odb
1020_2a_16_rd_1500_cal_100_v_10_fric_0100,V:/Wire_drawing/2026/odb/Vel_10_updated/1020_2a_16_rd_1500_cal_100_v_10_fric_0100.odb
1020_2a_16_rd_1500_cal_100_v_10_fric_025,V:/Wire_drawing/2026/odb/Vel_10_updated/1020_2a_16_rd_1500_cal_100_v_10_fric_025.odb
1020_2a_16_rd_1500_cal_100_v_10_fric_050,V:/Wire_drawing/2026/odb/Vel_10_updated/1020_2a_16_rd_1500_cal_100_v_10_fric_050.odb
1020_2a_16_rd_1500_cal_10_v_10_fric_0100,V:/Wire_drawing/2026/odb/Vel_10_updated/1020_2a_16_rd_1500_cal_10_v_10_fric_0100.odb
1020_2a_16_rd_1500_cal_10_v_10_fric_025,V:/Wire_drawing/2026/odb/Vel_10_updated/1020_2a_16_rd_1500_cal_10_v_10_fric_025.odb
1020_2a_16_rd_1500_cal_10_v_10_fric_050,V:/Wire_drawing/2026/odb/Vel_10_updated/1020_2a_16_rd_1500_cal_10_v_10_fric_050.odb
1020_2a_16_rd_1500_cal_30_v_10_fric_0100,V:/Wire_drawing/2026/odb/Vel_10_updated/1020_2a_16_rd_1500_cal_30_v_10_fric_0100.odb
1020_2a_16_rd_1500_cal_30_v_10_fric_025,V:/Wire_drawing/2026/odb/Vel_10_updated/1020_2a_16_rd_1500_cal_30_v_10_fric_025.odb
1020_2a_16_rd_1500_cal_30_v_10_fric_050,V:/Wire_drawing/2026/odb/Vel_10_updated/1020_2a_16_rd_1500_cal_30_v_10_fric_050.odb
1020_2a_16_rd_1500_cal_50_v_10_fric_0100,V:/Wire_drawing/2026/odb/Vel_10_updated/1020_2a_16_rd_1500_cal_50_v_10_fric_0100.odb
1020_2a_16_rd_1500_cal_50_v_10_fric_025,V:/Wire_drawing/2026/odb/Vel_10_updated/1020_2a_16_rd_1500_cal_50_v_10_fric_025.odb
1020_2a_16_rd_1500_cal_50_v_10_fric_050,V:/Wire_drawing/2026/odb/Vel_10_updated/1020_2a_16_rd_1500_cal_50_v_10_fric_050.odb
1020_2a_16_rd_1500_cal_75_v_10_fric_0100,V:/Wire_drawing/2026/odb/Vel_10_updated/1020_2a_16_rd_1500_cal_75_v_10_fric_0100.odb
1020_2a_16_rd_1500_cal_75_v_10_fric_025,V:/Wire_drawing/2026/odb/Vel_10_updated/1020_2a_16_rd_1500_cal_75_v_10_fric_025.odb
1020_2a_16_rd_1500_cal_75_v_10_fric_050,V:/Wire_drawing/2026/odb/Vel_10_updated/1020_2a_16_rd_1500_cal_75_v_10_fric_050.odb
1020_2a_16_rd_150_cal_0_v_10_fric_0100,V:/Wire_drawing/2026/odb/Vel_10_updated/1020_2a_16_rd_150_cal_0_v_10_fric_0100.odb
1020_2a_16_rd_150_cal_0_v_10_fric_025,V:/Wire_drawing/2026/odb/Vel_10_updated/1020_2a_16_rd_150_cal_0_v_10_fric_025.odb
1020_2a_16_rd_150_cal_0_v_10_fric_050,V:/Wire_drawing/2026/odb/Vel_10_updated/1020_2a_16_rd_150_cal_0_v_10_fric_050.odb
1020_2a_16_rd_150_cal_100_v_10_fric_0100,V:/Wire_drawing/2026/odb/Vel_10_updated/1020_2a_16_rd_150_cal_100_v_10_fric_0100.odb
1020_2a_16_rd_150_cal_100_v_10_fric_025,V:/Wire_drawing/2026/odb/Vel_10_updated/1020_2a_16_rd_150_cal_100_v_10_fric_025.odb
1020_2a_16_rd_150_cal_100_v_10_fric_050,V:/Wire_drawing/2026/odb/Vel_10_updated/1020_2a_16_rd_150_cal_100_v_10_fric_050.odb
1020_2a_16_rd_150_cal_10_v_10_fric_0100,V:/Wire_drawing/2026/odb/Vel_10_updated/1020_2a_16_rd_150_cal_10_v_10_fric_0100.odb
1020_2a_16_rd_150_cal_10_v_10_fric_025,V:/Wire_drawing/2026/odb/Vel_10_updated/1020_2a_16_rd_150_cal_10_v_10_fric_025.odb
1020_2a_16_rd_150_cal_10_v_10_fric_050,V:/Wire_drawing/2026/odb/Vel_10_updated/1020_2a_16_rd_150_cal_10_v_10_fric_050.odb
1020_2a_16_rd_150_cal_30_v_10_fric_0100,V:/Wire_drawing/2026/odb/Vel_10_updated/1020_2a_16_rd_150_cal_30_v_10_fric_0100.odb
1020_2a_16_rd_150_cal_30_v_10_fric_025,V:/Wire_drawing/2026/odb/Vel_10_updated/1020_2a_16_rd_150_cal_30_v_10_fric_025.odb
1020_2a_16_rd_150_cal_30_v_10_fric_050,V:/Wire_drawing/2026/odb/Vel_10_updated/1020_2a_16_rd_150_cal_30_v_10_fric_050.odb
1020_2a_16_rd_150_cal_50_v_10_fric_0100,V:/Wire_drawing/2026/odb/Vel_10_updated/1020_2a_16_rd_150_cal_50_v_10_fric_0100.odb
1020_2a_16_rd_150_cal_50_v_10_fric_025,V:/Wire_drawing/2026/odb/Vel_10_updated/1020_2a_16_rd_150_cal_50_v_10_fric_025.odb
1020_2a_16_rd_150_cal_50_v_10_fric_050,V:/Wire_drawing/2026/odb/Vel_10_updated/1020_2a_16_rd_150_cal_50_v_10_fric_050.odb
1020_2a_16_rd_150_cal_75_v_10_fric_0100,V:/Wire_drawing/2026/odb/Vel_10_updated/1020_2a_16_rd_150_cal_75_v_10_fric_0100.odb
1020_2a_16_rd_150_cal_75_v_10_fric_025,V:/Wire_drawing/2026/odb/Vel_10_updated/1020_2a_16_rd_150_cal_75_v_10_fric_025.odb
1020_2a_16_rd_150_cal_75_v_10_fric_050,V:/Wire_drawing/2026/odb/Vel_10_updated/1020_2a_16_rd_150_cal_75_v_10_fric_050.odb
1020_2a_16_rd_2000_cal_0_v_10_fric_0100,V:/Wire_drawing/2026/odb/Vel_10_updated/1020_2a_16_rd_2000_cal_0_v_10_fric_0100.odb
1020_2a_16_rd_2000_cal_0_v_10_fric_025,V:/Wire_drawing/2026/odb/Vel_10_updated/1020_2a_16_rd_2000_cal_0_v_10_fric_025.odb
1020_2a_16_rd_2000_cal_0_v_10_fric_050,V:/Wire_drawing/2026/odb/Vel_10_updated/1020_2a_16_rd_2000_cal_0_v_10_fric_050.odb
1020_2a_16_rd_2000_cal_100_v_10_fric_0100,V:/Wire_drawing/2026/odb/Vel_10_updated/1020_2a_16_rd_2000_cal_100_v_10_fric_0100.odb
1020_2a_16_rd_2000_cal_100_v_10_fric_025,V:/Wire_drawing/2026/odb/Vel_10_updated/1020_2a_16_rd_2000_cal_100_v_10_fric_025.odb
1020_2a_16_rd_2000_cal_100_v_10_fric_050,V:/Wire_drawing/2026/odb/Vel_10_updated/1020_2a_16_rd_2000_cal_100_v_10_fric_050.odb
1020_2a_16_rd_2000_cal_10_v_10_fric_0100,V:/Wire_drawing/2026/odb/Vel_10_updated/1020_2a_16_rd_2000_cal_10_v_10_fric_0100.odb
1020_2a_16_rd_2000_cal_10_v_10_fric_025,V:/Wire_drawing/2026/odb/Vel_10_updated/1020_2a_16_rd_2000_cal_10_v_10_fric_025.odb
1020_2a_16_rd_2000_cal_10_v_10_fric_050,V:/Wire_drawing/2026/odb/Vel_10_updated/1020_2a_16_rd_2000_cal_10_v_10_fric_050.odb
1020_2a_16_rd_2000_cal_30_v_10_fric_0100,V:/Wire_drawing/2026/odb/Vel_10_updated/1020_2a_16_rd_2000_cal_30_v_10_fric_0100.odb
1020_2a_16_rd_2000_cal_30_v_10_fric_025,V:/Wire_drawing/2026/odb/Vel_10_updated/1020_2a_16_rd_2000_cal_30_v_10_fric_025.odb
1020_2a_16_rd_2000_cal_30_v_10_fric_050,V:/Wire_drawing/2026/odb/Vel_10_updated/1020_2a_16_rd_2000_cal_30_v_10_fric_050.odb
1020_2a_16_rd_2000_cal_50_v_10_fric_0100,V:/Wire_drawing/2026/odb/Vel_10_updated/1020_2a_16_rd_2000_cal_50_v_10_fric_0100.odb
1020_2a_16_rd_2000_cal_50_v_10_fric_025,V:/Wire_drawing/2026/odb/Vel_10_updated/1020_2a_16_rd_2000_cal_50_v_10_fric_025.odb
1020_2a_16_rd_2000_cal_50_v_10_fric_050,V:/Wire_drawing/2026/odb/Vel_10_updated/1020_2a_16_rd_2000_cal_50_v_10_fric_050.odb
1020_2a_16_rd_2000_cal_75_v_10_fric_0100,V:/Wire_drawing/2026/odb/Vel_10_updated/1020_2a_16_rd_2000_cal_75_v_10_fric_0100.odb
1020_2a_16_rd_2000_cal_75_v_10_fric_025,V:/Wire_drawing/2026/odb/Vel_10_updated/1020_2a_16_rd_2000_cal_75_v_10_fric_025.odb
1020_2a_16_rd_2000_cal_75_v_10_fric_050,V:/Wire_drawing/2026/odb/Vel_10_updated/1020_2a_16_rd_2000_cal_75_v_10_fric_050.odb
1020_2a_16_rd_2500_cal_0_v_10_fric_0100,V:/Wire_drawing/2026/odb/Vel_10_updated/1020_2a_16_rd_2500_cal_0_v_10_fric_0100.odb
1020_2a_16_rd_2500_cal_0_v_10_fric_025,V:/Wire_drawing/2026/odb/Vel_10_updated/1020_2a_16_rd_2500_cal_0_v_10_fric_025.odb
1020_2a_16_rd_2500_cal_0_v_10_fric_050,V:/Wire_drawing/2026/odb/Vel_10_updated/1020_2a_16_rd_2500_cal_0_v_10_fric_050.odb
1020_2a_16_rd_2500_cal_100_v_10_fric_0100,V:/Wire_drawing/2026/odb/Vel_10_updated/1020_2a_16_rd_2500_cal_100_v_10_fric_0100.odb
1020_2a_16_rd_2500_cal_100_v_10_fric_025,V:/Wire_drawing/2026/odb/Vel_10_updated/1020_2a_16_rd_2500_cal_100_v_10_fric_025.odb
1020_2a_16_rd_2500_cal_100_v_10_fric_050,V:/Wire_drawing/2026/odb/Vel_10_updated/1020_2a_16_rd_2500_cal_100_v_10_fric_050.odb
1020_2a_16_rd_2500_cal_10_v_10_fric_0100,V:/Wire_drawing/2026/odb/Vel_10_updated/1020_2a_16_rd_2500_cal_10_v_10_fric_0100.odb
1020_2a_16_rd_2500_cal_10_v_10_fric_025,V:/Wire_drawing/2026/odb/Vel_10_updated/1020_2a_16_rd_2500_cal_10_v_10_fric_025.odb
1020_2a_16_rd_2500_cal_10_v_10_fric_050,V:/Wire_drawing/2026/odb/Vel_10_updated/1020_2a_16_rd_2500_cal_10_v_10_fric_050.odb
1020_2a_16_rd_2500_cal_30_v_10_fric_0100,V:/Wire_drawing/2026/odb/Vel_10_updated/1020_2a_16_rd_2500_cal_30_v_10_fric_0100.odb
1020_2a_16_rd_2500_cal_30_v_10_fric_025,V:/Wire_drawing/2026/odb/Vel_10_updated/1020_2a_16_rd_2500_cal_30_v_10_fric_025.odb
1020_2a_16_rd_2500_cal_30_v_10_fric_050,V:/Wire_drawing/2026/odb/Vel_10_updated/1020_2a_16_rd_2500_cal_30_v_10_fric_050.odb
1020_2a_16_rd_2500_cal_50_v_10_fric_0100,V:/Wire_drawing/2026/odb/Vel_10_updated/1020_2a_16_rd_2500_cal_50_v_10_fric_0100.odb
1020_2a_16_rd_2500_cal_50_v_10_fric_025,V:/Wire_drawing/2026/odb/Vel_10_updated/1020_2a_16_rd_2500_cal_50_v_10_fric_025.odb
1020_2a_16_rd_2500_cal_50_v_10_fric_050,V:/Wire_drawing/2026/odb/Vel_10_updated/1020_2a_16_rd_2500_cal_50_v_10_fric_050.odb
1020_2a_16_rd_2500_cal_75_v_10_fric_025,V:/Wire_drawing/2026/odb/Vel_10_updated/1020_2a_16_rd_2500_cal_75_v_10_fric_025.odb
1020_2a_16_rd_2500_cal_75_v_10_fric_050,V:/Wire_drawing/2026/odb/Vel_10_updated/1020_2a_16_rd_2500_cal_75_v_10_fric_050.odb
1020_2a_16_rd_250_cal_0_v_10_fric_0100,V:/Wire_drawing/2026/odb/Vel_10_updated/1020_2a_16_rd_250_cal_0_v_10_fric_0100.odb
1020_2a_16_rd_250_cal_0_v_10_fric_025,V:/Wire_drawing/2026/odb/Vel_10_updated/1020_2a_16_rd_250_cal_0_v_10_fric_025.odb
1020_2a_16_rd_250_cal_0_v_10_fric_050,V:/Wire_drawing/2026/odb/Vel_10_updated/1020_2a_16_rd_250_cal_0_v_10_fric_050.odb
1020_2a_16_rd_250_cal_100_v_10_fric_025,V:/Wire_drawing/2026/odb/Vel_10_updated/1020_2a_16_rd_250_cal_100_v_10_fric_025.odb
1020_2a_16_rd_250_cal_100_v_10_fric_050,V:/Wire_drawing/2026/odb/Vel_10_updated/1020_2a_16_rd_250_cal_100_v_10_fric_050.odb
1020_2a_16_rd_250_cal_10_v_10_fric_0100,V:/Wire_drawing/2026/odb/Vel_10_updated/1020_2a_16_rd_250_cal_10_v_10_fric_0100.odb
1020_2a_16_rd_250_cal_10_v_10_fric_025,V:/Wire_drawing/2026/odb/Vel_10_updated/1020_2a_16_rd_250_cal_10_v_10_fric_025.odb
1020_2a_16_rd_250_cal_10_v_10_fric_050,V:/Wire_drawing/2026/odb/Vel_10_updated/1020_2a_16_rd_250_cal_10_v_10_fric_050.odb
1020_2a_16_rd_250_cal_30_v_10_fric_0100,V:/Wire_drawing/2026/odb/Vel_10_updated/1020_2a_16_rd_250_cal_30_v_10_fric_0100.odb
1020_2a_16_rd_250_cal_30_v_10_fric_025,V:/Wire_drawing/2026/odb/Vel_10_updated/1020_2a_16_rd_250_cal_30_v_10_fric_025.odb
1020_2a_16_rd_250_cal_30_v_10_fric_050,V:/Wire_drawing/2026/odb/Vel_10_updated/1020_2a_16_rd_250_cal_30_v_10_fric_050.odb
1020_2a_16_rd_250_cal_50_v_10_fric_0100,V:/Wire_drawing/2026/odb/Vel_10_updated/1020_2a_16_rd_250_cal_50_v_10_fric_0100.odb
1020_2a_16_rd_250_cal_50_v_10_fric_025,V:/Wire_drawing/2026/odb/Vel_10_updated/1020_2a_16_rd_250_cal_50_v_10_fric_025.odb
1020_2a_16_rd_250_cal_50_v_10_fric_050,V:/Wire_drawing/2026/odb/Vel_10_updated/1020_2a_16_rd_250_cal_50_v_10_fric_050.odb
1020_2a_16_rd_250_cal_75_v_10_fric_0100,V:/Wire_drawing/2026/odb/Vel_10_updated/1020_2a_16_rd_250_cal_75_v_10_fric_0100.odb
1020_2a_16_rd_250_cal_75_v_10_fric_025,V:/Wire_drawing/2026/odb/Vel_10_updated/1020_2a_16_rd_250_cal_75_v_10_fric_025.odb
1020_2a_16_rd_250_cal_75_v_10_fric_050,V:/Wire_drawing/2026/odb/Vel_10_updated/1020_2a_16_rd_250_cal_75_v_10_fric_050.odb
1020_2a_16_rd_500_cal_0_v_10_fric_0100,V:/Wire_drawing/2026/odb/Vel_10_updated/1020_2a_16_rd_500_cal_0_v_10_fric_0100.odb
1020_2a_16_rd_500_cal_0_v_10_fric_025,V:/Wire_drawing/2026/odb/Vel_10_updated/1020_2a_16_rd_500_cal_0_v_10_fric_025.odb
1020_2a_16_rd_500_cal_0_v_10_fric_050,V:/Wire_drawing/2026/odb/Vel_10_updated/1020_2a_16_rd_500_cal_0_v_10_fric_050.odb
1020_2a_16_rd_500_cal_100_v_10_fric_0100,V:/Wire_drawing/2026/odb/Vel_10_updated/1020_2a_16_rd_500_cal_100_v_10_fric_0100.odb
1020_2a_16_rd_500_cal_100_v_10_fric_025,V:/Wire_drawing/2026/odb/Vel_10_updated/1020_2a_16_rd_500_cal_100_v_10_fric_025.odb
1020_2a_16_rd_500_cal_100_v_10_fric_050,V:/Wire_drawing/2026/odb/Vel_10_updated/1020_2a_16_rd_500_cal_100_v_10_fric_050.odb
1020_2a_16_rd_500_cal_10_v_10_fric_0100,V:/Wire_drawing/2026/odb/Vel_10_updated/1020_2a_16_rd_500_cal_10_v_10_fric_0100.odb
1020_2a_16_rd_500_cal_10_v_10_fric_025,V:/Wire_drawing/2026/odb/Vel_10_updated/1020_2a_16_rd_500_cal_10_v_10_fric_025.odb
1020_2a_16_rd_500_cal_10_v_10_fric_050,V:/Wire_drawing/2026/odb/Vel_10_updated/1020_2a_16_rd_500_cal_10_v_10_fric_050.odb
1020_2a_16_rd_500_cal_30_v_10_fric_0100,V:/Wire_drawing/2026/odb/Vel_10_updated/1020_2a_16_rd_500_cal_30_v_10_fric_0100.odb
1020_2a_16_rd_500_cal_30_v_10_fric_025,V:/Wire_drawing/2026/odb/Vel_10_updated/1020_2a_16_rd_500_cal_30_v_10_fric_025.odb
1020_2a_16_rd_500_cal_30_v_10_fric_050,V:/Wire_drawing/2026/odb/Vel_10_updated/1020_2a_16_rd_500_cal_30_v_10_fric_050.odb
1020_2a_16_rd_500_cal_50_v_10_fric_0100,V:/Wire_drawing/2026/odb/Vel_10_updated/1020_2a_16_rd_500_cal_50_v_10_fric_0100.odb
1020_2a_16_rd_500_cal_50_v_10_fric_025,V:/Wire_drawing/2026/odb/Vel_10_updated/1020_2a_16_rd_500_cal_50_v_10_fric_025.odb
1020_2a_16_rd_500_cal_50_v_10_fric_050,V:/Wire_drawing/2026/odb/Vel_10_updated/1020_2a_16_rd_500_cal_50_v_10_fric_050.odb
1020_2a_16_rd_500_cal_75_v_10_fric_0100,V:/Wire_drawing/2026/odb/Vel_10_updated/1020_2a_16_rd_500_cal_75_v_10_fric_0100.odb
1020_2a_16_rd_500_cal_75_v_10_fric_025,V:/Wire_drawing/2026/odb/Vel_10_updated/1020_2a_16_rd_500_cal_75_v_10_fric_025.odb
1020_2a_16_rd_500_cal_75_v_10_fric_050,V:/Wire_drawing/2026/odb/Vel_10_updated/1020_2a_16_rd_500_cal_75_v_10_fric_050.odb
1020_2a_24_rd_1000_cal_0_v_10_fric_0100,V:/Wire_drawing/2026/odb/Vel_10_updated/1020_2a_24_rd_1000_cal_0_v_10_fric_0100.odb
1020_2a_24_rd_1000_cal_0_v_10_fric_025,V:/Wire_drawing/2026/odb/Vel_10_updated/1020_2a_24_rd_1000_cal_0_v_10_fric_025.odb
1020_2a_24_rd_1000_cal_0_v_10_fric_050,V:/Wire_drawing/2026/odb/Vel_10_updated/1020_2a_24_rd_1000_cal_0_v_10_fric_050.odb
1020_2a_24_rd_1000_cal_100_v_10_fric_0100,V:/Wire_drawing/2026/odb/Vel_10_updated/1020_2a_24_rd_1000_cal_100_v_10_fric_0100.odb
1020_2a_24_rd_1000_cal_100_v_10_fric_025,V:/Wire_drawing/2026/odb/Vel_10_updated/1020_2a_24_rd_1000_cal_100_v_10_fric_025.odb
1020_2a_24_rd_1000_cal_100_v_10_fric_050,V:/Wire_drawing/2026/odb/Vel_10_updated/1020_2a_24_rd_1000_cal_100_v_10_fric_050.odb
1020_2a_24_rd_1000_cal_10_v_10_fric_0100,V:/Wire_drawing/2026/odb/Vel_10_updated/1020_2a_24_rd_1000_cal_10_v_10_fric_0100.odb
1020_2a_24_rd_1000_cal_10_v_10_fric_025,V:/Wire_drawing/2026/odb/Vel_10_updated/1020_2a_24_rd_1000_cal_10_v_10_fric_025.odb
1020_2a_24_rd_1000_cal_10_v_10_fric_050,V:/Wire_drawing/2026/odb/Vel_10_updated/1020_2a_24_rd_1000_cal_10_v_10_fric_050.odb
1020_2a_24_rd_1000_cal_30_v_10_fric_0100,V:/Wire_drawing/2026/odb/Vel_10_updated/1020_2a_24_rd_1000_cal_30_v_10_fric_0100.odb
1020_2a_24_rd_1000_cal_30_v_10_fric_025,V:/Wire_drawing/2026/odb/Vel_10_updated/1020_2a_24_rd_1000_cal_30_v_10_fric_025.odb
1020_2a_24_rd_1000_cal_30_v_10_fric_050,V:/Wire_drawing/2026/odb/Vel_10_updated/1020_2a_24_rd_1000_cal_30_v_10_fric_050.odb
1020_2a_24_rd_1000_cal_50_v_10_fric_0100,V:/Wire_drawing/2026/odb/Vel_10_updated/1020_2a_24_rd_1000_cal_50_v_10_fric_0100.odb
1020_2a_24_rd_1000_cal_50_v_10_fric_025,V:/Wire_drawing/2026/odb/Vel_10_updated/1020_2a_24_rd_1000_cal_50_v_10_fric_025.odb
1020_2a_24_rd_1000_cal_50_v_10_fric_050,V:/Wire_drawing/2026/odb/Vel_10_updated/1020_2a_24_rd_1000_cal_50_v_10_fric_050.odb
1020_2a_24_rd_1000_cal_75_v_10_fric_0100,V:/Wire_drawing/2026/odb/Vel_10_updated/1020_2a_24_rd_1000_cal_75_v_10_fric_0100.odb
1020_2a_24_rd_1000_cal_75_v_10_fric_025,V:/Wire_drawing/2026/odb/Vel_10_updated/1020_2a_24_rd_1000_cal_75_v_10_fric_025.odb
1020_2a_24_rd_1000_cal_75_v_10_fric_050,V:/Wire_drawing/2026/odb/Vel_10_updated/1020_2a_24_rd_1000_cal_75_v_10_fric_050.odb
1020_2a_24_rd_1500_cal_0_v_10_fric_0100,V:/Wire_drawing/2026/odb/Vel_10_updated/1020_2a_24_rd_1500_cal_0_v_10_fric_0100.odb
1020_2a_24_rd_1500_cal_0_v_10_fric_025,V:/Wire_drawing/2026/odb/Vel_10_updated/1020_2a_24_rd_1500_cal_0_v_10_fric_025.odb
1020_2a_24_rd_1500_cal_0_v_10_fric_050,V:/Wire_drawing/2026/odb/Vel_10_updated/1020_2a_24_rd_1500_cal_0_v_10_fric_050.odb
1020_2a_24_rd_1500_cal_100_v_10_fric_0100,V:/Wire_drawing/2026/odb/Vel_10_updated/1020_2a_24_rd_1500_cal_100_v_10_fric_0100.odb
1020_2a_24_rd_1500_cal_100_v_10_fric_025,V:/Wire_drawing/2026/odb/Vel_10_updated/1020_2a_24_rd_1500_cal_100_v_10_fric_025.odb
1020_2a_24_rd_1500_cal_100_v_10_fric_050,V:/Wire_drawing/2026/odb/Vel_10_updated/1020_2a_24_rd_1500_cal_100_v_10_fric_050.odb
1020_2a_24_rd_1500_cal_10_v_10_fric_0100,V:/Wire_drawing/2026/odb/Vel_10_updated/1020_2a_24_rd_1500_cal_10_v_10_fric_0100.odb
1020_2a_24_rd_1500_cal_10_v_10_fric_025,V:/Wire_drawing/2026/odb/Vel_10_updated/1020_2a_24_rd_1500_cal_10_v_10_fric_025.odb
1020_2a_24_rd_1500_cal_10_v_10_fric_050,V:/Wire_drawing/2026/odb/Vel_10_updated/1020_2a_24_rd_1500_cal_10_v_10_fric_050.odb
1020_2a_24_rd_1500_cal_30_v_10_fric_0100,V:/Wire_drawing/2026/odb/Vel_10_updated/1020_2a_24_rd_1500_cal_30_v_10_fric_0100.odb
1020_2a_24_rd_1500_cal_30_v_10_fric_025,V:/Wire_drawing/2026/odb/Vel_10_updated/1020_2a_24_rd_1500_cal_30_v_10_fric_025.odb
1020_2a_24_rd_1500_cal_30_v_10_fric_050,V:/Wire_drawing/2026/odb/Vel_10_updated/1020_2a_24_rd_1500_cal_30_v_10_fric_050.odb
1020_2a_24_rd_1500_cal_50_v_10_fric_0100,V:/Wire_drawing/2026/odb/Vel_10_updated/1020_2a_24_rd_1500_cal_50_v_10_fric_0100.odb
1020_2a_24_rd_1500_cal_50_v_10_fric_025,V:/Wire_drawing/2026/odb/Vel_10_updated/1020_2a_24_rd_1500_cal_50_v_10_fric_025.odb
1020_2a_24_rd_1500_cal_50_v_10_fric_050,V:/Wire_drawing/2026/odb/Vel_10_updated/1020_2a_24_rd_1500_cal_50_v_10_fric_050.odb
1020_2a_24_rd_1500_cal_75_v_10_fric_0100,V:/Wire_drawing/2026/odb/Vel_10_updated/1020_2a_24_rd_1500_cal_75_v_10_fric_0100.odb
1020_2a_24_rd_1500_cal_75_v_10_fric_025,V:/Wire_drawing/2026/odb/Vel_10_updated/1020_2a_24_rd_1500_cal_75_v_10_fric_025.odb
1020_2a_24_rd_1500_cal_75_v_10_fric_050,V:/Wire_drawing/2026/odb/Vel_10_updated/1020_2a_24_rd_1500_cal_75_v_10_fric_050.odb
1020_2a_24_rd_150_cal_0_v_10_fric_0100,V:/Wire_drawing/2026/odb/Vel_10_updated/1020_2a_24_rd_150_cal_0_v_10_fric_0100.odb
1020_2a_24_rd_150_cal_0_v_10_fric_025,V:/Wire_drawing/2026/odb/Vel_10_updated/1020_2a_24_rd_150_cal_0_v_10_fric_025.odb
1020_2a_24_rd_150_cal_0_v_10_fric_050,V:/Wire_drawing/2026/odb/Vel_10_updated/1020_2a_24_rd_150_cal_0_v_10_fric_050.odb
1020_2a_24_rd_150_cal_100_v_10_fric_0100,V:/Wire_drawing/2026/odb/Vel_10_updated/1020_2a_24_rd_150_cal_100_v_10_fric_0100.odb
1020_2a_24_rd_150_cal_100_v_10_fric_025,V:/Wire_drawing/2026/odb/Vel_10_updated/1020_2a_24_rd_150_cal_100_v_10_fric_025.odb
1020_2a_24_rd_150_cal_100_v_10_fric_050,V:/Wire_drawing/2026/odb/Vel_10_updated/1020_2a_24_rd_150_cal_100_v_10_fric_050.odb
1020_2a_24_rd_150_cal_10_v_10_fric_0100,V:/Wire_drawing/2026/odb/Vel_10_updated/1020_2a_24_rd_150_cal_10_v_10_fric_0100.odb
1020_2a_24_rd_150_cal_10_v_10_fric_025,V:/Wire_drawing/2026/odb/Vel_10_updated/1020_2a_24_rd_150_cal_10_v_10_fric_025.odb
1020_2a_24_rd_150_cal_10_v_10_fric_050,V:/Wire_drawing/2026/odb/Vel_10_updated/1020_2a_24_rd_150_cal_10_v_10_fric_050.odb
1020_2a_24_rd_150_cal_30_v_10_fric_0100,V:/Wire_drawing/2026/odb/Vel_10_updated/1020_2a_24_rd_150_cal_30_v_10_fric_0100.odb
1020_2a_24_rd_150_cal_30_v_10_fric_025,V:/Wire_drawing/2026/odb/Vel_10_updated/1020_2a_24_rd_150_cal_30_v_10_fric_025.odb
1020_2a_24_rd_150_cal_30_v_10_fric_050,V:/Wire_drawing/2026/odb/Vel_10_updated/1020_2a_24_rd_150_cal_30_v_10_fric_050.odb
1020_2a_24_rd_150_cal_50_v_10_fric_0100,V:/Wire_drawing/2026/odb/Vel_10_updated/1020_2a_24_rd_150_cal_50_v_10_fric_0100.odb
1020_2a_24_rd_150_cal_50_v_10_fric_025,V:/Wire_drawing/2026/odb/Vel_10_updated/1020_2a_24_rd_150_cal_50_v_10_fric_025.odb
1020_2a_24_rd_150_cal_50_v_10_fric_050,V:/Wire_drawing/2026/odb/Vel_10_updated/1020_2a_24_rd_150_cal_50_v_10_fric_050.odb
1020_2a_24_rd_150_cal_75_v_10_fric_0100,V:/Wire_drawing/2026/odb/Vel_10_updated/1020_2a_24_rd_150_cal_75_v_10_fric_0100.odb
1020_2a_24_rd_150_cal_75_v_10_fric_025,V:/Wire_drawing/2026/odb/Vel_10_updated/1020_2a_24_rd_150_cal_75_v_10_fric_025.odb
1020_2a_24_rd_150_cal_75_v_10_fric_050,V:/Wire_drawing/2026/odb/Vel_10_updated/1020_2a_24_rd_150_cal_75_v_10_fric_050.odb
1020_2a_24_rd_2000_cal_0_v_10_fric_0100,V:/Wire_drawing/2026/odb/Vel_10_updated/1020_2a_24_rd_2000_cal_0_v_10_fric_0100.odb
1020_2a_24_rd_2000_cal_0_v_10_fric_025,V:/Wire_drawing/2026/odb/Vel_10_updated/1020_2a_24_rd_2000_cal_0_v_10_fric_025.odb
1020_2a_24_rd_2000_cal_0_v_10_fric_050,V:/Wire_drawing/2026/odb/Vel_10_updated/1020_2a_24_rd_2000_cal_0_v_10_fric_050.odb
1020_2a_24_rd_2000_cal_100_v_10_fric_0100,V:/Wire_drawing/2026/odb/Vel_10_updated/1020_2a_24_rd_2000_cal_100_v_10_fric_0100.odb
1020_2a_24_rd_2000_cal_100_v_10_fric_025,V:/Wire_drawing/2026/odb/Vel_10_updated/1020_2a_24_rd_2000_cal_100_v_10_fric_025.odb
1020_2a_24_rd_2000_cal_100_v_10_fric_050,V:/Wire_drawing/2026/odb/Vel_10_updated/1020_2a_24_rd_2000_cal_100_v_10_fric_050.odb
1020_2a_24_rd_2000_cal_10_v_10_fric_0100,V:/Wire_drawing/2026/odb/Vel_10_updated/1020_2a_24_rd_2000_cal_10_v_10_fric_0100.odb
1020_2a_24_rd_2000_cal_10_v_10_fric_025,V:/Wire_drawing/2026/odb/Vel_10_updated/1020_2a_24_rd_2000_cal_10_v_10_fric_025.odb
1020_2a_24_rd_2000_cal_10_v_10_fric_050,V:/Wire_drawing/2026/odb/Vel_10_updated/1020_2a_24_rd_2000_cal_10_v_10_fric_050.odb
1020_2a_24_rd_2000_cal_30_v_10_fric_0100,V:/Wire_drawing/2026/odb/Vel_10_updated/1020_2a_24_rd_2000_cal_30_v_10_fric_0100.odb
1020_2a_24_rd_2000_cal_30_v_10_fric_025,V:/Wire_drawing/2026/odb/Vel_10_updated/1020_2a_24_rd_2000_cal_30_v_10_fric_025.odb
1020_2a_24_rd_2000_cal_30_v_10_fric_050,V:/Wire_drawing/2026/odb/Vel_10_updated/1020_2a_24_rd_2000_cal_30_v_10_fric_050.odb
1020_2a_24_rd_2000_cal_50_v_10_fric_0100,V:/Wire_drawing/2026/odb/Vel_10_updated/1020_2a_24_rd_2000_cal_50_v_10_fric_0100.odb
1020_2a_24_rd_2000_cal_50_v_10_fric_025,V:/Wire_drawing/2026/odb/Vel_10_updated/1020_2a_24_rd_2000_cal_50_v_10_fric_025.odb
1020_2a_24_rd_2000_cal_50_v_10_fric_050,V:/Wire_drawing/2026/odb/Vel_10_updated/1020_2a_24_rd_2000_cal_50_v_10_fric_050.odb
1020_2a_24_rd_2000_cal_75_v_10_fric_0100,V:/Wire_drawing/2026/odb/1020_2a_24_rd_2000_cal_75_v_10_fric_0100.odb
1020_2a_24_rd_2000_cal_75_v_10_fric_025,V:/Wire_drawing/2026/odb/1020_2a_24_rd_2000_cal_75_v_10_fric_025.odb
1020_2a_24_rd_2000_cal_75_v_10_fric_050,V:/Wire_drawing/2026/odb/1020_2a_24_rd_2000_cal_75_v_10_fric_050.odb
1020_2a_24_rd_2500_cal_0_v_10_fric_0100,V:/Wire_drawing/2026/odb/1020_2a_24_rd_2500_cal_0_v_10_fric_0100.odb
1020_2a_24_rd_2500_cal_0_v_10_fric_025,V:/Wire_drawing/2026/odb/1020_2a_24_rd_2500_cal_0_v_10_fric_025.odb
1020_2a_24_rd_2500_cal_0_v_10_fric_050,V:/Wire_drawing/2026/odb/1020_2a_24_rd_2500_cal_0_v_10_fric_050.odb
1020_2a_24_rd_2500_cal_100_v_10_fric_0100,V:/Wire_drawing/2026/odb/1020_2a_24_rd_2500_cal_100_v_10_fric_0100.odb
1020_2a_24_rd_2500_cal_100_v_10_fric_025,V:/Wire_drawing/2026/odb/1020_2a_24_rd_2500_cal_100_v_10_fric_025.odb
1020_2a_24_rd_2500_cal_100_v_10_fric_050,V:/Wire_drawing/2026/odb/1020_2a_24_rd_2500_cal_100_v_10_fric_050.odb
1020_2a_24_rd_2500_cal_10_v_10_fric_0100,V:/Wire_drawing/2026/odb/1020_2a_24_rd_2500_cal_10_v_10_fric_0100.odb
1020_2a_24_rd_2500_cal_10_v_10_fric_025,V:/Wire_drawing/2026/odb/1020_2a_24_rd_2500_cal_10_v_10_fric_025.odb
1020_2a_24_rd_2500_cal_10_v_10_fric_050,V:/Wire_drawing/2026/odb/1020_2a_24_rd_2500_cal_10_v_10_fric_050.odb
1020_2a_24_rd_2500_cal_30_v_10_fric_0100,V:/Wire_drawing/2026/odb/1020_2a_24_rd_2500_cal_30_v_10_fric_0100.odb
1020_2a_24_rd_2500_cal_30_v_10_fric_025,V:/Wire_drawing/2026/odb/1020_2a_24_rd_2500_cal_30_v_10_fric_025.odb
1020_2a_24_rd_2500_cal_30_v_10_fric_050,V:/Wire_drawing/2026/odb/1020_2a_24_rd_2500_cal_30_v_10_fric_050.odb
1020_2a_24_rd_2500_cal_50_v_10_fric_0100,V:/Wire_drawing/2026/odb/1020_2a_24_rd_2500_cal_50_v_10_fric_0100.odb
1020_2a_24_rd_2500_cal_50_v_10_fric_025,V:/Wire_drawing/2026/odb/1020_2a_24_rd_2500_cal_50_v_10_fric_025.odb
1020_2a_24_rd_2500_cal_50_v_10_fric_050,V:/Wire_drawing/2026/odb/1020_2a_24_rd_2500_cal_50_v_10_fric_050.odb
1020_2a_24_rd_2500_cal_75_v_10_fric_0100,V:/Wire_drawing/2026/odb/1020_2a_24_rd_2500_cal_75_v_10_fric_0100.odb
1020_2a_24_rd_2500_cal_75_v_10_fric_025,V:/Wire_drawing/2026/odb/1020_2a_24_rd_2500_cal_75_v_10_fric_025.odb
1020_2a_24_rd_2500_cal_75_v_10_fric_050,V:/Wire_drawing/2026/odb/1020_2a_24_rd_2500_cal_75_v_10_fric_050.odb
1020_2a_24_rd_250_cal_0_v_10_fric_0100,V:/Wire_drawing/2026/odb/1020_2a_24_rd_250_cal_0_v_10_fric_0100.odb
1020_2a_24_rd_250_cal_0_v_10_fric_025,V:/Wire_drawing/2026/odb/1020_2a_24_rd_250_cal_0_v_10_fric_025.odb
1020_2a_24_rd_250_cal_0_v_10_fric_050,V:/Wire_drawing/2026/odb/1020_2a_24_rd_250_cal_0_v_10_fric_050.odb
1020_2a_24_rd_250_cal_100_v_10_fric_0100,V:/Wire_drawing/2026/odb/1020_2a_24_rd_250_cal_100_v_10_fric_0100.odb
1020_2a_24_rd_250_cal_100_v_10_fric_025,V:/Wire_drawing/2026/odb/1020_2a_24_rd_250_cal_100_v_10_fric_025.odb
1020_2a_24_rd_250_cal_100_v_10_fric_050,V:/Wire_drawing/2026/odb/1020_2a_24_rd_250_cal_100_v_10_fric_050.odb
1020_2a_24_rd_250_cal_10_v_10_fric_0100,V:/Wire_drawing/2026/odb/1020_2a_24_rd_250_cal_10_v_10_fric_0100.odb
1020_2a_24_rd_250_cal_10_v_10_fric_025,V:/Wire_drawing/2026/odb/1020_2a_24_rd_250_cal_10_v_10_fric_025.odb
1020_2a_24_rd_250_cal_10_v_10_fric_050,V:/Wire_drawing/2026/odb/1020_2a_24_rd_250_cal_10_v_10_fric_050.odb
1020_2a_24_rd_250_cal_30_v_10_fric_0100,V:/Wire_drawing/2026/odb/1020_2a_24_rd_250_cal_30_v_10_fric_0100.odb
1020_2a_24_rd_250_cal_30_v_10_fric_025,V:/Wire_drawing/2026/odb/1020_2a_24_rd_250_cal_30_v_10_fric_025.odb
1020_2a_24_rd_250_cal_30_v_10_fric_050,V:/Wire_drawing/2026/odb/1020_2a_24_rd_250_cal_30_v_10_fric_050.odb
1020_2a_24_rd_250_cal_50_v_10_fric_0100,V:/Wire_drawing/2026/odb/1020_2a_24_rd_250_cal_50_v_10_fric_0100.odb
1020_2a_24_rd_250_cal_50_v_10_fric_025,V:/Wire_drawing/2026/odb/1020_2a_24_rd_250_cal_50_v_10_fric_025.odb
1020_2a_24_rd_250_cal_50_v_10_fric_050,V:/Wire_drawing/2026/odb/1020_2a_24_rd_250_cal_50_v_10_fric_050.odb
1020_2a_24_rd_250_cal_75_v_10_fric_0100,V:/Wire_drawing/2026/odb/1020_2a_24_rd_250_cal_75_v_10_fric_0100.odb
1020_2a_24_rd_250_cal_75_v_10_fric_025,V:/Wire_drawing/2026/odb/1020_2a_24_rd_250_cal_75_v_10_fric_025.odb
1020_2a_24_rd_250_cal_75_v_10_fric_050,V:/Wire_drawing/2026/odb/1020_2a_24_rd_250_cal_75_v_10_fric_050.odb
1020_2a_24_rd_500_cal_0_v_10_fric_0100,V:/Wire_drawing/2026/odb/1020_2a_24_rd_500_cal_0_v_10_fric_0100.odb
1020_2a_24_rd_500_cal_0_v_10_fric_025,V:/Wire_drawing/2026/odb/1020_2a_24_rd_500_cal_0_v_10_fric_025.odb
1020_2a_24_rd_500_cal_0_v_10_fric_050,V:/Wire_drawing/2026/odb/1020_2a_24_rd_500_cal_0_v_10_fric_050.odb
1020_2a_24_rd_500_cal_100_v_10_fric_0100,V:/Wire_drawing/2026/odb/1020_2a_24_rd_500_cal_100_v_10_fric_0100.odb
1020_2a_24_rd_500_cal_100_v_10_fric_025,V:/Wire_drawing/2026/odb/1020_2a_24_rd_500_cal_100_v_10_fric_025.odb
1020_2a_24_rd_500_cal_100_v_10_fric_050,V:/Wire_drawing/2026/odb/1020_2a_24_rd_500_cal_100_v_10_fric_050.odb
1020_2a_24_rd_500_cal_10_v_10_fric_0100,V:/Wire_drawing/2026/odb/1020_2a_24_rd_500_cal_10_v_10_fric_0100.odb
1020_2a_24_rd_500_cal_10_v_10_fric_025,V:/Wire_drawing/2026/odb/1020_2a_24_rd_500_cal_10_v_10_fric_025.odb
1020_2a_24_rd_500_cal_10_v_10_fric_050,V:/Wire_drawing/2026/odb/1020_2a_24_rd_500_cal_10_v_10_fric_050.odb
1020_2a_24_rd_500_cal_30_v_10_fric_0100,V:/Wire_drawing/2026/odb/1020_2a_24_rd_500_cal_30_v_10_fric_0100.odb
1020_2a_24_rd_500_cal_30_v_10_fric_025,V:/Wire_drawing/2026/odb/1020_2a_24_rd_500_cal_30_v_10_fric_025.odb
1020_2a_24_rd_500_cal_30_v_10_fric_050,V:/Wire_drawing/2026/odb/1020_2a_24_rd_500_cal_30_v_10_fric_050.odb
1020_2a_24_rd_500_cal_50_v_10_fric_0100,V:/Wire_drawing/2026/odb/1020_2a_24_rd_500_cal_50_v_10_fric_0100.odb
1020_2a_24_rd_500_cal_50_v_10_fric_025,V:/Wire_drawing/2026/odb/1020_2a_24_rd_500_cal_50_v_10_fric_025.odb
1020_2a_24_rd_500_cal_50_v_10_fric_050,V:/Wire_drawing/2026/odb/1020_2a_24_rd_500_cal_50_v_10_fric_050.odb
1020_2a_24_rd_500_cal_75_v_10_fric_0100,V:/Wire_drawing/2026/odb/1020_2a_24_rd_500_cal_75_v_10_fric_0100.odb
1020_2a_24_rd_500_cal_75_v_10_fric_025,V:/Wire_drawing/2026/odb/1020_2a_24_rd_500_cal_75_v_10_fric_025.odb
1020_2a_24_rd_500_cal_75_v_10_fric_050,V:/Wire_drawing/2026/odb/1020_2a_24_rd_500_cal_75_v_10_fric_050.odb
1020_2a_32_rd_1000_cal_0_v_10_fric_0100,V:/Wire_drawing/2026/odb/1020_2a_32_rd_1000_cal_0_v_10_fric_0100.odb
1020_2a_32_rd_1000_cal_0_v_10_fric_025,V:/Wire_drawing/2026/odb/1020_2a_32_rd_1000_cal_0_v_10_fric_025.odb
1020_2a_32_rd_1000_cal_0_v_10_fric_050,V:/Wire_drawing/2026/odb/1020_2a_32_rd_1000_cal_0_v_10_fric_050.odb
1020_2a_32_rd_1000_cal_100_v_10_fric_0100,V:/Wire_drawing/2026/odb/1020_2a_32_rd_1000_cal_100_v_10_fric_0100.odb
1020_2a_32_rd_1000_cal_100_v_10_fric_025,V:/Wire_drawing/2026/odb/1020_2a_32_rd_1000_cal_100_v_10_fric_025.odb
1020_2a_32_rd_1000_cal_100_v_10_fric_050,V:/Wire_drawing/2026/odb/1020_2a_32_rd_1000_cal_100_v_10_fric_050.odb
1020_2a_32_rd_1000_cal_10_v_10_fric_0100,V:/Wire_drawing/2026/odb/1020_2a_32_rd_1000_cal_10_v_10_fric_0100.odb
1020_2a_32_rd_1000_cal_10_v_10_fric_025,V:/Wire_drawing/2026/odb/1020_2a_32_rd_1000_cal_10_v_10_fric_025.odb
1020_2a_32_rd_1000_cal_10_v_10_fric_050,V:/Wire_drawing/2026/odb/1020_2a_32_rd_1000_cal_10_v_10_fric_050.odb
1020_2a_32_rd_1000_cal_30_v_10_fric_0100,V:/Wire_drawing/2026/odb/1020_2a_32_rd_1000_cal_30_v_10_fric_0100.odb
1020_2a_32_rd_1000_cal_30_v_10_fric_025,V:/Wire_drawing/2026/odb/1020_2a_32_rd_1000_cal_30_v_10_fric_025.odb
1020_2a_32_rd_1000_cal_30_v_10_fric_050,V:/Wire_drawing/2026/odb/1020_2a_32_rd_1000_cal_30_v_10_fric_050.odb
1020_2a_32_rd_1000_cal_50_v_10_fric_0100,V:/Wire_drawing/2026/odb/1020_2a_32_rd_1000_cal_50_v_10_fric_0100.odb
1020_2a_32_rd_1000_cal_50_v_10_fric_025,V:/Wire_drawing/2026/odb/1020_2a_32_rd_1000_cal_50_v_10_fric_025.odb
1020_2a_32_rd_1000_cal_50_v_10_fric_050,V:/Wire_drawing/2026/odb/1020_2a_32_rd_1000_cal_50_v_10_fric_050.odb
1020_2a_32_rd_1000_cal_75_v_10_fric_0100,V:/Wire_drawing/2026/odb/1020_2a_32_rd_1000_cal_75_v_10_fric_0100.odb
1020_2a_32_rd_1000_cal_75_v_10_fric_025,V:/Wire_drawing/2026/odb/1020_2a_32_rd_1000_cal_75_v_10_fric_025.odb
1020_2a_32_rd_1000_cal_75_v_10_fric_050,V:/Wire_drawing/2026/odb/1020_2a_32_rd_1000_cal_75_v_10_fric_050.odb
1020_2a_32_rd_1500_cal_0_v_10_fric_0100,V:/Wire_drawing/2026/odb/1020_2a_32_rd_1500_cal_0_v_10_fric_0100.odb
1020_2a_32_rd_1500_cal_0_v_10_fric_025,V:/Wire_drawing/2026/odb/1020_2a_32_rd_1500_cal_0_v_10_fric_025.odb
1020_2a_32_rd_1500_cal_0_v_10_fric_050,V:/Wire_drawing/2026/odb/1020_2a_32_rd_1500_cal_0_v_10_fric_050.odb
1020_2a_32_rd_1500_cal_100_v_10_fric_0100,V:/Wire_drawing/2026/odb/1020_2a_32_rd_1500_cal_100_v_10_fric_0100.odb
1020_2a_32_rd_1500_cal_100_v_10_fric_025,V:/Wire_drawing/2026/odb/1020_2a_32_rd_1500_cal_100_v_10_fric_025.odb
1020_2a_32_rd_1500_cal_100_v_10_fric_050,V:/Wire_drawing/2026/odb/1020_2a_32_rd_1500_cal_100_v_10_fric_050.odb
1020_2a_32_rd_1500_cal_10_v_10_fric_0100,V:/Wire_drawing/2026/odb/1020_2a_32_rd_1500_cal_10_v_10_fric_0100.odb
1020_2a_32_rd_1500_cal_10_v_10_fric_025,V:/Wire_drawing/2026/odb/1020_2a_32_rd_1500_cal_10_v_10_fric_025.odb
1020_2a_32_rd_1500_cal_10_v_10_fric_050,V:/Wire_drawing/2026/odb/1020_2a_32_rd_1500_cal_10_v_10_fric_050.odb
1020_2a_32_rd_1500_cal_30_v_10_fric_0100,V:/Wire_drawing/2026/odb/1020_2a_32_rd_1500_cal_30_v_10_fric_0100.odb
1020_2a_32_rd_1500_cal_30_v_10_fric_025,V:/Wire_drawing/2026/odb/1020_2a_32_rd_1500_cal_30_v_10_fric_025.odb
1020_2a_32_rd_1500_cal_30_v_10_fric_050,V:/Wire_drawing/2026/odb/1020_2a_32_rd_1500_cal_30_v_10_fric_050.odb
1020_2a_32_rd_1500_cal_50_v_10_fric_0100,V:/Wire_drawing/2026/odb/1020_2a_32_rd_1500_cal_50_v_10_fric_0100.odb
1020_2a_32_rd_1500_cal_50_v_10_fric_025,V:/Wire_drawing/2026/odb/1020_2a_32_rd_1500_cal_50_v_10_fric_025.odb
1020_2a_32_rd_1500_cal_50_v_10_fric_050,V:/Wire_drawing/2026/odb/1020_2a_32_rd_1500_cal_50_v_10_fric_050.odb
1020_2a_32_rd_1500_cal_75_v_10_fric_0100,V:/Wire_drawing/2026/odb/1020_2a_32_rd_1500_cal_75_v_10_fric_0100.odb
1020_2a_32_rd_1500_cal_75_v_10_fric_025,V:/Wire_drawing/2026/odb/1020_2a_32_rd_1500_cal_75_v_10_fric_025.odb
1020_2a_32_rd_1500_cal_75_v_10_fric_050,V:/Wire_drawing/2026/odb/1020_2a_32_rd_1500_cal_75_v_10_fric_050.odb
1020_2a_32_rd_150_cal_0_v_10_fric_0100,V:/Wire_drawing/2026/odb/1020_2a_32_rd_150_cal_0_v_10_fric_0100.odb
1020_2a_32_rd_150_cal_0_v_10_fric_025,V:/Wire_drawing/2026/odb/1020_2a_32_rd_150_cal_0_v_10_fric_025.odb
1020_2a_32_rd_150_cal_0_v_10_fric_050,V:/Wire_drawing/2026/odb/1020_2a_32_rd_150_cal_0_v_10_fric_050.odb
1020_2a_32_rd_150_cal_100_v_10_fric_0100,V:/Wire_drawing/2026/odb/1020_2a_32_rd_150_cal_100_v_10_fric_0100.odb
1020_2a_32_rd_150_cal_100_v_10_fric_025,V:/Wire_drawing/2026/odb/1020_2a_32_rd_150_cal_100_v_10_fric_025.odb
1020_2a_32_rd_150_cal_100_v_10_fric_050,V:/Wire_drawing/2026/odb/1020_2a_32_rd_150_cal_100_v_10_fric_050.odb
1020_2a_32_rd_150_cal_10_v_10_fric_0100,V:/Wire_drawing/2026/odb/1020_2a_32_rd_150_cal_10_v_10_fric_0100.odb
1020_2a_32_rd_150_cal_10_v_10_fric_025,V:/Wire_drawing/2026/odb/1020_2a_32_rd_150_cal_10_v_10_fric_025.odb
1020_2a_32_rd_150_cal_10_v_10_fric_050,V:/Wire_drawing/2026/odb/1020_2a_32_rd_150_cal_10_v_10_fric_050.odb
1020_2a_32_rd_150_cal_30_v_10_fric_0100,V:/Wire_drawing/2026/odb/1020_2a_32_rd_150_cal_30_v_10_fric_0100.odb
1020_2a_32_rd_150_cal_30_v_10_fric_025,V:/Wire_drawing/2026/odb/1020_2a_32_rd_150_cal_30_v_10_fric_025.odb
1020_2a_32_rd_150_cal_30_v_10_fric_050,V:/Wire_drawing/2026/odb/1020_2a_32_rd_150_cal_30_v_10_fric_050.odb
1020_2a_32_rd_150_cal_50_v_10_fric_0100,V:/Wire_drawing/2026/odb/1020_2a_32_rd_150_cal_50_v_10_fric_0100.odb
1020_2a_32_rd_150_cal_50_v_10_fric_025,V:/Wire_drawing/2026/odb/1020_2a_32_rd_150_cal_50_v_10_fric_025.odb
1020_2a_32_rd_150_cal_50_v_10_fric_050,V:/Wire_drawing/2026/odb/1020_2a_32_rd_150_cal_50_v_10_fric_050.odb
1020_2a_32_rd_150_cal_75_v_10_fric_0100,V:/Wire_drawing/2026/odb/1020_2a_32_rd_150_cal_75_v_10_fric_0100.odb
1020_2a_32_rd_150_cal_75_v_10_fric_025,V:/Wire_drawing/2026/odb/1020_2a_32_rd_150_cal_75_v_10_fric_025.odb
1020_2a_32_rd_150_cal_75_v_10_fric_050,V:/Wire_drawing/2026/odb/1020_2a_32_rd_150_cal_75_v_10_fric_050.odb
1020_2a_32_rd_2000_cal_0_v_10_fric_0100,V:/Wire_drawing/2026/odb/1020_2a_32_rd_2000_cal_0_v_10_fric_0100.odb
1020_2a_32_rd_2000_cal_0_v_10_fric_025,V:/Wire_drawing/2026/odb/1020_2a_32_rd_2000_cal_0_v_10_fric_025.odb
1020_2a_32_rd_2000_cal_0_v_10_fric_050,V:/Wire_drawing/2026/odb/1020_2a_32_rd_2000_cal_0_v_10_fric_050.odb
1020_2a_32_rd_2000_cal_100_v_10_fric_0100,V:/Wire_drawing/2026/odb/1020_2a_32_rd_2000_cal_100_v_10_fric_0100.odb
1020_2a_32_rd_2000_cal_100_v_10_fric_025,V:/Wire_drawing/2026/odb/1020_2a_32_rd_2000_cal_100_v_10_fric_025.odb
1020_2a_32_rd_2000_cal_100_v_10_fric_050,V:/Wire_drawing/2026/odb/1020_2a_32_rd_2000_cal_100_v_10_fric_050.odb
1020_2a_32_rd_2000_cal_10_v_10_fric_0100,V:/Wire_drawing/2026/odb/1020_2a_32_rd_2000_cal_10_v_10_fric_0100.odb
1020_2a_32_rd_2000_cal_10_v_10_fric_025,V:/Wire_drawing/2026/odb/1020_2a_32_rd_2000_cal_10_v_10_fric_025.odb
1020_2a_32_rd_2000_cal_10_v_10_fric_050,V:/Wire_drawing/2026/odb/1020_2a_32_rd_2000_cal_10_v_10_fric_050.odb
1020_2a_32_rd_2000_cal_30_v_10_fric_0100,V:/Wire_drawing/2026/odb/1020_2a_32_rd_2000_cal_30_v_10_fric_0100.odb
1020_2a_32_rd_2000_cal_30_v_10_fric_025,V:/Wire_drawing/2026/odb/1020_2a_32_rd_2000_cal_30_v_10_fric_025.odb
1020_2a_32_rd_2000_cal_30_v_10_fric_050,V:/Wire_drawing/2026/odb/1020_2a_32_rd_2000_cal_30_v_10_fric_050.odb
1020_2a_32_rd_2000_cal_50_v_10_fric_0100,V:/Wire_drawing/2026/odb/1020_2a_32_rd_2000_cal_50_v_10_fric_0100.odb
1020_2a_32_rd_2000_cal_50_v_10_fric_025,V:/Wire_drawing/2026/odb/1020_2a_32_rd_2000_cal_50_v_10_fric_025.odb
1020_2a_32_rd_2000_cal_50_v_10_fric_050,V:/Wire_drawing/2026/odb/1020_2a_32_rd_2000_cal_50_v_10_fric_050.odb
1020_2a_32_rd_2000_cal_75_v_10_fric_0100,V:/Wire_drawing/2026/odb/1020_2a_32_rd_2000_cal_75_v_10_fric_0100.odb
1020_2a_32_rd_2000_cal_75_v_10_fric_025,V:/Wire_drawing/2026/odb/1020_2a_32_rd_2000_cal_75_v_10_fric_025.odb
1020_2a_32_rd_2000_cal_75_v_10_fric_050,V:/Wire_drawing/2026/odb/1020_2a_32_rd_2000_cal_75_v_10_fric_050.odb
1020_2a_32_rd_2500_cal_0_v_10_fric_0100,V:/Wire_drawing/2026/odb/1020_2a_32_rd_2500_cal_0_v_10_fric_0100.odb
1020_2a_32_rd_2500_cal_0_v_10_fric_025,V:/Wire_drawing/2026/odb/1020_2a_32_rd_2500_cal_0_v_10_fric_025.odb
1020_2a_32_rd_2500_cal_0_v_10_fric_050,V:/Wire_drawing/2026/odb/1020_2a_32_rd_2500_cal_0_v_10_fric_050.odb
1020_2a_32_rd_2500_cal_100_v_10_fric_025,V:/Wire_drawing/2026/odb/1020_2a_32_rd_2500_cal_100_v_10_fric_025.odb
1020_2a_32_rd_250_cal_0_v_10_fric_0100,V:/Wire_drawing/2026/odb/1020_2a_32_rd_250_cal_0_v_10_fric_0100.odb
1020_2a_32_rd_250_cal_0_v_10_fric_025,V:/Wire_drawing/2026/odb/1020_2a_32_rd_250_cal_0_v_10_fric_025.odb
1020_2a_32_rd_250_cal_0_v_10_fric_050,V:/Wire_drawing/2026/odb/1020_2a_32_rd_250_cal_0_v_10_fric_050.odb
1020_2a_32_rd_250_cal_100_v_10_fric_0100,V:/Wire_drawing/2026/odb/1020_2a_32_rd_250_cal_100_v_10_fric_0100.odb
1020_2a_32_rd_250_cal_100_v_10_fric_025,V:/Wire_drawing/2026/odb/1020_2a_32_rd_250_cal_100_v_10_fric_025.odb
1020_2a_32_rd_250_cal_100_v_10_fric_050,V:/Wire_drawing/2026/odb/1020_2a_32_rd_250_cal_100_v_10_fric_050.odb
1020_2a_32_rd_250_cal_10_v_10_fric_0100,V:/Wire_drawing/2026/odb/1020_2a_32_rd_250_cal_10_v_10_fric_0100.odb
1020_2a_32_rd_250_cal_10_v_10_fric_025,V:/Wire_drawing/2026/odb/1020_2a_32_rd_250_cal_10_v_10_fric_025.odb
1020_2a_32_rd_250_cal_10_v_10_fric_050,V:/Wire_drawing/2026/odb/1020_2a_32_rd_250_cal_10_v_10_fric_050.odb
1020_2a_32_rd_250_cal_30_v_10_fric_0100,V:/Wire_drawing/2026/odb/1020_2a_32_rd_250_cal_30_v_10_fric_0100.odb
1020_2a_32_rd_250_cal_30_v_10_fric_025,V:/Wire_drawing/2026/odb/1020_2a_32_rd_250_cal_30_v_10_fric_025.odb
1020_2a_32_rd_250_cal_30_v_10_fric_050,V:/Wire_drawing/2026/odb/1020_2a_32_rd_250_cal_30_v_10_fric_050.odb
1020_2a_32_rd_250_cal_50_v_10_fric_0100,V:/Wire_drawing/2026/odb/1020_2a_32_rd_250_cal_50_v_10_fric_0100.odb
1020_2a_32_rd_250_cal_50_v_10_fric_025,V:/Wire_drawing/2026/odb/1020_2a_32_rd_250_cal_50_v_10_fric_025.odb
1020_2a_32_rd_250_cal_50_v_10_fric_050,V:/Wire_drawing/2026/odb/1020_2a_32_rd_250_cal_50_v_10_fric_050.odb
1020_2a_32_rd_250_cal_75_v_10_fric_0100,V:/Wire_drawing/2026/odb/1020_2a_32_rd_250_cal_75_v_10_fric_0100.odb
1020_2a_32_rd_250_cal_75_v_10_fric_025,V:/Wire_drawing/2026/odb/1020_2a_32_rd_250_cal_75_v_10_fric_025.odb
1020_2a_32_rd_250_cal_75_v_10_fric_050,V:/Wire_drawing/2026/odb/1020_2a_32_rd_250_cal_75_v_10_fric_050.odb
1020_2a_32_rd_500_cal_0_v_10_fric_0100,V:/Wire_drawing/2026/odb/1020_2a_32_rd_500_cal_0_v_10_fric_0100.odb
1020_2a_32_rd_500_cal_0_v_10_fric_025,V:/Wire_drawing/2026/odb/1020_2a_32_rd_500_cal_0_v_10_fric_025.odb
1020_2a_32_rd_500_cal_0_v_10_fric_050,V:/Wire_drawing/2026/odb/1020_2a_32_rd_500_cal_0_v_10_fric_050.odb
1020_2a_32_rd_500_cal_100_v_10_fric_0100,V:/Wire_drawing/2026/odb/1020_2a_32_rd_500_cal_100_v_10_fric_0100.odb
1020_2a_32_rd_500_cal_100_v_10_fric_025,V:/Wire_drawing/2026/odb/1020_2a_32_rd_500_cal_100_v_10_fric_025.odb
1020_2a_32_rd_500_cal_100_v_10_fric_050,V:/Wire_drawing/2026/odb/1020_2a_32_rd_500_cal_100_v_10_fric_050.odb
1020_2a_32_rd_500_cal_10_v_10_fric_0100,V:/Wire_drawing/2026/odb/1020_2a_32_rd_500_cal_10_v_10_fric_0100.odb
1020_2a_32_rd_500_cal_10_v_10_fric_025,V:/Wire_drawing/2026/odb/1020_2a_32_rd_500_cal_10_v_10_fric_025.odb
1020_2a_32_rd_500_cal_10_v_10_fric_050,V:/Wire_drawing/2026/odb/1020_2a_32_rd_500_cal_10_v_10_fric_050.odb
1020_2a_32_rd_500_cal_30_v_10_fric_0100,V:/Wire_drawing/2026/odb/1020_2a_32_rd_500_cal_30_v_10_fric_0100.odb
1020_2a_32_rd_500_cal_30_v_10_fric_025,V:/Wire_drawing/2026/odb/1020_2a_32_rd_500_cal_30_v_10_fric_025.odb
1020_2a_32_rd_500_cal_30_v_10_fric_050,V:/Wire_drawing/2026/odb/1020_2a_32_rd_500_cal_30_v_10_fric_050.odb
1020_2a_32_rd_500_cal_50_v_10_fric_0100,V:/Wire_drawing/2026/odb/1020_2a_32_rd_500_cal_50_v_10_fric_0100.odb
1020_2a_32_rd_500_cal_50_v_10_fric_025,V:/Wire_drawing/2026/odb/1020_2a_32_rd_500_cal_50_v_10_fric_025.odb
1020_2a_32_rd_500_cal_50_v_10_fric_050,V:/Wire_drawing/2026/odb/1020_2a_32_rd_500_cal_50_v_10_fric_050.odb
1020_2a_32_rd_500_cal_75_v_10_fric_0100,V:/Wire_drawing/2026/odb/1020_2a_32_rd_500_cal_75_v_10_fric_0100.odb
1020_2a_32_rd_500_cal_75_v_10_fric_025,V:/Wire_drawing/2026/odb/1020_2a_32_rd_500_cal_75_v_10_fric_025.odb
1020_2a_32_rd_500_cal_75_v_10_fric_050,V:/Wire_drawing/2026/odb/1020_2a_32_rd_500_cal_75_v_10_fric_050.odb
1020_2a_40_rd_1000_cal_0_v_10_fric_0100,V:/Wire_drawing/2026/odb/1020_2a_40_rd_1000_cal_0_v_10_fric_0100.odb
1020_2a_40_rd_1000_cal_0_v_10_fric_025,V:/Wire_drawing/2026/odb/1020_2a_40_rd_1000_cal_0_v_10_fric_025.odb
1020_2a_40_rd_1000_cal_0_v_10_fric_050,V:/Wire_drawing/2026/odb/1020_2a_40_rd_1000_cal_0_v_10_fric_050.odb
1020_2a_40_rd_1000_cal_100_v_10_fric_0100,V:/Wire_drawing/2026/odb/1020_2a_40_rd_1000_cal_100_v_10_fric_0100.odb
1020_2a_40_rd_1000_cal_100_v_10_fric_025,V:/Wire_drawing/2026/odb/1020_2a_40_rd_1000_cal_100_v_10_fric_025.odb
1020_2a_40_rd_1000_cal_100_v_10_fric_050,V:/Wire_drawing/2026/odb/1020_2a_40_rd_1000_cal_100_v_10_fric_050.odb
1020_2a_40_rd_1000_cal_10_v_10_fric_0100,V:/Wire_drawing/2026/odb/1020_2a_40_rd_1000_cal_10_v_10_fric_0100.odb
1020_2a_40_rd_1000_cal_10_v_10_fric_025,V:/Wire_drawing/2026/odb/1020_2a_40_rd_1000_cal_10_v_10_fric_025.odb
1020_2a_40_rd_1000_cal_10_v_10_fric_050,V:/Wire_drawing/2026/odb/1020_2a_40_rd_1000_cal_10_v_10_fric_050.odb
1020_2a_40_rd_1000_cal_30_v_10_fric_0100,V:/Wire_drawing/2026/odb/1020_2a_40_rd_1000_cal_30_v_10_fric_0100.odb
1020_2a_40_rd_1000_cal_30_v_10_fric_025,V:/Wire_drawing/2026/odb/1020_2a_40_rd_1000_cal_30_v_10_fric_025.odb
1020_2a_40_rd_1000_cal_30_v_10_fric_050,V:/Wire_drawing/2026/odb/1020_2a_40_rd_1000_cal_30_v_10_fric_050.odb
1020_2a_40_rd_1000_cal_50_v_10_fric_0100,V:/Wire_drawing/2026/odb/1020_2a_40_rd_1000_cal_50_v_10_fric_0100.odb
1020_2a_40_rd_1000_cal_50_v_10_fric_025,V:/Wire_drawing/2026/odb/1020_2a_40_rd_1000_cal_50_v_10_fric_025.odb
1020_2a_40_rd_1000_cal_50_v_10_fric_050,V:/Wire_drawing/2026/odb/1020_2a_40_rd_1000_cal_50_v_10_fric_050.odb
1020_2a_40_rd_1000_cal_75_v_10_fric_0100,V:/Wire_drawing/2026/odb/1020_2a_40_rd_1000_cal_75_v_10_fric_0100.odb
1020_2a_40_rd_1000_cal_75_v_10_fric_025,V:/Wire_drawing/2026/odb/1020_2a_40_rd_1000_cal_75_v_10_fric_025.odb
1020_2a_40_rd_1000_cal_75_v_10_fric_050,V:/Wire_drawing/2026/odb/1020_2a_40_rd_1000_cal_75_v_10_fric_050.odb
1020_2a_40_rd_1500_cal_0_v_10_fric_0100,V:/Wire_drawing/2026/odb/1020_2a_40_rd_1500_cal_0_v_10_fric_0100.odb
1020_2a_40_rd_1500_cal_0_v_10_fric_025,V:/Wire_drawing/2026/odb/1020_2a_40_rd_1500_cal_0_v_10_fric_025.odb
1020_2a_40_rd_1500_cal_0_v_10_fric_050,V:/Wire_drawing/2026/odb/1020_2a_40_rd_1500_cal_0_v_10_fric_050.odb
1020_2a_40_rd_1500_cal_100_v_10_fric_0100,V:/Wire_drawing/2026/odb/1020_2a_40_rd_1500_cal_100_v_10_fric_0100.odb
1020_2a_40_rd_1500_cal_100_v_10_fric_025,V:/Wire_drawing/2026/odb/1020_2a_40_rd_1500_cal_100_v_10_fric_025.odb
1020_2a_40_rd_1500_cal_100_v_10_fric_050,V:/Wire_drawing/2026/odb/1020_2a_40_rd_1500_cal_100_v_10_fric_050.odb
1020_2a_40_rd_1500_cal_10_v_10_fric_0100,V:/Wire_drawing/2026/odb/1020_2a_40_rd_1500_cal_10_v_10_fric_0100.odb
1020_2a_40_rd_1500_cal_10_v_10_fric_025,V:/Wire_drawing/2026/odb/1020_2a_40_rd_1500_cal_10_v_10_fric_025.odb
1020_2a_40_rd_1500_cal_10_v_10_fric_050,V:/Wire_drawing/2026/odb/1020_2a_40_rd_1500_cal_10_v_10_fric_050.odb
1020_2a_40_rd_1500_cal_30_v_10_fric_0100,V:/Wire_drawing/2026/odb/1020_2a_40_rd_1500_cal_30_v_10_fric_0100.odb
1020_2a_40_rd_1500_cal_30_v_10_fric_025,V:/Wire_drawing/2026/odb/1020_2a_40_rd_1500_cal_30_v_10_fric_025.odb
1020_2a_40_rd_1500_cal_30_v_10_fric_050,V:/Wire_drawing/2026/odb/1020_2a_40_rd_1500_cal_30_v_10_fric_050.odb
1020_2a_40_rd_1500_cal_50_v_10_fric_0100,V:/Wire_drawing/2026/odb/1020_2a_40_rd_1500_cal_50_v_10_fric_0100.odb
1020_2a_40_rd_1500_cal_50_v_10_fric_025,V:/Wire_drawing/2026/odb/1020_2a_40_rd_1500_cal_50_v_10_fric_025.odb
1020_2a_40_rd_1500_cal_50_v_10_fric_050,V:/Wire_drawing/2026/odb/1020_2a_40_rd_1500_cal_50_v_10_fric_050.odb
1020_2a_40_rd_1500_cal_75_v_10_fric_0100,V:/Wire_drawing/2026/odb/1020_2a_40_rd_1500_cal_75_v_10_fric_0100.odb
1020_2a_40_rd_1500_cal_75_v_10_fric_025,V:/Wire_drawing/2026/odb/1020_2a_40_rd_1500_cal_75_v_10_fric_025.odb
1020_2a_40_rd_1500_cal_75_v_10_fric_050,V:/Wire_drawing/2026/odb/1020_2a_40_rd_1500_cal_75_v_10_fric_050.odb
1020_2a_40_rd_150_cal_0_v_10_fric_0100,V:/Wire_drawing/2026/odb/1020_2a_40_rd_150_cal_0_v_10_fric_0100.odb
1020_2a_40_rd_150_cal_0_v_10_fric_025,V:/Wire_drawing/2026/odb/1020_2a_40_rd_150_cal_0_v_10_fric_025.odb
1020_2a_40_rd_150_cal_0_v_10_fric_050,V:/Wire_drawing/2026/odb/1020_2a_40_rd_150_cal_0_v_10_fric_050.odb
1020_2a_40_rd_150_cal_100_v_10_fric_0100,V:/Wire_drawing/2026/odb/1020_2a_40_rd_150_cal_100_v_10_fric_0100.odb
1020_2a_40_rd_150_cal_100_v_10_fric_025,V:/Wire_drawing/2026/odb/1020_2a_40_rd_150_cal_100_v_10_fric_025.odb
1020_2a_40_rd_150_cal_100_v_10_fric_050,V:/Wire_drawing/2026/odb/1020_2a_40_rd_150_cal_100_v_10_fric_050.odb
1020_2a_40_rd_150_cal_10_v_10_fric_0100,V:/Wire_drawing/2026/odb/1020_2a_40_rd_150_cal_10_v_10_fric_0100.odb
1020_2a_40_rd_150_cal_10_v_10_fric_025,V:/Wire_drawing/2026/odb/1020_2a_40_rd_150_cal_10_v_10_fric_025.odb
1020_2a_40_rd_150_cal_10_v_10_fric_050,V:/Wire_drawing/2026/odb/1020_2a_40_rd_150_cal_10_v_10_fric_050.odb
1020_2a_40_rd_150_cal_30_v_10_fric_0100,V:/Wire_drawing/2026/odb/1020_2a_40_rd_150_cal_30_v_10_fric_0100.odb
1020_2a_40_rd_150_cal_30_v_10_fric_025,V:/Wire_drawing/2026/odb/1020_2a_40_rd_150_cal_30_v_10_fric_025.odb
1020_2a_40_rd_150_cal_30_v_10_fric_050,V:/Wire_drawing/2026/odb/1020_2a_40_rd_150_cal_30_v_10_fric_050.odb
1020_2a_40_rd_150_cal_50_v_10_fric_0100,V:/Wire_drawing/2026/odb/1020_2a_40_rd_150_cal_50_v_10_fric_0100.odb
1020_2a_40_rd_150_cal_50_v_10_fric_025,V:/Wire_drawing/2026/odb/1020_2a_40_rd_150_cal_50_v_10_fric_025.odb
1020_2a_40_rd_150_cal_50_v_10_fric_050,V:/Wire_drawing/2026/odb/1020_2a_40_rd_150_cal_50_v_10_fric_050.odb
1020_2a_40_rd_150_cal_75_v_10_fric_0100,V:/Wire_drawing/2026/odb/1020_2a_40_rd_150_cal_75_v_10_fric_0100.odb
1020_2a_40_rd_150_cal_75_v_10_fric_025,V:/Wire_drawing/2026/odb/1020_2a_40_rd_150_cal_75_v_10_fric_025.odb
1020_2a_40_rd_150_cal_75_v_10_fric_050,V:/Wire_drawing/2026/odb/1020_2a_40_rd_150_cal_75_v_10_fric_050.odb
1020_2a_40_rd_2000_cal_0_v_10_fric_0100,V:/Wire_drawing/2026/odb/1020_2a_40_rd_2000_cal_0_v_10_fric_0100.odb
1020_2a_40_rd_2000_cal_0_v_10_fric_025,V:/Wire_drawing/2026/odb/1020_2a_40_rd_2000_cal_0_v_10_fric_025.odb
1020_2a_40_rd_2000_cal_0_v_10_fric_050,V:/Wire_drawing/2026/odb/1020_2a_40_rd_2000_cal_0_v_10_fric_050.odb
1020_2a_40_rd_2000_cal_100_v_10_fric_0100,V:/Wire_drawing/2026/odb/1020_2a_40_rd_2000_cal_100_v_10_fric_0100.odb
1020_2a_40_rd_2000_cal_100_v_10_fric_025,V:/Wire_drawing/2026/odb/1020_2a_40_rd_2000_cal_100_v_10_fric_025.odb
1020_2a_40_rd_2000_cal_100_v_10_fric_050,V:/Wire_drawing/2026/odb/1020_2a_40_rd_2000_cal_100_v_10_fric_050.odb
1020_2a_40_rd_2000_cal_10_v_10_fric_0100,V:/Wire_drawing/2026/odb/1020_2a_40_rd_2000_cal_10_v_10_fric_0100.odb
1020_2a_40_rd_2000_cal_10_v_10_fric_025,V:/Wire_drawing/2026/odb/1020_2a_40_rd_2000_cal_10_v_10_fric_025.odb
1020_2a_40_rd_2000_cal_10_v_10_fric_050,V:/Wire_drawing/2026/odb/1020_2a_40_rd_2000_cal_10_v_10_fric_050.odb
1020_2a_40_rd_2000_cal_30_v_10_fric_0100,V:/Wire_drawing/2026/odb/1020_2a_40_rd_2000_cal_30_v_10_fric_0100.odb
1020_2a_40_rd_2000_cal_30_v_10_fric_025,V:/Wire_drawing/2026/odb/1020_2a_40_rd_2000_cal_30_v_10_fric_025.odb
1020_2a_40_rd_2000_cal_30_v_10_fric_050,V:/Wire_drawing/2026/odb/1020_2a_40_rd_2000_cal_30_v_10_fric_050.odb
1020_2a_40_rd_2000_cal_50_v_10_fric_0100,V:/Wire_drawing/2026/odb/1020_2a_40_rd_2000_cal_50_v_10_fric_0100.odb
1020_2a_40_rd_2000_cal_50_v_10_fric_025,V:/Wire_drawing/2026/odb/1020_2a_40_rd_2000_cal_50_v_10_fric_025.odb
1020_2a_40_rd_2000_cal_50_v_10_fric_050,V:/Wire_drawing/2026/odb/1020_2a_40_rd_2000_cal_50_v_10_fric_050.odb
1020_2a_40_rd_2000_cal_75_v_10_fric_0100,V:/Wire_drawing/2026/odb/1020_2a_40_rd_2000_cal_75_v_10_fric_0100.odb
1020_2a_40_rd_2000_cal_75_v_10_fric_025,V:/Wire_drawing/2026/odb/1020_2a_40_rd_2000_cal_75_v_10_fric_025.odb
1020_2a_40_rd_2000_cal_75_v_10_fric_050,V:/Wire_drawing/2026/odb/1020_2a_40_rd_2000_cal_75_v_10_fric_050.odb
1020_2a_40_rd_2500_cal_0_v_10_fric_0100,V:/Wire_drawing/2026/odb/1020_2a_40_rd_2500_cal_0_v_10_fric_0100.odb
1020_2a_40_rd_2500_cal_0_v_10_fric_025,V:/Wire_drawing/2026/odb/1020_2a_40_rd_2500_cal_0_v_10_fric_025.odb
1020_2a_40_rd_2500_cal_0_v_10_fric_050,V:/Wire_drawing/2026/odb/1020_2a_40_rd_2500_cal_0_v_10_fric_050.odb
1020_2a_40_rd_2500_cal_100_v_10_fric_0100,V:/Wire_drawing/2026/odb/1020_2a_40_rd_2500_cal_100_v_10_fric_0100.odb
1020_2a_40_rd_2500_cal_100_v_10_fric_025,V:/Wire_drawing/2026/odb/1020_2a_40_rd_2500_cal_100_v_10_fric_025.odb
1020_2a_40_rd_2500_cal_100_v_10_fric_050,V:/Wire_drawing/2026/odb/1020_2a_40_rd_2500_cal_100_v_10_fric_050.odb
1020_2a_40_rd_2500_cal_10_v_10_fric_0100,V:/Wire_drawing/2026/odb/1020_2a_40_rd_2500_cal_10_v_10_fric_0100.odb
1020_2a_40_rd_2500_cal_10_v_10_fric_025,V:/Wire_drawing/2026/odb/1020_2a_40_rd_2500_cal_10_v_10_fric_025.odb
1020_2a_40_rd_2500_cal_10_v_10_fric_050,V:/Wire_drawing/2026/odb/1020_2a_40_rd_2500_cal_10_v_10_fric_050.odb
1020_2a_40_rd_2500_cal_30_v_10_fric_0100,V:/Wire_drawing/2026/odb/1020_2a_40_rd_2500_cal_30_v_10_fric_0100.odb
1020_2a_40_rd_2500_cal_30_v_10_fric_025,V:/Wire_drawing/2026/odb/1020_2a_40_rd_2500_cal_30_v_10_fric_025.odb
1020_2a_40_rd_2500_cal_30_v_10_fric_050,V:/Wire_drawing/2026/odb/1020_2a_40_rd_2500_cal_30_v_10_fric_050.odb
1020_2a_40_rd_2500_cal_50_v_10_fric_0100,V:/Wire_drawing/2026/odb/1020_2a_40_rd_2500_cal_50_v_10_fric_0100.odb
1020_2a_40_rd_2500_cal_50_v_10_fric_025,V:/Wire_drawing/2026/odb/1020_2a_40_rd_2500_cal_50_v_10_fric_025.odb
1020_2a_40_rd_2500_cal_50_v_10_fric_050,V:/Wire_drawing/2026/odb/1020_2a_40_rd_2500_cal_50_v_10_fric_050.odb
1020_2a_40_rd_2500_cal_75_v_10_fric_0100,V:/Wire_drawing/2026/odb/1020_2a_40_rd_2500_cal_75_v_10_fric_0100.odb
1020_2a_40_rd_2500_cal_75_v_10_fric_025,V:/Wire_drawing/2026/odb/1020_2a_40_rd_2500_cal_75_v_10_fric_025.odb
1020_2a_40_rd_2500_cal_75_v_10_fric_050,V:/Wire_drawing/2026/odb/1020_2a_40_rd_2500_cal_75_v_10_fric_050.odb
1020_2a_40_rd_250_cal_0_v_10_fric_0100,V:/Wire_drawing/2026/odb/1020_2a_40_rd_250_cal_0_v_10_fric_0100.odb
1020_2a_40_rd_250_cal_0_v_10_fric_025,V:/Wire_drawing/2026/odb/1020_2a_40_rd_250_cal_0_v_10_fric_025.odb
1020_2a_40_rd_250_cal_0_v_10_fric_050,V:/Wire_drawing/2026/odb/1020_2a_40_rd_250_cal_0_v_10_fric_050.odb
1020_2a_40_rd_250_cal_100_v_10_fric_0100,V:/Wire_drawing/2026/odb/1020_2a_40_rd_250_cal_100_v_10_fric_0100.odb
1020_2a_40_rd_250_cal_100_v_10_fric_025,V:/Wire_drawing/2026/odb/1020_2a_40_rd_250_cal_100_v_10_fric_025.odb
1020_2a_40_rd_250_cal_100_v_10_fric_050,V:/Wire_drawing/2026/odb/1020_2a_40_rd_250_cal_100_v_10_fric_050.odb
1020_2a_40_rd_250_cal_10_v_10_fric_0100,V:/Wire_drawing/2026/odb/1020_2a_40_rd_250_cal_10_v_10_fric_0100.odb
1020_2a_40_rd_250_cal_10_v_10_fric_025,V:/Wire_drawing/2026/odb/1020_2a_40_rd_250_cal_10_v_10_fric_025.odb
1020_2a_40_rd_250_cal_10_v_10_fric_050,V:/Wire_drawing/2026/odb/1020_2a_40_rd_250_cal_10_v_10_fric_050.odb
1020_2a_40_rd_250_cal_30_v_10_fric_0100,V:/Wire_drawing/2026/odb/1020_2a_40_rd_250_cal_30_v_10_fric_0100.odb
1020_2a_40_rd_250_cal_30_v_10_fric_025,V:/Wire_drawing/2026/odb/1020_2a_40_rd_250_cal_30_v_10_fric_025.odb
1020_2a_40_rd_250_cal_30_v_10_fric_050,V:/Wire_drawing/2026/odb/1020_2a_40_rd_250_cal_30_v_10_fric_050.odb
1020_2a_40_rd_250_cal_50_v_10_fric_0100,V:/Wire_drawing/2026/odb/1020_2a_40_rd_250_cal_50_v_10_fric_0100.odb
1020_2a_40_rd_250_cal_50_v_10_fric_025,V:/Wire_drawing/2026/odb/1020_2a_40_rd_250_cal_50_v_10_fric_025.odb
1020_2a_40_rd_250_cal_50_v_10_fric_050,V:/Wire_drawing/2026/odb/1020_2a_40_rd_250_cal_50_v_10_fric_050.odb
1020_2a_40_rd_250_cal_75_v_10_fric_0100,V:/Wire_drawing/2026/odb/1020_2a_40_rd_250_cal_75_v_10_fric_0100.odb
1020_2a_40_rd_250_cal_75_v_10_fric_025,V:/Wire_drawing/2026/odb/1020_2a_40_rd_250_cal_75_v_10_fric_025.odb
1020_2a_40_rd_250_cal_75_v_10_fric_050,V:/Wire_drawing/2026/odb/1020_2a_40_rd_250_cal_75_v_10_fric_050.odb
1020_2a_40_rd_500_cal_0_v_10_fric_0100,V:/Wire_drawing/2026/odb/1020_2a_40_rd_500_cal_0_v_10_fric_0100.odb
1020_2a_40_rd_500_cal_0_v_10_fric_025,V:/Wire_drawing/2026/odb/1020_2a_40_rd_500_cal_0_v_10_fric_025.odb
1020_2a_40_rd_500_cal_0_v_10_fric_050,V:/Wire_drawing/2026/odb/1020_2a_40_rd_500_cal_0_v_10_fric_050.odb
1020_2a_40_rd_500_cal_100_v_10_fric_0100,V:/Wire_drawing/2026/odb/1020_2a_40_rd_500_cal_100_v_10_fric_0100.odb
1020_2a_40_rd_500_cal_100_v_10_fric_025,V:/Wire_drawing/2026/odb/1020_2a_40_rd_500_cal_100_v_10_fric_025.odb
1020_2a_40_rd_500_cal_100_v_10_fric_050,V:/Wire_drawing/2026/odb/1020_2a_40_rd_500_cal_100_v_10_fric_050.odb
1020_2a_40_rd_500_cal_10_v_10_fric_0100,V:/Wire_drawing/2026/odb/1020_2a_40_rd_500_cal_10_v_10_fric_0100.odb
1020_2a_40_rd_500_cal_10_v_10_fric_025,V:/Wire_drawing/2026/odb/1020_2a_40_rd_500_cal_10_v_10_fric_025.odb
1020_2a_40_rd_500_cal_10_v_10_fric_050,V:/Wire_drawing/2026/odb/1020_2a_40_rd_500_cal_10_v_10_fric_050.odb
1020_2a_40_rd_500_cal_30_v_10_fric_0100,V:/Wire_drawing/2026/odb/1020_2a_40_rd_500_cal_30_v_10_fric_0100.odb
1020_2a_40_rd_500_cal_30_v_10_fric_025,V:/Wire_drawing/2026/odb/1020_2a_40_rd_500_cal_30_v_10_fric_025.odb
1020_2a_40_rd_500_cal_30_v_10_fric_050,V:/Wire_drawing/2026/odb/1020_2a_40_rd_500_cal_30_v_10_fric_050.odb
1020_2a_40_rd_500_cal_50_v_10_fric_0100,V:/Wire_drawing/2026/odb/1020_2a_40_rd_500_cal_50_v_10_fric_0100.odb
1020_2a_40_rd_500_cal_50_v_10_fric_025,V:/Wire_drawing/2026/odb/1020_2a_40_rd_500_cal_50_v_10_fric_025.odb
1020_2a_40_rd_500_cal_50_v_10_fric_050,V:/Wire_drawing/2026/odb/1020_2a_40_rd_500_cal_50_v_10_fric_050.odb
1020_2a_40_rd_500_cal_75_v_10_fric_0100,V:/Wire_drawing/2026/odb/1020_2a_40_rd_500_cal_75_v_10_fric_0100.odb
1020_2a_40_rd_500_cal_75_v_10_fric_025,V:/Wire_drawing/2026/odb/1020_2a_40_rd_500_cal_75_v_10_fric_025.odb
1020_2a_40_rd_500_cal_75_v_10_fric_050,V:/Wire_drawing/2026/odb/1020_2a_40_rd_500_cal_75_v_10_fric_050.odb
1020_2a_8_rd_1000_cal_0_v_10_fric_0100,V:/Wire_drawing/2026/odb/1020_2a_8_rd_1000_cal_0_v_10_fric_0100.odb
1020_2a_8_rd_1000_cal_0_v_10_fric_025,V:/Wire_drawing/2026/odb/1020_2a_8_rd_1000_cal_0_v_10_fric_025.odb
1020_2a_8_rd_1000_cal_0_v_10_fric_050,V:/Wire_drawing/2026/odb/1020_2a_8_rd_1000_cal_0_v_10_fric_050.odb
1020_2a_8_rd_1000_cal_100_v_10_fric_0100,V:/Wire_drawing/2026/odb/1020_2a_8_rd_1000_cal_100_v_10_fric_0100.odb
1020_2a_8_rd_1000_cal_100_v_10_fric_025,V:/Wire_drawing/2026/odb/1020_2a_8_rd_1000_cal_100_v_10_fric_025.odb
1020_2a_8_rd_1000_cal_100_v_10_fric_050,V:/Wire_drawing/2026/odb/1020_2a_8_rd_1000_cal_100_v_10_fric_050.odb
1020_2a_8_rd_1000_cal_10_v_10_fric_0100,V:/Wire_drawing/2026/odb/1020_2a_8_rd_1000_cal_10_v_10_fric_0100.odb
1020_2a_8_rd_1000_cal_10_v_10_fric_025,V:/Wire_drawing/2026/odb/1020_2a_8_rd_1000_cal_10_v_10_fric_025.odb
1020_2a_8_rd_1000_cal_10_v_10_fric_050,V:/Wire_drawing/2026/odb/1020_2a_8_rd_1000_cal_10_v_10_fric_050.odb
1020_2a_8_rd_1000_cal_30_v_10_fric_0100,V:/Wire_drawing/2026/odb/1020_2a_8_rd_1000_cal_30_v_10_fric_0100.odb
1020_2a_8_rd_1000_cal_30_v_10_fric_025,V:/Wire_drawing/2026/odb/1020_2a_8_rd_1000_cal_30_v_10_fric_025.odb
1020_2a_8_rd_1000_cal_30_v_10_fric_050,V:/Wire_drawing/2026/odb/1020_2a_8_rd_1000_cal_30_v_10_fric_050.odb
1020_2a_8_rd_1000_cal_50_v_10_fric_0100,V:/Wire_drawing/2026/odb/1020_2a_8_rd_1000_cal_50_v_10_fric_0100.odb
1020_2a_8_rd_1000_cal_50_v_10_fric_025,V:/Wire_drawing/2026/odb/1020_2a_8_rd_1000_cal_50_v_10_fric_025.odb
1020_2a_8_rd_1000_cal_50_v_10_fric_050,V:/Wire_drawing/2026/odb/1020_2a_8_rd_1000_cal_50_v_10_fric_050.odb
1020_2a_8_rd_1000_cal_75_v_10_fric_0100,V:/Wire_drawing/2026/odb/1020_2a_8_rd_1000_cal_75_v_10_fric_0100.odb
1020_2a_8_rd_1000_cal_75_v_10_fric_025,V:/Wire_drawing/2026/odb/1020_2a_8_rd_1000_cal_75_v_10_fric_025.odb
1020_2a_8_rd_1000_cal_75_v_10_fric_050,V:/Wire_drawing/2026/odb/1020_2a_8_rd_1000_cal_75_v_10_fric_050.odb
1020_2a_8_rd_1500_cal_0_v_10_fric_0100,V:/Wire_drawing/2026/odb/1020_2a_8_rd_1500_cal_0_v_10_fric_0100.odb
1020_2a_8_rd_1500_cal_0_v_10_fric_025,V:/Wire_drawing/2026/odb/1020_2a_8_rd_1500_cal_0_v_10_fric_025.odb
1020_2a_8_rd_1500_cal_0_v_10_fric_050,V:/Wire_drawing/2026/odb/1020_2a_8_rd_1500_cal_0_v_10_fric_050.odb
1020_2a_8_rd_1500_cal_100_v_10_fric_0100,V:/Wire_drawing/2026/odb/1020_2a_8_rd_1500_cal_100_v_10_fric_0100.odb
1020_2a_8_rd_1500_cal_100_v_10_fric_025,V:/Wire_drawing/2026/odb/1020_2a_8_rd_1500_cal_100_v_10_fric_025.odb
1020_2a_8_rd_1500_cal_100_v_10_fric_050,V:/Wire_drawing/2026/odb/1020_2a_8_rd_1500_cal_100_v_10_fric_050.odb
1020_2a_8_rd_1500_cal_10_v_10_fric_0100,V:/Wire_drawing/2026/odb/1020_2a_8_rd_1500_cal_10_v_10_fric_0100.odb
1020_2a_8_rd_1500_cal_10_v_10_fric_025,V:/Wire_drawing/2026/odb/1020_2a_8_rd_1500_cal_10_v_10_fric_025.odb
1020_2a_8_rd_1500_cal_10_v_10_fric_050,V:/Wire_drawing/2026/odb/1020_2a_8_rd_1500_cal_10_v_10_fric_050.odb
1020_2a_8_rd_1500_cal_30_v_10_fric_0100,V:/Wire_drawing/2026/odb/1020_2a_8_rd_1500_cal_30_v_10_fric_0100.odb
1020_2a_8_rd_1500_cal_30_v_10_fric_025,V:/Wire_drawing/2026/odb/1020_2a_8_rd_1500_cal_30_v_10_fric_025.odb
1020_2a_8_rd_1500_cal_30_v_10_fric_050,V:/Wire_drawing/2026/odb/1020_2a_8_rd_1500_cal_30_v_10_fric_050.odb
1020_2a_8_rd_1500_cal_50_v_10_fric_0100,V:/Wire_drawing/2026/odb/1020_2a_8_rd_1500_cal_50_v_10_fric_0100.odb
1020_2a_8_rd_1500_cal_50_v_10_fric_025,V:/Wire_drawing/2026/odb/1020_2a_8_rd_1500_cal_50_v_10_fric_025.odb
1020_2a_8_rd_1500_cal_50_v_10_fric_050,V:/Wire_drawing/2026/odb/1020_2a_8_rd_1500_cal_50_v_10_fric_050.odb
1020_2a_8_rd_1500_cal_75_v_10_fric_0100,V:/Wire_drawing/2026/odb/1020_2a_8_rd_1500_cal_75_v_10_fric_0100.odb
1020_2a_8_rd_1500_cal_75_v_10_fric_025,V:/Wire_drawing/2026/odb/1020_2a_8_rd_1500_cal_75_v_10_fric_025.odb
1020_2a_8_rd_1500_cal_75_v_10_fric_050,V:/Wire_drawing/2026/odb/1020_2a_8_rd_1500_cal_75_v_10_fric_050.odb
1020_2a_8_rd_150_cal_0_v_10_fric_0100,V:/Wire_drawing/2026/odb/1020_2a_8_rd_150_cal_0_v_10_fric_0100.odb
1020_2a_8_rd_150_cal_0_v_10_fric_025,V:/Wire_drawing/2026/odb/1020_2a_8_rd_150_cal_0_v_10_fric_025.odb
1020_2a_8_rd_150_cal_0_v_10_fric_050,V:/Wire_drawing/2026/odb/1020_2a_8_rd_150_cal_0_v_10_fric_050.odb
1020_2a_8_rd_150_cal_100_v_10_fric_0100,V:/Wire_drawing/2026/odb/1020_2a_8_rd_150_cal_100_v_10_fric_0100.odb
1020_2a_8_rd_150_cal_100_v_10_fric_025,V:/Wire_drawing/2026/odb/1020_2a_8_rd_150_cal_100_v_10_fric_025.odb
1020_2a_8_rd_150_cal_100_v_10_fric_050,V:/Wire_drawing/2026/odb/1020_2a_8_rd_150_cal_100_v_10_fric_050.odb
1020_2a_8_rd_150_cal_10_v_10_fric_0100,V:/Wire_drawing/2026/odb/1020_2a_8_rd_150_cal_10_v_10_fric_0100.odb
1020_2a_8_rd_150_cal_10_v_10_fric_025,V:/Wire_drawing/2026/odb/1020_2a_8_rd_150_cal_10_v_10_fric_025.odb
1020_2a_8_rd_150_cal_10_v_10_fric_050,V:/Wire_drawing/2026/odb/1020_2a_8_rd_150_cal_10_v_10_fric_050.odb
1020_2a_8_rd_150_cal_30_v_10_fric_0100,V:/Wire_drawing/2026/odb/1020_2a_8_rd_150_cal_30_v_10_fric_0100.odb
1020_2a_8_rd_150_cal_30_v_10_fric_025,V:/Wire_drawing/2026/odb/1020_2a_8_rd_150_cal_30_v_10_fric_025.odb
1020_2a_8_rd_150_cal_30_v_10_fric_050,V:/Wire_drawing/2026/odb/1020_2a_8_rd_150_cal_30_v_10_fric_050.odb
1020_2a_8_rd_150_cal_50_v_10_fric_0100,V:/Wire_drawing/2026/odb/1020_2a_8_rd_150_cal_50_v_10_fric_0100.odb
1020_2a_8_rd_150_cal_50_v_10_fric_025,V:/Wire_drawing/2026/odb/1020_2a_8_rd_150_cal_50_v_10_fric_025.odb
1020_2a_8_rd_150_cal_50_v_10_fric_050,V:/Wire_drawing/2026/odb/1020_2a_8_rd_150_cal_50_v_10_fric_050.odb
1020_2a_8_rd_150_cal_75_v_10_fric_0100,V:/Wire_drawing/2026/odb/1020_2a_8_rd_150_cal_75_v_10_fric_0100.odb
1020_2a_8_rd_150_cal_75_v_10_fric_025,V:/Wire_drawing/2026/odb/1020_2a_8_rd_150_cal_75_v_10_fric_025.odb
1020_2a_8_rd_150_cal_75_v_10_fric_050,V:/Wire_drawing/2026/odb/1020_2a_8_rd_150_cal_75_v_10_fric_050.odb
1020_2a_8_rd_2000_cal_0_v_10_fric_0100,V:/Wire_drawing/2026/odb/1020_2a_8_rd_2000_cal_0_v_10_fric_0100.odb
1020_2a_8_rd_2000_cal_0_v_10_fric_025,V:/Wire_drawing/2026/odb/1020_2a_8_rd_2000_cal_0_v_10_fric_025.odb
1020_2a_8_rd_2000_cal_0_v_10_fric_050,V:/Wire_drawing/2026/odb/1020_2a_8_rd_2000_cal_0_v_10_fric_050.odb
1020_2a_8_rd_2000_cal_100_v_10_fric_0100,V:/Wire_drawing/2026/odb/1020_2a_8_rd_2000_cal_100_v_10_fric_0100.odb
1020_2a_8_rd_2000_cal_100_v_10_fric_025,V:/Wire_drawing/2026/odb/1020_2a_8_rd_2000_cal_100_v_10_fric_025.odb
1020_2a_8_rd_2000_cal_100_v_10_fric_050,V:/Wire_drawing/2026/odb/1020_2a_8_rd_2000_cal_100_v_10_fric_050.odb
1020_2a_8_rd_2000_cal_10_v_10_fric_0100,V:/Wire_drawing/2026/odb/1020_2a_8_rd_2000_cal_10_v_10_fric_0100.odb
1020_2a_8_rd_2000_cal_10_v_10_fric_025,V:/Wire_drawing/2026/odb/1020_2a_8_rd_2000_cal_10_v_10_fric_025.odb
1020_2a_8_rd_2000_cal_10_v_10_fric_050,V:/Wire_drawing/2026/odb/1020_2a_8_rd_2000_cal_10_v_10_fric_050.odb
1020_2a_8_rd_2000_cal_30_v_10_fric_0100,V:/Wire_drawing/2026/odb/1020_2a_8_rd_2000_cal_30_v_10_fric_0100.odb
1020_2a_8_rd_2000_cal_30_v_10_fric_025,V:/Wire_drawing/2026/odb/1020_2a_8_rd_2000_cal_30_v_10_fric_025.odb
1020_2a_8_rd_2000_cal_30_v_10_fric_050,V:/Wire_drawing/2026/odb/1020_2a_8_rd_2000_cal_30_v_10_fric_050.odb
1020_2a_8_rd_2000_cal_50_v_10_fric_0100,V:/Wire_drawing/2026/odb/1020_2a_8_rd_2000_cal_50_v_10_fric_0100.odb
1020_2a_8_rd_2000_cal_50_v_10_fric_025,V:/Wire_drawing/2026/odb/1020_2a_8_rd_2000_cal_50_v_10_fric_025.odb
1020_2a_8_rd_2000_cal_50_v_10_fric_050,V:/Wire_drawing/2026/odb/1020_2a_8_rd_2000_cal_50_v_10_fric_050.odb
1020_2a_8_rd_2000_cal_75_v_10_fric_0100,V:/Wire_drawing/2026/odb/1020_2a_8_rd_2000_cal_75_v_10_fric_0100.odb
1020_2a_8_rd_2000_cal_75_v_10_fric_025,V:/Wire_drawing/2026/odb/1020_2a_8_rd_2000_cal_75_v_10_fric_025.odb
1020_2a_8_rd_2000_cal_75_v_10_fric_050,V:/Wire_drawing/2026/odb/1020_2a_8_rd_2000_cal_75_v_10_fric_050.odb
1020_2a_8_rd_2500_cal_0_v_10_fric_0100,V:/Wire_drawing/2026/odb/1020_2a_8_rd_2500_cal_0_v_10_fric_0100.odb
1020_2a_8_rd_2500_cal_0_v_10_fric_025,V:/Wire_drawing/2026/odb/1020_2a_8_rd_2500_cal_0_v_10_fric_025.odb
1020_2a_8_rd_2500_cal_0_v_10_fric_050,V:/Wire_drawing/2026/odb/1020_2a_8_rd_2500_cal_0_v_10_fric_050.odb
1020_2a_8_rd_2500_cal_100_v_10_fric_0100,V:/Wire_drawing/2026/odb/1020_2a_8_rd_2500_cal_100_v_10_fric_0100.odb
1020_2a_8_rd_2500_cal_100_v_10_fric_025,V:/Wire_drawing/2026/odb/1020_2a_8_rd_2500_cal_100_v_10_fric_025.odb
1020_2a_8_rd_2500_cal_100_v_10_fric_050,V:/Wire_drawing/2026/odb/1020_2a_8_rd_2500_cal_100_v_10_fric_050.odb
1020_2a_8_rd_2500_cal_10_v_10_fric_0100,V:/Wire_drawing/2026/odb/1020_2a_8_rd_2500_cal_10_v_10_fric_0100.odb
1020_2a_16_rd_1000_cal_0_v_20_f_0100,E:/Abaqus_calc/Vel_20/odb/Correct/1020_2a_16_rd_1000_cal_0_v_20_f_0100.odb
1020_2a_16_rd_1000_cal_0_v_20_f_025,E:/Abaqus_calc/Vel_20/odb/Correct/1020_2a_16_rd_1000_cal_0_v_20_f_025.odb
1020_2a_16_rd_1000_cal_0_v_20_f_050,E:/Abaqus_calc/Vel_20/odb/Correct/1020_2a_16_rd_1000_cal_0_v_20_f_050.odb
1020_2a_16_rd_1000_cal_100_v_20_f_0100,E:/Abaqus_calc/Vel_20/odb/Correct/1020_2a_16_rd_1000_cal_100_v_20_f_0100.odb
1020_2a_16_rd_1000_cal_100_v_20_f_025,E:/Abaqus_calc/Vel_20/odb/Correct/1020_2a_16_rd_1000_cal_100_v_20_f_025.odb
1020_2a_16_rd_1000_cal_100_v_20_f_050,E:/Abaqus_calc/Vel_20/odb/Correct/1020_2a_16_rd_1000_cal_100_v_20_f_050.odb
1020_2a_16_rd_1000_cal_10_v_20_f_0100,E:/Abaqus_calc/Vel_20/odb/Correct/1020_2a_16_rd_1000_cal_10_v_20_f_0100.odb
1020_2a_16_rd_1000_cal_10_v_20_f_025,E:/Abaqus_calc/Vel_20/odb/Correct/1020_2a_16_rd_1000_cal_10_v_20_f_025.odb
1020_2a_16_rd_1000_cal_10_v_20_f_050,E:/Abaqus_calc/Vel_20/odb/Correct/1020_2a_16_rd_1000_cal_10_v_20_f_050.odb
1020_2a_16_rd_1000_cal_30_v_20_f_0100,E:/Abaqus_calc/Vel_20/odb/Correct/1020_2a_16_rd_1000_cal_30_v_20_f_0100.odb
1020_2a_16_rd_1000_cal_30_v_20_f_025,E:/Abaqus_calc/Vel_20/odb/Correct/1020_2a_16_rd_1000_cal_30_v_20_f_025.odb
1020_2a_16_rd_1000_cal_30_v_20_f_050,E:/Abaqus_calc/Vel_20/odb/Correct/1020_2a_16_rd_1000_cal_30_v_20_f_050.odb
1020_2a_16_rd_1000_cal_50_v_20_f_0100,E:/Abaqus_calc/Vel_20/odb/Correct/1020_2a_16_rd_1000_cal_50_v_20_f_0100.odb
1020_2a_16_rd_1000_cal_50_v_20_f_025,E:/Abaqus_calc/Vel_20/odb/Correct/1020_2a_16_rd_1000_cal_50_v_20_f_025.odb
1020_2a_16_rd_1000_cal_50_v_20_f_050,E:/Abaqus_calc/Vel_20/odb/Correct/1020_2a_16_rd_1000_cal_50_v_20_f_050.odb
1020_2a_16_rd_1000_cal_75_v_20_f_0100,E:/Abaqus_calc/Vel_20/odb/Correct/1020_2a_16_rd_1000_cal_75_v_20_f_0100.odb
1020_2a_16_rd_1000_cal_75_v_20_f_025,E:/Abaqus_calc/Vel_20/odb/Correct/1020_2a_16_rd_1000_cal_75_v_20_f_025.odb
1020_2a_16_rd_1000_cal_75_v_20_f_050,E:/Abaqus_calc/Vel_20/odb/Correct/1020_2a_16_rd_1000_cal_75_v_20_f_050.odb
1020_2a_16_rd_1500_cal_0_v_20_f_0100,E:/Abaqus_calc/Vel_20/odb/Correct/1020_2a_16_rd_1500_cal_0_v_20_f_0100.odb
1020_2a_16_rd_1500_cal_0_v_20_f_025,E:/Abaqus_calc/Vel_20/odb/Correct/1020_2a_16_rd_1500_cal_0_v_20_f_025.odb
1020_2a_16_rd_1500_cal_0_v_20_f_050,E:/Abaqus_calc/Vel_20/odb/Correct/1020_2a_16_rd_1500_cal_0_v_20_f_050.odb
1020_2a_16_rd_1500_cal_100_v_20_f_0100,E:/Abaqus_calc/Vel_20/odb/Correct/1020_2a_16_rd_1500_cal_100_v_20_f_0100.odb
1020_2a_16_rd_1500_cal_100_v_20_f_025,E:/Abaqus_calc/Vel_20/odb/Correct/1020_2a_16_rd_1500_cal_100_v_20_f_025.odb
1020_2a_16_rd_1500_cal_100_v_20_f_050,E:/Abaqus_calc/Vel_20/odb/Correct/1020_2a_16_rd_1500_cal_100_v_20_f_050.odb
1020_2a_16_rd_1500_cal_10_v_20_f_0100,E:/Abaqus_calc/Vel_20/odb/Correct/1020_2a_16_rd_1500_cal_10_v_20_f_0100.odb
1020_2a_16_rd_1500_cal_10_v_20_f_025,E:/Abaqus_calc/Vel_20/odb/Correct/1020_2a_16_rd_1500_cal_10_v_20_f_025.odb
1020_2a_16_rd_1500_cal_10_v_20_f_050,E:/Abaqus_calc/Vel_20/odb/Correct/1020_2a_16_rd_1500_cal_10_v_20_f_050.odb
1020_2a_16_rd_1500_cal_30_v_20_f_0100,E:/Abaqus_calc/Vel_20/odb/Correct/1020_2a_16_rd_1500_cal_30_v_20_f_0100.odb
1020_2a_16_rd_1500_cal_30_v_20_f_025,E:/Abaqus_calc/Vel_20/odb/Correct/1020_2a_16_rd_1500_cal_30_v_20_f_025.odb
1020_2a_16_rd_1500_cal_30_v_20_f_050,E:/Abaqus_calc/Vel_20/odb/Correct/1020_2a_16_rd_1500_cal_30_v_20_f_050.odb
1020_2a_16_rd_1500_cal_50_v_20_f_0100,E:/Abaqus_calc/Vel_20/odb/Correct/1020_2a_16_rd_1500_cal_50_v_20_f_0100.odb
1020_2a_16_rd_1500_cal_50_v_20_f_025,E:/Abaqus_calc/Vel_20/odb/Correct/1020_2a_16_rd_1500_cal_50_v_20_f_025.odb
1020_2a_16_rd_1500_cal_50_v_20_f_050,E:/Abaqus_calc/Vel_20/odb/Correct/1020_2a_16_rd_1500_cal_50_v_20_f_050.odb
1020_2a_16_rd_1500_cal_75_v_20_f_0100,E:/Abaqus_calc/Vel_20/odb/Correct/1020_2a_16_rd_1500_cal_75_v_20_f_0100.odb
1020_2a_16_rd_1500_cal_75_v_20_f_025,E:/Abaqus_calc/Vel_20/odb/Correct/1020_2a_16_rd_1500_cal_75_v_20_f_025.odb
1020_2a_16_rd_1500_cal_75_v_20_f_050,E:/Abaqus_calc/Vel_20/odb/Correct/1020_2a_16_rd_1500_cal_75_v_20_f_050.odb
1020_2a_16_rd_150_cal_0_v_20_f_0100,E:/Abaqus_calc/Vel_20/odb/Correct/1020_2a_16_rd_150_cal_0_v_20_f_0100.odb
1020_2a_16_rd_150_cal_0_v_20_f_025,E:/Abaqus_calc/Vel_20/odb/Correct/1020_2a_16_rd_150_cal_0_v_20_f_025.odb
1020_2a_16_rd_150_cal_0_v_20_f_050,E:/Abaqus_calc/Vel_20/odb/Correct/1020_2a_16_rd_150_cal_0_v_20_f_050.odb
1020_2a_16_rd_150_cal_100_v_20_f_0100,E:/Abaqus_calc/Vel_20/odb/Correct/1020_2a_16_rd_150_cal_100_v_20_f_0100.odb
1020_2a_16_rd_150_cal_100_v_20_f_025,E:/Abaqus_calc/Vel_20/odb/Correct/1020_2a_16_rd_150_cal_100_v_20_f_025.odb
1020_2a_16_rd_150_cal_100_v_20_f_050,E:/Abaqus_calc/Vel_20/odb/Correct/1020_2a_16_rd_150_cal_100_v_20_f_050.odb
1020_2a_16_rd_150_cal_10_v_20_f_0100,E:/Abaqus_calc/Vel_20/odb/Correct/1020_2a_16_rd_150_cal_10_v_20_f_0100.odb
1020_2a_16_rd_150_cal_10_v_20_f_025,E:/Abaqus_calc/Vel_20/odb/Correct/1020_2a_16_rd_150_cal_10_v_20_f_025.odb
1020_2a_16_rd_150_cal_10_v_20_f_050,E:/Abaqus_calc/Vel_20/odb/Correct/1020_2a_16_rd_150_cal_10_v_20_f_050.odb
1020_2a_16_rd_150_cal_30_v_20_f_0100,E:/Abaqus_calc/Vel_20/odb/Correct/1020_2a_16_rd_150_cal_30_v_20_f_0100.odb
1020_2a_16_rd_150_cal_30_v_20_f_025,E:/Abaqus_calc/Vel_20/odb/Correct/1020_2a_16_rd_150_cal_30_v_20_f_025.odb
1020_2a_16_rd_150_cal_30_v_20_f_050,E:/Abaqus_calc/Vel_20/odb/Correct/1020_2a_16_rd_150_cal_30_v_20_f_050.odb
1020_2a_16_rd_150_cal_50_v_20_f_0100,E:/Abaqus_calc/Vel_20/odb/Correct/1020_2a_16_rd_150_cal_50_v_20_f_0100.odb
1020_2a_16_rd_150_cal_50_v_20_f_025,E:/Abaqus_calc/Vel_20/odb/Correct/1020_2a_16_rd_150_cal_50_v_20_f_025.odb
1020_2a_16_rd_150_cal_50_v_20_f_050,E:/Abaqus_calc/Vel_20/odb/Correct/1020_2a_16_rd_150_cal_50_v_20_f_050.odb
1020_2a_16_rd_150_cal_75_v_20_f_0100,E:/Abaqus_calc/Vel_20/odb/Correct/1020_2a_16_rd_150_cal_75_v_20_f_0100.odb
1020_2a_16_rd_150_cal_75_v_20_f_025,E:/Abaqus_calc/Vel_20/odb/Correct/1020_2a_16_rd_150_cal_75_v_20_f_025.odb
1020_2a_16_rd_150_cal_75_v_20_f_050,E:/Abaqus_calc/Vel_20/odb/Correct/1020_2a_16_rd_150_cal_75_v_20_f_050.odb
1020_2a_16_rd_2000_cal_0_v_20_f_0100,E:/Abaqus_calc/Vel_20/odb/Correct/1020_2a_16_rd_2000_cal_0_v_20_f_0100.odb
1020_2a_16_rd_2000_cal_0_v_20_f_025,E:/Abaqus_calc/Vel_20/odb/Correct/1020_2a_16_rd_2000_cal_0_v_20_f_025.odb
1020_2a_16_rd_2000_cal_0_v_20_f_050,E:/Abaqus_calc/Vel_20/odb/Correct/1020_2a_16_rd_2000_cal_0_v_20_f_050.odb
1020_2a_16_rd_2000_cal_100_v_20_f_0100,E:/Abaqus_calc/Vel_20/odb/Correct/1020_2a_16_rd_2000_cal_100_v_20_f_0100.odb
1020_2a_16_rd_2000_cal_100_v_20_f_025,E:/Abaqus_calc/Vel_20/odb/Correct/1020_2a_16_rd_2000_cal_100_v_20_f_025.odb
1020_2a_16_rd_2000_cal_100_v_20_f_050,E:/Abaqus_calc/Vel_20/odb/Correct/1020_2a_16_rd_2000_cal_100_v_20_f_050.odb
1020_2a_16_rd_2000_cal_10_v_20_f_0100,E:/Abaqus_calc/Vel_20/odb/Correct/1020_2a_16_rd_2000_cal_10_v_20_f_0100.odb
1020_2a_16_rd_2000_cal_10_v_20_f_025,E:/Abaqus_calc/Vel_20/odb/Correct/1020_2a_16_rd_2000_cal_10_v_20_f_025.odb
1020_2a_16_rd_2000_cal_10_v_20_f_050,E:/Abaqus_calc/Vel_20/odb/Correct/1020_2a_16_rd_2000_cal_10_v_20_f_050.odb
1020_2a_16_rd_2000_cal_30_v_20_f_0100,E:/Abaqus_calc/Vel_20/odb/Correct/1020_2a_16_rd_2000_cal_30_v_20_f_0100.odb
1020_2a_16_rd_2000_cal_30_v_20_f_025,E:/Abaqus_calc/Vel_20/odb/Correct/1020_2a_16_rd_2000_cal_30_v_20_f_025.odb
1020_2a_16_rd_2000_cal_30_v_20_f_050,E:/Abaqus_calc/Vel_20/odb/Correct/1020_2a_16_rd_2000_cal_30_v_20_f_050.odb
1020_2a_16_rd_2000_cal_50_v_20_f_0100,E:/Abaqus_calc/Vel_20/odb/Correct/1020_2a_16_rd_2000_cal_50_v_20_f_0100.odb
1020_2a_16_rd_2000_cal_50_v_20_f_025,E:/Abaqus_calc/Vel_20/odb/Correct/1020_2a_16_rd_2000_cal_50_v_20_f_025.odb
1020_2a_16_rd_2000_cal_50_v_20_f_050,E:/Abaqus_calc/Vel_20/odb/Correct/1020_2a_16_rd_2000_cal_50_v_20_f_050.odb
1020_2a_16_rd_2000_cal_75_v_20_f_0100,E:/Abaqus_calc/Vel_20/odb/Correct/1020_2a_16_rd_2000_cal_75_v_20_f_0100.odb
1020_2a_16_rd_2000_cal_75_v_20_f_025,E:/Abaqus_calc/Vel_20/odb/Correct/1020_2a_16_rd_2000_cal_75_v_20_f_025.odb
1020_2a_16_rd_2000_cal_75_v_20_f_050,E:/Abaqus_calc/Vel_20/odb/Correct/1020_2a_16_rd_2000_cal_75_v_20_f_050.odb
1020_2a_16_rd_2500_cal_0_v_20_f_025,E:/Abaqus_calc/Vel_20/odb/Correct/1020_2a_16_rd_2500_cal_0_v_20_f_025.odb
1020_2a_16_rd_2500_cal_0_v_20_f_050,E:/Abaqus_calc/Vel_20/odb/Correct/1020_2a_16_rd_2500_cal_0_v_20_f_050.odb
1020_2a_16_rd_2500_cal_100_v_20_f_025,E:/Abaqus_calc/Vel_20/odb/Correct/1020_2a_16_rd_2500_cal_100_v_20_f_025.odb
1020_2a_16_rd_2500_cal_100_v_20_f_050,E:/Abaqus_calc/Vel_20/odb/Correct/1020_2a_16_rd_2500_cal_100_v_20_f_050.odb
1020_2a_16_rd_2500_cal_10_v_20_f_025,E:/Abaqus_calc/Vel_20/odb/Correct/1020_2a_16_rd_2500_cal_10_v_20_f_025.odb
1020_2a_16_rd_2500_cal_10_v_20_f_050,E:/Abaqus_calc/Vel_20/odb/Correct/1020_2a_16_rd_2500_cal_10_v_20_f_050.odb
1020_2a_16_rd_2500_cal_30_v_20_f_025,E:/Abaqus_calc/Vel_20/odb/Correct/1020_2a_16_rd_2500_cal_30_v_20_f_025.odb
1020_2a_16_rd_2500_cal_30_v_20_f_050,E:/Abaqus_calc/Vel_20/odb/Correct/1020_2a_16_rd_2500_cal_30_v_20_f_050.odb
1020_2a_16_rd_2500_cal_50_v_20_f_025,E:/Abaqus_calc/Vel_20/odb/Correct/1020_2a_16_rd_2500_cal_50_v_20_f_025.odb
1020_2a_16_rd_2500_cal_50_v_20_f_050,E:/Abaqus_calc/Vel_20/odb/Correct/1020_2a_16_rd_2500_cal_50_v_20_f_050.odb
1020_2a_16_rd_2500_cal_75_v_20_f_025,E:/Abaqus_calc/Vel_20/odb/Correct/1020_2a_16_rd_2500_cal_75_v_20_f_025.odb
1020_2a_16_rd_2500_cal_75_v_20_f_050,E:/Abaqus_calc/Vel_20/odb/Correct/1020_2a_16_rd_2500_cal_75_v_20_f_050.odb
1020_2a_16_rd_250_cal_0_v_20_f_0100,E:/Abaqus_calc/Vel_20/odb/Correct/1020_2a_16_rd_250_cal_0_v_20_f_0100.odb
1020_2a_16_rd_250_cal_0_v_20_f_025,E:/Abaqus_calc/Vel_20/odb/Correct/1020_2a_16_rd_250_cal_0_v_20_f_025.odb
1020_2a_16_rd_250_cal_0_v_20_f_050,E:/Abaqus_calc/Vel_20/odb/Correct/1020_2a_16_rd_250_cal_0_v_20_f_050.odb
1020_2a_16_rd_250_cal_100_v_20_f_0100,E:/Abaqus_calc/Vel_20/odb/Correct/1020_2a_16_rd_250_cal_100_v_20_f_0100.odb
1020_2a_16_rd_250_cal_100_v_20_f_025,E:/Abaqus_calc/Vel_20/odb/Correct/1020_2a_16_rd_250_cal_100_v_20_f_025.odb
1020_2a_16_rd_250_cal_100_v_20_f_050,E:/Abaqus_calc/Vel_20/odb/Correct/1020_2a_16_rd_250_cal_100_v_20_f_050.odb
1020_2a_16_rd_250_cal_10_v_20_f_0100,E:/Abaqus_calc/Vel_20/odb/Correct/1020_2a_16_rd_250_cal_10_v_20_f_0100.odb
1020_2a_16_rd_250_cal_10_v_20_f_025,E:/Abaqus_calc/Vel_20/odb/Correct/1020_2a_16_rd_250_cal_10_v_20_f_025.odb
1020_2a_16_rd_250_cal_10_v_20_f_050,E:/Abaqus_calc/Vel_20/odb/Correct/1020_2a_16_rd_250_cal_10_v_20_f_050.odb
1020_2a_16_rd_250_cal_30_v_20_f_0100,E:/Abaqus_calc/Vel_20/odb/Correct/1020_2a_16_rd_250_cal_30_v_20_f_0100.odb
1020_2a_16_rd_250_cal_30_v_20_f_025,E:/Abaqus_calc/Vel_20/odb/Correct/1020_2a_16_rd_250_cal_30_v_20_f_025.odb
1020_2a_16_rd_250_cal_30_v_20_f_050,E:/Abaqus_calc/Vel_20/odb/Correct/1020_2a_16_rd_250_cal_30_v_20_f_050.odb
1020_2a_16_rd_250_cal_50_v_20_f_0100,E:/Abaqus_calc/Vel_20/odb/Correct/1020_2a_16_rd_250_cal_50_v_20_f_0100.odb
1020_2a_16_rd_250_cal_50_v_20_f_025,E:/Abaqus_calc/Vel_20/odb/Correct/1020_2a_16_rd_250_cal_50_v_20_f_025.odb
1020_2a_16_rd_250_cal_50_v_20_f_050,E:/Abaqus_calc/Vel_20/odb/Correct/1020_2a_16_rd_250_cal_50_v_20_f_050.odb
1020_2a_16_rd_250_cal_75_v_20_f_0100,E:/Abaqus_calc/Vel_20/odb/Correct/1020_2a_16_rd_250_cal_75_v_20_f_0100.odb
1020_2a_16_rd_250_cal_75_v_20_f_025,E:/Abaqus_calc/Vel_20/odb/Correct/1020_2a_16_rd_250_cal_75_v_20_f_025.odb
1020_2a_16_rd_250_cal_75_v_20_f_050,E:/Abaqus_calc/Vel_20/odb/Correct/1020_2a_16_rd_250_cal_75_v_20_f_050.odb
1020_2a_16_rd_500_cal_0_v_20_f_0100,E:/Abaqus_calc/Vel_20/odb/Correct/1020_2a_16_rd_500_cal_0_v_20_f_0100.odb
1020_2a_16_rd_500_cal_0_v_20_f_025,E:/Abaqus_calc/Vel_20/odb/Correct/1020_2a_16_rd_500_cal_0_v_20_f_025.odb
1020_2a_16_rd_500_cal_0_v_20_f_050,E:/Abaqus_calc/Vel_20/odb/Correct/1020_2a_16_rd_500_cal_0_v_20_f_050.odb
1020_2a_16_rd_500_cal_100_v_20_f_0100,E:/Abaqus_calc/Vel_20/odb/Correct/1020_2a_16_rd_500_cal_100_v_20_f_0100.odb
1020_2a_16_rd_500_cal_100_v_20_f_025,E:/Abaqus_calc/Vel_20/odb/Correct/1020_2a_16_rd_500_cal_100_v_20_f_025.odb
1020_2a_16_rd_500_cal_100_v_20_f_050,E:/Abaqus_calc/Vel_20/odb/Correct/1020_2a_16_rd_500_cal_100_v_20_f_050.odb
1020_2a_16_rd_500_cal_10_v_20_f_0100,E:/Abaqus_calc/Vel_20/odb/Correct/1020_2a_16_rd_500_cal_10_v_20_f_0100.odb
1020_2a_16_rd_500_cal_10_v_20_f_025,E:/Abaqus_calc/Vel_20/odb/Correct/1020_2a_16_rd_500_cal_10_v_20_f_025.odb
1020_2a_16_rd_500_cal_10_v_20_f_050,E:/Abaqus_calc/Vel_20/odb/Correct/1020_2a_16_rd_500_cal_10_v_20_f_050.odb
1020_2a_16_rd_500_cal_30_v_20_f_0100,E:/Abaqus_calc/Vel_20/odb/Correct/1020_2a_16_rd_500_cal_30_v_20_f_0100.odb
1020_2a_16_rd_500_cal_30_v_20_f_025,E:/Abaqus_calc/Vel_20/odb/Correct/1020_2a_16_rd_500_cal_30_v_20_f_025.odb
1020_2a_16_rd_500_cal_30_v_20_f_050,E:/Abaqus_calc/Vel_20/odb/Correct/1020_2a_16_rd_500_cal_30_v_20_f_050.odb
1020_2a_16_rd_500_cal_50_v_20_f_0100,E:/Abaqus_calc/Vel_20/odb/Correct/1020_2a_16_rd_500_cal_50_v_20_f_0100.odb
1020_2a_16_rd_500_cal_50_v_20_f_025,E:/Abaqus_calc/Vel_20/odb/Correct/1020_2a_16_rd_500_cal_50_v_20_f_025.odb
1020_2a_16_rd_500_cal_50_v_20_f_050,E:/Abaqus_calc/Vel_20/odb/Correct/1020_2a_16_rd_500_cal_50_v_20_f_050.odb
1020_2a_16_rd_500_cal_75_v_20_f_0100,E:/Abaqus_calc/Vel_20/odb/Correct/1020_2a_16_rd_500_cal_75_v_20_f_0100.odb
1020_2a_16_rd_500_cal_75_v_20_f_025,E:/Abaqus_calc/Vel_20/odb/Correct/1020_2a_16_rd_500_cal_75_v_20_f_025.odb
1020_2a_16_rd_500_cal_75_v_20_f_050,E:/Abaqus_calc/Vel_20/odb/Correct/1020_2a_16_rd_500_cal_75_v_20_f_050.odb
1020_2a_24_rd_1000_cal_0_v_20_f_0100,E:/Abaqus_calc/Vel_20/odb/Correct/1020_2a_24_rd_1000_cal_0_v_20_f_0100.odb
1020_2a_24_rd_1000_cal_0_v_20_f_025,E:/Abaqus_calc/Vel_20/odb/Correct/1020_2a_24_rd_1000_cal_0_v_20_f_025.odb
1020_2a_24_rd_1000_cal_0_v_20_f_050,E:/Abaqus_calc/Vel_20/odb/Correct/1020_2a_24_rd_1000_cal_0_v_20_f_050.odb
1020_2a_24_rd_1000_cal_100_v_20_f_0100,E:/Abaqus_calc/Vel_20/odb/Correct/1020_2a_24_rd_1000_cal_100_v_20_f_0100.odb
1020_2a_24_rd_1000_cal_100_v_20_f_025,E:/Abaqus_calc/Vel_20/odb/Correct/1020_2a_24_rd_1000_cal_100_v_20_f_025.odb
1020_2a_24_rd_1000_cal_100_v_20_f_050,E:/Abaqus_calc/Vel_20/odb/Correct/1020_2a_24_rd_1000_cal_100_v_20_f_050.odb
1020_2a_24_rd_1000_cal_10_v_20_f_0100,E:/Abaqus_calc/Vel_20/odb/Correct/1020_2a_24_rd_1000_cal_10_v_20_f_0100.odb
1020_2a_24_rd_1000_cal_10_v_20_f_025,E:/Abaqus_calc/Vel_20/odb/Correct/1020_2a_24_rd_1000_cal_10_v_20_f_025.odb
1020_2a_24_rd_1000_cal_10_v_20_f_050,E:/Abaqus_calc/Vel_20/odb/Correct/1020_2a_24_rd_1000_cal_10_v_20_f_050.odb
1020_2a_24_rd_1000_cal_30_v_20_f_0100,E:/Abaqus_calc/Vel_20/odb/Correct/1020_2a_24_rd_1000_cal_30_v_20_f_0100.odb
1020_2a_24_rd_1000_cal_30_v_20_f_025,E:/Abaqus_calc/Vel_20/odb/Correct/1020_2a_24_rd_1000_cal_30_v_20_f_025.odb
1020_2a_24_rd_1000_cal_30_v_20_f_050,E:/Abaqus_calc/Vel_20/odb/Correct/1020_2a_24_rd_1000_cal_30_v_20_f_050.odb
1020_2a_24_rd_1000_cal_50_v_20_f_0100,E:/Abaqus_calc/Vel_20/odb/Correct/1020_2a_24_rd_1000_cal_50_v_20_f_0100.odb
1020_2a_24_rd_1000_cal_50_v_20_f_025,E:/Abaqus_calc/Vel_20/odb/Correct/1020_2a_24_rd_1000_cal_50_v_20_f_025.odb
1020_2a_24_rd_1000_cal_50_v_20_f_050,E:/Abaqus_calc/Vel_20/odb/Correct/1020_2a_24_rd_1000_cal_50_v_20_f_050.odb
1020_2a_24_rd_1000_cal_75_v_20_f_0100,E:/Abaqus_calc/Vel_20/odb/Correct/1020_2a_24_rd_1000_cal_75_v_20_f_0100.odb
1020_2a_24_rd_1000_cal_75_v_20_f_025,E:/Abaqus_calc/Vel_20/odb/Correct/1020_2a_24_rd_1000_cal_75_v_20_f_025.odb
1020_2a_24_rd_1000_cal_75_v_20_f_050,E:/Abaqus_calc/Vel_20/odb/Correct/1020_2a_24_rd_1000_cal_75_v_20_f_050.odb
1020_2a_24_rd_1500_cal_0_v_20_f_0100,E:/Abaqus_calc/Vel_20/odb/Correct/1020_2a_24_rd_1500_cal_0_v_20_f_0100.odb
1020_2a_24_rd_1500_cal_0_v_20_f_025,E:/Abaqus_calc/Vel_20/odb/Correct/1020_2a_24_rd_1500_cal_0_v_20_f_025.odb
1020_2a_24_rd_1500_cal_0_v_20_f_050,E:/Abaqus_calc/Vel_20/odb/Correct/1020_2a_24_rd_1500_cal_0_v_20_f_050.odb
1020_2a_24_rd_1500_cal_100_v_20_f_0100,E:/Abaqus_calc/Vel_20/odb/Correct/1020_2a_24_rd_1500_cal_100_v_20_f_0100.odb
1020_2a_24_rd_1500_cal_100_v_20_f_025,E:/Abaqus_calc/Vel_20/odb/Correct/1020_2a_24_rd_1500_cal_100_v_20_f_025.odb
1020_2a_24_rd_1500_cal_100_v_20_f_050,E:/Abaqus_calc/Vel_20/odb/Correct/1020_2a_24_rd_1500_cal_100_v_20_f_050.odb
1020_2a_24_rd_1500_cal_10_v_20_f_0100,E:/Abaqus_calc/Vel_20/odb/Correct/1020_2a_24_rd_1500_cal_10_v_20_f_0100.odb
1020_2a_24_rd_1500_cal_10_v_20_f_025,E:/Abaqus_calc/Vel_20/odb/Correct/1020_2a_24_rd_1500_cal_10_v_20_f_025.odb
1020_2a_24_rd_1500_cal_10_v_20_f_050,E:/Abaqus_calc/Vel_20/odb/Correct/1020_2a_24_rd_1500_cal_10_v_20_f_050.odb
1020_2a_24_rd_1500_cal_30_v_20_f_0100,E:/Abaqus_calc/Vel_20/odb/Correct/1020_2a_24_rd_1500_cal_30_v_20_f_0100.odb
1020_2a_24_rd_1500_cal_30_v_20_f_025,E:/Abaqus_calc/Vel_20/odb/Correct/1020_2a_24_rd_1500_cal_30_v_20_f_025.odb
1020_2a_24_rd_1500_cal_30_v_20_f_050,E:/Abaqus_calc/Vel_20/odb/Correct/1020_2a_24_rd_1500_cal_30_v_20_f_050.odb
1020_2a_24_rd_1500_cal_50_v_20_f_0100,E:/Abaqus_calc/Vel_20/odb/Correct/1020_2a_24_rd_1500_cal_50_v_20_f_0100.odb
1020_2a_24_rd_1500_cal_50_v_20_f_025,E:/Abaqus_calc/Vel_20/odb/Correct/1020_2a_24_rd_1500_cal_50_v_20_f_025.odb
1020_2a_24_rd_1500_cal_50_v_20_f_050,E:/Abaqus_calc/Vel_20/odb/Correct/1020_2a_24_rd_1500_cal_50_v_20_f_050.odb
1020_2a_24_rd_1500_cal_75_v_20_f_0100,E:/Abaqus_calc/Vel_20/odb/Correct/1020_2a_24_rd_1500_cal_75_v_20_f_0100.odb
1020_2a_24_rd_1500_cal_75_v_20_f_025,E:/Abaqus_calc/Vel_20/odb/Correct/1020_2a_24_rd_1500_cal_75_v_20_f_025.odb
1020_2a_24_rd_1500_cal_75_v_20_f_050,E:/Abaqus_calc/Vel_20/odb/Correct/1020_2a_24_rd_1500_cal_75_v_20_f_050.odb
1020_2a_24_rd_150_cal_0_v_20_f_0100,E:/Abaqus_calc/Vel_20/odb/Correct/1020_2a_24_rd_150_cal_0_v_20_f_0100.odb
1020_2a_24_rd_150_cal_0_v_20_f_025,E:/Abaqus_calc/Vel_20/odb/Correct/1020_2a_24_rd_150_cal_0_v_20_f_025.odb
1020_2a_24_rd_150_cal_0_v_20_f_050,E:/Abaqus_calc/Vel_20/odb/Correct/1020_2a_24_rd_150_cal_0_v_20_f_050.odb
1020_2a_24_rd_150_cal_100_v_20_f_0100,E:/Abaqus_calc/Vel_20/odb/Correct/1020_2a_24_rd_150_cal_100_v_20_f_0100.odb
1020_2a_24_rd_150_cal_100_v_20_f_025,E:/Abaqus_calc/Vel_20/odb/Correct/1020_2a_24_rd_150_cal_100_v_20_f_025.odb
1020_2a_24_rd_150_cal_100_v_20_f_050,E:/Abaqus_calc/Vel_20/odb/Correct/1020_2a_24_rd_150_cal_100_v_20_f_050.odb
1020_2a_24_rd_150_cal_10_v_20_f_0100,E:/Abaqus_calc/Vel_20/odb/Correct/1020_2a_24_rd_150_cal_10_v_20_f_0100.odb
1020_2a_24_rd_150_cal_10_v_20_f_025,E:/Abaqus_calc/Vel_20/odb/Correct/1020_2a_24_rd_150_cal_10_v_20_f_025.odb
1020_2a_24_rd_150_cal_10_v_20_f_050,E:/Abaqus_calc/Vel_20/odb/Correct/1020_2a_24_rd_150_cal_10_v_20_f_050.odb
1020_2a_24_rd_150_cal_30_v_20_f_0100,E:/Abaqus_calc/Vel_20/odb/Correct/1020_2a_24_rd_150_cal_30_v_20_f_0100.odb
1020_2a_24_rd_150_cal_30_v_20_f_025,E:/Abaqus_calc/Vel_20/odb/Correct/1020_2a_24_rd_150_cal_30_v_20_f_025.odb
1020_2a_24_rd_150_cal_30_v_20_f_050,E:/Abaqus_calc/Vel_20/odb/Correct/1020_2a_24_rd_150_cal_30_v_20_f_050.odb
1020_2a_24_rd_150_cal_50_v_20_f_0100,E:/Abaqus_calc/Vel_20/odb/Correct/1020_2a_24_rd_150_cal_50_v_20_f_0100.odb
1020_2a_24_rd_150_cal_50_v_20_f_025,E:/Abaqus_calc/Vel_20/odb/Correct/1020_2a_24_rd_150_cal_50_v_20_f_025.odb
1020_2a_24_rd_150_cal_50_v_20_f_050,E:/Abaqus_calc/Vel_20/odb/Correct/1020_2a_24_rd_150_cal_50_v_20_f_050.odb
1020_2a_24_rd_150_cal_75_v_20_f_0100,E:/Abaqus_calc/Vel_20/odb/Correct/1020_2a_24_rd_150_cal_75_v_20_f_0100.odb
1020_2a_24_rd_150_cal_75_v_20_f_025,E:/Abaqus_calc/Vel_20/odb/Correct/1020_2a_24_rd_150_cal_75_v_20_f_025.odb
1020_2a_24_rd_150_cal_75_v_20_f_050,E:/Abaqus_calc/Vel_20/odb/Correct/1020_2a_24_rd_150_cal_75_v_20_f_050.odb
1020_2a_24_rd_2000_cal_0_v_20_f_0100,E:/Abaqus_calc/Vel_20/odb/Correct/1020_2a_24_rd_2000_cal_0_v_20_f_0100.odb
1020_2a_24_rd_2000_cal_0_v_20_f_025,E:/Abaqus_calc/Vel_20/odb/Correct/1020_2a_24_rd_2000_cal_0_v_20_f_025.odb
1020_2a_24_rd_2000_cal_0_v_20_f_050,E:/Abaqus_calc/Vel_20/odb/Correct/1020_2a_24_rd_2000_cal_0_v_20_f_050.odb
1020_2a_24_rd_2000_cal_100_v_20_f_0100,E:/Abaqus_calc/Vel_20/odb/Correct/1020_2a_24_rd_2000_cal_100_v_20_f_0100.odb
1020_2a_24_rd_2000_cal_100_v_20_f_025,E:/Abaqus_calc/Vel_20/odb/Correct/1020_2a_24_rd_2000_cal_100_v_20_f_025.odb
1020_2a_24_rd_2000_cal_100_v_20_f_050,E:/Abaqus_calc/Vel_20/odb/Correct/1020_2a_24_rd_2000_cal_100_v_20_f_050.odb
1020_2a_24_rd_2000_cal_10_v_20_f_0100,E:/Abaqus_calc/Vel_20/odb/Correct/1020_2a_24_rd_2000_cal_10_v_20_f_0100.odb
1020_2a_24_rd_2000_cal_10_v_20_f_025,E:/Abaqus_calc/Vel_20/odb/Correct/1020_2a_24_rd_2000_cal_10_v_20_f_025.odb
1020_2a_24_rd_2000_cal_10_v_20_f_050,E:/Abaqus_calc/Vel_20/odb/Correct/1020_2a_24_rd_2000_cal_10_v_20_f_050.odb
1020_2a_24_rd_2000_cal_30_v_20_f_0100,E:/Abaqus_calc/Vel_20/odb/Correct/1020_2a_24_rd_2000_cal_30_v_20_f_0100.odb
1020_2a_24_rd_2000_cal_30_v_20_f_025,E:/Abaqus_calc/Vel_20/odb/Correct/1020_2a_24_rd_2000_cal_30_v_20_f_025.odb
1020_2a_24_rd_2000_cal_30_v_20_f_050,E:/Abaqus_calc/Vel_20/odb/Correct/1020_2a_24_rd_2000_cal_30_v_20_f_050.odb
1020_2a_24_rd_2000_cal_50_v_20_f_0100,E:/Abaqus_calc/Vel_20/odb/Correct/1020_2a_24_rd_2000_cal_50_v_20_f_0100.odb
1020_2a_24_rd_2000_cal_50_v_20_f_025,E:/Abaqus_calc/Vel_20/odb/Correct/1020_2a_24_rd_2000_cal_50_v_20_f_025.odb
1020_2a_24_rd_2000_cal_50_v_20_f_050,E:/Abaqus_calc/Vel_20/odb/Correct/1020_2a_24_rd_2000_cal_50_v_20_f_050.odb
1020_2a_24_rd_2000_cal_75_v_20_f_0100,E:/Abaqus_calc/Vel_20/odb/Correct/1020_2a_24_rd_2000_cal_75_v_20_f_0100.odb
1020_2a_24_rd_2000_cal_75_v_20_f_025,E:/Abaqus_calc/Vel_20/odb/Correct/1020_2a_24_rd_2000_cal_75_v_20_f_025.odb
1020_2a_24_rd_2000_cal_75_v_20_f_050,E:/Abaqus_calc/Vel_20/odb/Correct/1020_2a_24_rd_2000_cal_75_v_20_f_050.odb
1020_2a_24_rd_2500_cal_0_v_20_f_025,E:/Abaqus_calc/Vel_20/odb/Correct/1020_2a_24_rd_2500_cal_0_v_20_f_025.odb
1020_2a_24_rd_2500_cal_0_v_20_f_050,E:/Abaqus_calc/Vel_20/odb/Correct/1020_2a_24_rd_2500_cal_0_v_20_f_050.odb
1020_2a_24_rd_2500_cal_100_v_20_f_025,E:/Abaqus_calc/Vel_20/odb/Correct/1020_2a_24_rd_2500_cal_100_v_20_f_025.odb
1020_2a_24_rd_2500_cal_100_v_20_f_050,E:/Abaqus_calc/Vel_20/odb/Correct/1020_2a_24_rd_2500_cal_100_v_20_f_050.odb
1020_2a_24_rd_2500_cal_10_v_20_f_025,E:/Abaqus_calc/Vel_20/odb/Correct/1020_2a_24_rd_2500_cal_10_v_20_f_025.odb
1020_2a_24_rd_2500_cal_10_v_20_f_050,E:/Abaqus_calc/Vel_20/odb/Correct/1020_2a_24_rd_2500_cal_10_v_20_f_050.odb
1020_2a_24_rd_2500_cal_30_v_20_f_025,E:/Abaqus_calc/Vel_20/odb/Correct/1020_2a_24_rd_2500_cal_30_v_20_f_025.odb
1020_2a_24_rd_2500_cal_30_v_20_f_050,E:/Abaqus_calc/Vel_20/odb/Correct/1020_2a_24_rd_2500_cal_30_v_20_f_050.odb
1020_2a_24_rd_2500_cal_50_v_20_f_025,E:/Abaqus_calc/Vel_20/odb/Correct/1020_2a_24_rd_2500_cal_50_v_20_f_025.odb
1020_2a_24_rd_2500_cal_50_v_20_f_050,E:/Abaqus_calc/Vel_20/odb/Correct/1020_2a_24_rd_2500_cal_50_v_20_f_050.odb
1020_2a_24_rd_2500_cal_75_v_20_f_025,E:/Abaqus_calc/Vel_20/odb/Correct/1020_2a_24_rd_2500_cal_75_v_20_f_025.odb
1020_2a_24_rd_2500_cal_75_v_20_f_050,E:/Abaqus_calc/Vel_20/odb/Correct/1020_2a_24_rd_2500_cal_75_v_20_f_050.odb
1020_2a_24_rd_250_cal_0_v_20_f_0100,E:/Abaqus_calc/Vel_20/odb/Correct/1020_2a_24_rd_250_cal_0_v_20_f_0100.odb
1020_2a_24_rd_250_cal_0_v_20_f_025,E:/Abaqus_calc/Vel_20/odb/Correct/1020_2a_24_rd_250_cal_0_v_20_f_025.odb
1020_2a_24_rd_250_cal_0_v_20_f_050,E:/Abaqus_calc/Vel_20/odb/Correct/1020_2a_24_rd_250_cal_0_v_20_f_050.odb
1020_2a_24_rd_250_cal_100_v_20_f_0100,E:/Abaqus_calc/Vel_20/odb/Correct/1020_2a_24_rd_250_cal_100_v_20_f_0100.odb
1020_2a_24_rd_250_cal_100_v_20_f_025,E:/Abaqus_calc/Vel_20/odb/Correct/1020_2a_24_rd_250_cal_100_v_20_f_025.odb
1020_2a_24_rd_250_cal_100_v_20_f_050,E:/Abaqus_calc/Vel_20/odb/Correct/1020_2a_24_rd_250_cal_100_v_20_f_050.odb
1020_2a_24_rd_250_cal_10_v_20_f_0100,E:/Abaqus_calc/Vel_20/odb/Correct/1020_2a_24_rd_250_cal_10_v_20_f_0100.odb
1020_2a_24_rd_250_cal_10_v_20_f_025,E:/Abaqus_calc/Vel_20/odb/Correct/1020_2a_24_rd_250_cal_10_v_20_f_025.odb
1020_2a_24_rd_250_cal_10_v_20_f_050,E:/Abaqus_calc/Vel_20/odb/Correct/1020_2a_24_rd_250_cal_10_v_20_f_050.odb
1020_2a_24_rd_250_cal_30_v_20_f_0100,E:/Abaqus_calc/Vel_20/odb/Correct/1020_2a_24_rd_250_cal_30_v_20_f_0100.odb
1020_2a_24_rd_250_cal_30_v_20_f_025,E:/Abaqus_calc/Vel_20/odb/Correct/1020_2a_24_rd_250_cal_30_v_20_f_025.odb
1020_2a_24_rd_250_cal_30_v_20_f_050,E:/Abaqus_calc/Vel_20/odb/Correct/1020_2a_24_rd_250_cal_30_v_20_f_050.odb
1020_2a_24_rd_250_cal_50_v_20_f_0100,E:/Abaqus_calc/Vel_20/odb/Correct/1020_2a_24_rd_250_cal_50_v_20_f_0100.odb
1020_2a_24_rd_250_cal_50_v_20_f_025,E:/Abaqus_calc/Vel_20/odb/Correct/1020_2a_24_rd_250_cal_50_v_20_f_025.odb
1020_2a_24_rd_250_cal_50_v_20_f_050,E:/Abaqus_calc/Vel_20/odb/Correct/1020_2a_24_rd_250_cal_50_v_20_f_050.odb
1020_2a_24_rd_250_cal_75_v_20_f_0100,E:/Abaqus_calc/Vel_20/odb/Correct/1020_2a_24_rd_250_cal_75_v_20_f_0100.odb
1020_2a_24_rd_250_cal_75_v_20_f_025,E:/Abaqus_calc/Vel_20/odb/Correct/1020_2a_24_rd_250_cal_75_v_20_f_025.odb
1020_2a_24_rd_250_cal_75_v_20_f_050,E:/Abaqus_calc/Vel_20/odb/Correct/1020_2a_24_rd_250_cal_75_v_20_f_050.odb
1020_2a_24_rd_500_cal_0_v_20_f_0100,E:/Abaqus_calc/Vel_20/odb/Correct/1020_2a_24_rd_500_cal_0_v_20_f_0100.odb
1020_2a_24_rd_500_cal_0_v_20_f_025,E:/Abaqus_calc/Vel_20/odb/Correct/1020_2a_24_rd_500_cal_0_v_20_f_025.odb
1020_2a_24_rd_500_cal_0_v_20_f_050,E:/Abaqus_calc/Vel_20/odb/Correct/1020_2a_24_rd_500_cal_0_v_20_f_050.odb
1020_2a_24_rd_500_cal_100_v_20_f_0100,E:/Abaqus_calc/Vel_20/odb/Correct/1020_2a_24_rd_500_cal_100_v_20_f_0100.odb
1020_2a_24_rd_500_cal_100_v_20_f_025,E:/Abaqus_calc/Vel_20/odb/Correct/1020_2a_24_rd_500_cal_100_v_20_f_025.odb
1020_2a_24_rd_500_cal_100_v_20_f_050,E:/Abaqus_calc/Vel_20/odb/Correct/1020_2a_24_rd_500_cal_100_v_20_f_050.odb
1020_2a_24_rd_500_cal_10_v_20_f_0100,E:/Abaqus_calc/Vel_20/odb/Correct/1020_2a_24_rd_500_cal_10_v_20_f_0100.odb
1020_2a_24_rd_500_cal_10_v_20_f_025,E:/Abaqus_calc/Vel_20/odb/Correct/1020_2a_24_rd_500_cal_10_v_20_f_025.odb
1020_2a_24_rd_500_cal_10_v_20_f_050,E:/Abaqus_calc/Vel_20/odb/Correct/1020_2a_24_rd_500_cal_10_v_20_f_050.odb
1020_2a_24_rd_500_cal_30_v_20_f_0100,E:/Abaqus_calc/Vel_20/odb/Correct/1020_2a_24_rd_500_cal_30_v_20_f_0100.odb
1020_2a_24_rd_500_cal_30_v_20_f_025,E:/Abaqus_calc/Vel_20/odb/Correct/1020_2a_24_rd_500_cal_30_v_20_f_025.odb
1020_2a_24_rd_500_cal_30_v_20_f_050,E:/Abaqus_calc/Vel_20/odb/Correct/1020_2a_24_rd_500_cal_30_v_20_f_050.odb
1020_2a_24_rd_500_cal_50_v_20_f_0100,E:/Abaqus_calc/Vel_20/odb/Correct/1020_2a_24_rd_500_cal_50_v_20_f_0100.odb
1020_2a_24_rd_500_cal_50_v_20_f_025,E:/Abaqus_calc/Vel_20/odb/Correct/1020_2a_24_rd_500_cal_50_v_20_f_025.odb
1020_2a_24_rd_500_cal_50_v_20_f_050,E:/Abaqus_calc/Vel_20/odb/Correct/1020_2a_24_rd_500_cal_50_v_20_f_050.odb
1020_2a_24_rd_500_cal_75_v_20_f_0100,E:/Abaqus_calc/Vel_20/odb/Correct/1020_2a_24_rd_500_cal_75_v_20_f_0100.odb
1020_2a_24_rd_500_cal_75_v_20_f_025,E:/Abaqus_calc/Vel_20/odb/Correct/1020_2a_24_rd_500_cal_75_v_20_f_025.odb
1020_2a_24_rd_500_cal_75_v_20_f_050,E:/Abaqus_calc/Vel_20/odb/Correct/1020_2a_24_rd_500_cal_75_v_20_f_050.odb
1020_2a_32_rd_1000_cal_0_v_20_f_0100,E:/Abaqus_calc/Vel_20/odb/Correct/1020_2a_32_rd_1000_cal_0_v_20_f_0100.odb
1020_2a_32_rd_1000_cal_0_v_20_f_025,E:/Abaqus_calc/Vel_20/odb/Correct/1020_2a_32_rd_1000_cal_0_v_20_f_025.odb
1020_2a_32_rd_1000_cal_0_v_20_f_050,E:/Abaqus_calc/Vel_20/odb/Correct/1020_2a_32_rd_1000_cal_0_v_20_f_050.odb
1020_2a_32_rd_1000_cal_100_v_20_f_0100,E:/Abaqus_calc/Vel_20/odb/Correct/1020_2a_32_rd_1000_cal_100_v_20_f_0100.odb
1020_2a_32_rd_1000_cal_100_v_20_f_025,E:/Abaqus_calc/Vel_20/odb/Correct/1020_2a_32_rd_1000_cal_100_v_20_f_025.odb
1020_2a_32_rd_1000_cal_100_v_20_f_050,E:/Abaqus_calc/Vel_20/odb/Correct/1020_2a_32_rd_1000_cal_100_v_20_f_050.odb
1020_2a_32_rd_1000_cal_10_v_20_f_0100,E:/Abaqus_calc/Vel_20/odb/Correct/1020_2a_32_rd_1000_cal_10_v_20_f_0100.odb
1020_2a_32_rd_1000_cal_10_v_20_f_025,E:/Abaqus_calc/Vel_20/odb/Correct/1020_2a_32_rd_1000_cal_10_v_20_f_025.odb
1020_2a_32_rd_1000_cal_10_v_20_f_050,E:/Abaqus_calc/Vel_20/odb/Correct/1020_2a_32_rd_1000_cal_10_v_20_f_050.odb
1020_2a_32_rd_1000_cal_30_v_20_f_0100,E:/Abaqus_calc/Vel_20/odb/Correct/1020_2a_32_rd_1000_cal_30_v_20_f_0100.odb
1020_2a_32_rd_1000_cal_30_v_20_f_025,E:/Abaqus_calc/Vel_20/odb/Correct/1020_2a_32_rd_1000_cal_30_v_20_f_025.odb
1020_2a_32_rd_1000_cal_30_v_20_f_050,E:/Abaqus_calc/Vel_20/odb/Correct/1020_2a_32_rd_1000_cal_30_v_20_f_050.odb
1020_2a_32_rd_1000_cal_50_v_20_f_0100,E:/Abaqus_calc/Vel_20/odb/Correct/1020_2a_32_rd_1000_cal_50_v_20_f_0100.odb
1020_2a_32_rd_1000_cal_50_v_20_f_025,E:/Abaqus_calc/Vel_20/odb/Correct/1020_2a_32_rd_1000_cal_50_v_20_f_025.odb
1020_2a_32_rd_1000_cal_50_v_20_f_050,E:/Abaqus_calc/Vel_20/odb/Correct/1020_2a_32_rd_1000_cal_50_v_20_f_050.odb
1020_2a_32_rd_1000_cal_75_v_20_f_0100,E:/Abaqus_calc/Vel_20/odb/Correct/1020_2a_32_rd_1000_cal_75_v_20_f_0100.odb
1020_2a_32_rd_1000_cal_75_v_20_f_025,E:/Abaqus_calc/Vel_20/odb/Correct/1020_2a_32_rd_1000_cal_75_v_20_f_025.odb
1020_2a_32_rd_1000_cal_75_v_20_f_050,E:/Abaqus_calc/Vel_20/odb/Correct/1020_2a_32_rd_1000_cal_75_v_20_f_050.odb
1020_2a_32_rd_1500_cal_0_v_20_f_0100,E:/Abaqus_calc/Vel_20/odb/Correct/1020_2a_32_rd_1500_cal_0_v_20_f_0100.odb
1020_2a_32_rd_1500_cal_0_v_20_f_025,E:/Abaqus_calc/Vel_20/odb/Correct/1020_2a_32_rd_1500_cal_0_v_20_f_025.odb
1020_2a_32_rd_1500_cal_0_v_20_f_050,E:/Abaqus_calc/Vel_20/odb/Correct/1020_2a_32_rd_1500_cal_0_v_20_f_050.odb
1020_2a_32_rd_1500_cal_100_v_20_f_0100,E:/Abaqus_calc/Vel_20/odb/Correct/1020_2a_32_rd_1500_cal_100_v_20_f_0100.odb
1020_2a_32_rd_1500_cal_100_v_20_f_025,E:/Abaqus_calc/Vel_20/odb/Correct/1020_2a_32_rd_1500_cal_100_v_20_f_025.odb
1020_2a_32_rd_1500_cal_100_v_20_f_050,E:/Abaqus_calc/Vel_20/odb/Correct/1020_2a_32_rd_1500_cal_100_v_20_f_050.odb
1020_2a_32_rd_1500_cal_10_v_20_f_0100,E:/Abaqus_calc/Vel_20/odb/Correct/1020_2a_32_rd_1500_cal_10_v_20_f_0100.odb
1020_2a_32_rd_1500_cal_10_v_20_f_025,E:/Abaqus_calc/Vel_20/odb/Correct/1020_2a_32_rd_1500_cal_10_v_20_f_025.odb
1020_2a_32_rd_1500_cal_10_v_20_f_050,E:/Abaqus_calc/Vel_20/odb/Correct/1020_2a_32_rd_1500_cal_10_v_20_f_050.odb
1020_2a_32_rd_1500_cal_30_v_20_f_0100,E:/Abaqus_calc/Vel_20/odb/Correct/1020_2a_32_rd_1500_cal_30_v_20_f_0100.odb
1020_2a_32_rd_1500_cal_30_v_20_f_025,E:/Abaqus_calc/Vel_20/odb/Correct/1020_2a_32_rd_1500_cal_30_v_20_f_025.odb
1020_2a_32_rd_1500_cal_30_v_20_f_050,E:/Abaqus_calc/Vel_20/odb/Correct/1020_2a_32_rd_1500_cal_30_v_20_f_050.odb
1020_2a_32_rd_1500_cal_50_v_20_f_0100,E:/Abaqus_calc/Vel_20/odb/Correct/1020_2a_32_rd_1500_cal_50_v_20_f_0100.odb
1020_2a_32_rd_1500_cal_50_v_20_f_025,E:/Abaqus_calc/Vel_20/odb/Correct/1020_2a_32_rd_1500_cal_50_v_20_f_025.odb
1020_2a_32_rd_1500_cal_50_v_20_f_050,E:/Abaqus_calc/Vel_20/odb/Correct/1020_2a_32_rd_1500_cal_50_v_20_f_050.odb
1020_2a_32_rd_1500_cal_75_v_20_f_0100,E:/Abaqus_calc/Vel_20/odb/Correct/1020_2a_32_rd_1500_cal_75_v_20_f_0100.odb
1020_2a_32_rd_1500_cal_75_v_20_f_025,E:/Abaqus_calc/Vel_20/odb/Correct/1020_2a_32_rd_1500_cal_75_v_20_f_025.odb
1020_2a_32_rd_1500_cal_75_v_20_f_050,E:/Abaqus_calc/Vel_20/odb/Correct/1020_2a_32_rd_1500_cal_75_v_20_f_050.odb
1020_2a_32_rd_150_cal_0_v_20_f_0100,E:/Abaqus_calc/Vel_20/odb/Correct/1020_2a_32_rd_150_cal_0_v_20_f_0100.odb
1020_2a_32_rd_150_cal_0_v_20_f_025,E:/Abaqus_calc/Vel_20/odb/Correct/1020_2a_32_rd_150_cal_0_v_20_f_025.odb
1020_2a_32_rd_150_cal_0_v_20_f_050,E:/Abaqus_calc/Vel_20/odb/Correct/1020_2a_32_rd_150_cal_0_v_20_f_050.odb
1020_2a_32_rd_150_cal_100_v_20_f_0100,E:/Abaqus_calc/Vel_20/odb/Correct/1020_2a_32_rd_150_cal_100_v_20_f_0100.odb
1020_2a_32_rd_150_cal_100_v_20_f_025,E:/Abaqus_calc/Vel_20/odb/Correct/1020_2a_32_rd_150_cal_100_v_20_f_025.odb
1020_2a_32_rd_150_cal_100_v_20_f_050,E:/Abaqus_calc/Vel_20/odb/Correct/1020_2a_32_rd_150_cal_100_v_20_f_050.odb
1020_2a_32_rd_150_cal_10_v_20_f_0100,E:/Abaqus_calc/Vel_20/odb/Correct/1020_2a_32_rd_150_cal_10_v_20_f_0100.odb
1020_2a_32_rd_150_cal_10_v_20_f_025,E:/Abaqus_calc/Vel_20/odb/Correct/1020_2a_32_rd_150_cal_10_v_20_f_025.odb
1020_2a_32_rd_150_cal_10_v_20_f_050,E:/Abaqus_calc/Vel_20/odb/Correct/1020_2a_32_rd_150_cal_10_v_20_f_050.odb
1020_2a_32_rd_150_cal_30_v_20_f_0100,E:/Abaqus_calc/Vel_20/odb/Correct/1020_2a_32_rd_150_cal_30_v_20_f_0100.odb
1020_2a_32_rd_150_cal_30_v_20_f_025,E:/Abaqus_calc/Vel_20/odb/Correct/1020_2a_32_rd_150_cal_30_v_20_f_025.odb
1020_2a_32_rd_150_cal_30_v_20_f_050,E:/Abaqus_calc/Vel_20/odb/Correct/1020_2a_32_rd_150_cal_30_v_20_f_050.odb
1020_2a_32_rd_150_cal_50_v_20_f_0100,E:/Abaqus_calc/Vel_20/odb/Correct/1020_2a_32_rd_150_cal_50_v_20_f_0100.odb
1020_2a_32_rd_150_cal_50_v_20_f_025,E:/Abaqus_calc/Vel_20/odb/Correct/1020_2a_32_rd_150_cal_50_v_20_f_025.odb
1020_2a_32_rd_150_cal_50_v_20_f_050,E:/Abaqus_calc/Vel_20/odb/Correct/1020_2a_32_rd_150_cal_50_v_20_f_050.odb
1020_2a_32_rd_150_cal_75_v_20_f_0100,E:/Abaqus_calc/Vel_20/odb/Correct/1020_2a_32_rd_150_cal_75_v_20_f_0100.odb
1020_2a_32_rd_150_cal_75_v_20_f_025,E:/Abaqus_calc/Vel_20/odb/Correct/1020_2a_32_rd_150_cal_75_v_20_f_025.odb
1020_2a_32_rd_150_cal_75_v_20_f_050,E:/Abaqus_calc/Vel_20/odb/Correct/1020_2a_32_rd_150_cal_75_v_20_f_050.odb
1020_2a_32_rd_2000_cal_0_v_20_f_0100,E:/Abaqus_calc/Vel_20/odb/Correct/1020_2a_32_rd_2000_cal_0_v_20_f_0100.odb
1020_2a_32_rd_2000_cal_0_v_20_f_025,E:/Abaqus_calc/Vel_20/odb/Correct/1020_2a_32_rd_2000_cal_0_v_20_f_025.odb
1020_2a_32_rd_2000_cal_0_v_20_f_050,E:/Abaqus_calc/Vel_20/odb/Correct/1020_2a_32_rd_2000_cal_0_v_20_f_050.odb
1020_2a_32_rd_2000_cal_100_v_20_f_0100,E:/Abaqus_calc/Vel_20/odb/Correct/1020_2a_32_rd_2000_cal_100_v_20_f_0100.odb
1020_2a_32_rd_2000_cal_100_v_20_f_025,E:/Abaqus_calc/Vel_20/odb/Correct/1020_2a_32_rd_2000_cal_100_v_20_f_025.odb
1020_2a_32_rd_2000_cal_100_v_20_f_050,E:/Abaqus_calc/Vel_20/odb/Correct/1020_2a_32_rd_2000_cal_100_v_20_f_050.odb
1020_2a_32_rd_2000_cal_10_v_20_f_0100,E:/Abaqus_calc/Vel_20/odb/Correct/1020_2a_32_rd_2000_cal_10_v_20_f_0100.odb
1020_2a_32_rd_2000_cal_10_v_20_f_025,E:/Abaqus_calc/Vel_20/odb/Correct/1020_2a_32_rd_2000_cal_10_v_20_f_025.odb
1020_2a_32_rd_2000_cal_10_v_20_f_050,E:/Abaqus_calc/Vel_20/odb/Correct/1020_2a_32_rd_2000_cal_10_v_20_f_050.odb
1020_2a_32_rd_2000_cal_30_v_20_f_0100,E:/Abaqus_calc/Vel_20/odb/Correct/1020_2a_32_rd_2000_cal_30_v_20_f_0100.odb
1020_2a_32_rd_2000_cal_30_v_20_f_025,E:/Abaqus_calc/Vel_20/odb/Correct/1020_2a_32_rd_2000_cal_30_v_20_f_025.odb
1020_2a_32_rd_2000_cal_30_v_20_f_050,E:/Abaqus_calc/Vel_20/odb/Correct/1020_2a_32_rd_2000_cal_30_v_20_f_050.odb
1020_2a_32_rd_2000_cal_50_v_20_f_0100,E:/Abaqus_calc/Vel_20/odb/Correct/1020_2a_32_rd_2000_cal_50_v_20_f_0100.odb
1020_2a_32_rd_2000_cal_50_v_20_f_025,E:/Abaqus_calc/Vel_20/odb/Correct/1020_2a_32_rd_2000_cal_50_v_20_f_025.odb
1020_2a_32_rd_2000_cal_50_v_20_f_050,E:/Abaqus_calc/Vel_20/odb/Correct/1020_2a_32_rd_2000_cal_50_v_20_f_050.odb
1020_2a_32_rd_2000_cal_75_v_20_f_0100,E:/Abaqus_calc/Vel_20/odb/Correct/1020_2a_32_rd_2000_cal_75_v_20_f_0100.odb
1020_2a_32_rd_2000_cal_75_v_20_f_025,E:/Abaqus_calc/Vel_20/odb/Correct/1020_2a_32_rd_2000_cal_75_v_20_f_025.odb
1020_2a_32_rd_2000_cal_75_v_20_f_050,E:/Abaqus_calc/Vel_20/odb/Correct/1020_2a_32_rd_2000_cal_75_v_20_f_050.odb
1020_2a_32_rd_2500_cal_0_v_20_f_025,E:/Abaqus_calc/Vel_20/odb/Correct/1020_2a_32_rd_2500_cal_0_v_20_f_025.odb
1020_2a_32_rd_2500_cal_0_v_20_f_050,E:/Abaqus_calc/Vel_20/odb/Correct/1020_2a_32_rd_2500_cal_0_v_20_f_050.odb
1020_2a_32_rd_2500_cal_100_v_20_f_025,E:/Abaqus_calc/Vel_20/odb/Correct/1020_2a_32_rd_2500_cal_100_v_20_f_025.odb
1020_2a_32_rd_2500_cal_100_v_20_f_050,E:/Abaqus_calc/Vel_20/odb/Correct/1020_2a_32_rd_2500_cal_100_v_20_f_050.odb
1020_2a_32_rd_2500_cal_10_v_20_f_025,E:/Abaqus_calc/Vel_20/odb/Correct/1020_2a_32_rd_2500_cal_10_v_20_f_025.odb
1020_2a_32_rd_2500_cal_10_v_20_f_050,E:/Abaqus_calc/Vel_20/odb/Correct/1020_2a_32_rd_2500_cal_10_v_20_f_050.odb
1020_2a_32_rd_2500_cal_30_v_20_f_025,E:/Abaqus_calc/Vel_20/odb/Correct/1020_2a_32_rd_2500_cal_30_v_20_f_025.odb
1020_2a_32_rd_2500_cal_30_v_20_f_050,E:/Abaqus_calc/Vel_20/odb/Correct/1020_2a_32_rd_2500_cal_30_v_20_f_050.odb
1020_2a_32_rd_2500_cal_50_v_20_f_025,E:/Abaqus_calc/Vel_20/odb/Correct/1020_2a_32_rd_2500_cal_50_v_20_f_025.odb
1020_2a_32_rd_2500_cal_50_v_20_f_050,E:/Abaqus_calc/Vel_20/odb/Correct/1020_2a_32_rd_2500_cal_50_v_20_f_050.odb
1020_2a_32_rd_2500_cal_75_v_20_f_025,E:/Abaqus_calc/Vel_20/odb/Correct/1020_2a_32_rd_2500_cal_75_v_20_f_025.odb
1020_2a_32_rd_2500_cal_75_v_20_f_050,E:/Abaqus_calc/Vel_20/odb/Correct/1020_2a_32_rd_2500_cal_75_v_20_f_050.odb
1020_2a_32_rd_250_cal_0_v_20_f_0100,E:/Abaqus_calc/Vel_20/odb/Correct/1020_2a_32_rd_250_cal_0_v_20_f_0100.odb
1020_2a_32_rd_250_cal_0_v_20_f_025,E:/Abaqus_calc/Vel_20/odb/Correct/1020_2a_32_rd_250_cal_0_v_20_f_025.odb
1020_2a_32_rd_250_cal_0_v_20_f_050,E:/Abaqus_calc/Vel_20/odb/Correct/1020_2a_32_rd_250_cal_0_v_20_f_050.odb
1020_2a_32_rd_250_cal_100_v_20_f_0100,E:/Abaqus_calc/Vel_20/odb/Correct/1020_2a_32_rd_250_cal_100_v_20_f_0100.odb
1020_2a_32_rd_250_cal_100_v_20_f_025,E:/Abaqus_calc/Vel_20/odb/Correct/1020_2a_32_rd_250_cal_100_v_20_f_025.odb
1020_2a_32_rd_250_cal_100_v_20_f_050,E:/Abaqus_calc/Vel_20/odb/Correct/1020_2a_32_rd_250_cal_100_v_20_f_050.odb
1020_2a_32_rd_250_cal_10_v_20_f_0100,E:/Abaqus_calc/Vel_20/odb/Correct/1020_2a_32_rd_250_cal_10_v_20_f_0100.odb
1020_2a_32_rd_250_cal_10_v_20_f_025,E:/Abaqus_calc/Vel_20/odb/Correct/1020_2a_32_rd_250_cal_10_v_20_f_025.odb
1020_2a_32_rd_250_cal_10_v_20_f_050,E:/Abaqus_calc/Vel_20/odb/Correct/1020_2a_32_rd_250_cal_10_v_20_f_050.odb
1020_2a_32_rd_250_cal_30_v_20_f_0100,E:/Abaqus_calc/Vel_20/odb/Correct/1020_2a_32_rd_250_cal_30_v_20_f_0100.odb
1020_2a_32_rd_250_cal_30_v_20_f_025,E:/Abaqus_calc/Vel_20/odb/Correct/1020_2a_32_rd_250_cal_30_v_20_f_025.odb
1020_2a_32_rd_250_cal_30_v_20_f_050,E:/Abaqus_calc/Vel_20/odb/Correct/1020_2a_32_rd_250_cal_30_v_20_f_050.odb
1020_2a_32_rd_250_cal_50_v_20_f_0100,E:/Abaqus_calc/Vel_20/odb/Correct/1020_2a_32_rd_250_cal_50_v_20_f_0100.odb
1020_2a_32_rd_250_cal_50_v_20_f_025,E:/Abaqus_calc/Vel_20/odb/Correct/1020_2a_32_rd_250_cal_50_v_20_f_025.odb
1020_2a_32_rd_250_cal_50_v_20_f_050,E:/Abaqus_calc/Vel_20/odb/Correct/1020_2a_32_rd_250_cal_50_v_20_f_050.odb
1020_2a_32_rd_250_cal_75_v_20_f_0100,E:/Abaqus_calc/Vel_20/odb/Correct/1020_2a_32_rd_250_cal_75_v_20_f_0100.odb
1020_2a_32_rd_250_cal_75_v_20_f_025,E:/Abaqus_calc/Vel_20/odb/Correct/1020_2a_32_rd_250_cal_75_v_20_f_025.odb
1020_2a_32_rd_250_cal_75_v_20_f_050,E:/Abaqus_calc/Vel_20/odb/Correct/1020_2a_32_rd_250_cal_75_v_20_f_050.odb
1020_2a_32_rd_500_cal_0_v_20_f_0100,E:/Abaqus_calc/Vel_20/odb/Correct/1020_2a_32_rd_500_cal_0_v_20_f_0100.odb
1020_2a_32_rd_500_cal_0_v_20_f_025,E:/Abaqus_calc/Vel_20/odb/Correct/1020_2a_32_rd_500_cal_0_v_20_f_025.odb
1020_2a_32_rd_500_cal_0_v_20_f_050,E:/Abaqus_calc/Vel_20/odb/Correct/1020_2a_32_rd_500_cal_0_v_20_f_050.odb
1020_2a_32_rd_500_cal_100_v_20_f_0100,E:/Abaqus_calc/Vel_20/odb/Correct/1020_2a_32_rd_500_cal_100_v_20_f_0100.odb
1020_2a_32_rd_500_cal_100_v_20_f_025,E:/Abaqus_calc/Vel_20/odb/Correct/1020_2a_32_rd_500_cal_100_v_20_f_025.odb
1020_2a_32_rd_500_cal_100_v_20_f_050,E:/Abaqus_calc/Vel_20/odb/Correct/1020_2a_32_rd_500_cal_100_v_20_f_050.odb
1020_2a_32_rd_500_cal_10_v_20_f_0100,E:/Abaqus_calc/Vel_20/odb/Correct/1020_2a_32_rd_500_cal_10_v_20_f_0100.odb
1020_2a_32_rd_500_cal_10_v_20_f_025,E:/Abaqus_calc/Vel_20/odb/Correct/1020_2a_32_rd_500_cal_10_v_20_f_025.odb
1020_2a_32_rd_500_cal_10_v_20_f_050,E:/Abaqus_calc/Vel_20/odb/Correct/1020_2a_32_rd_500_cal_10_v_20_f_050.odb
1020_2a_32_rd_500_cal_30_v_20_f_0100,E:/Abaqus_calc/Vel_20/odb/Correct/1020_2a_32_rd_500_cal_30_v_20_f_0100.odb
1020_2a_32_rd_500_cal_30_v_20_f_025,E:/Abaqus_calc/Vel_20/odb/Correct/1020_2a_32_rd_500_cal_30_v_20_f_025.odb
1020_2a_32_rd_500_cal_30_v_20_f_050,E:/Abaqus_calc/Vel_20/odb/Correct/1020_2a_32_rd_500_cal_30_v_20_f_050.odb
1020_2a_32_rd_500_cal_50_v_20_f_0100,E:/Abaqus_calc/Vel_20/odb/Correct/1020_2a_32_rd_500_cal_50_v_20_f_0100.odb
1020_2a_32_rd_500_cal_50_v_20_f_025,E:/Abaqus_calc/Vel_20/odb/Correct/1020_2a_32_rd_500_cal_50_v_20_f_025.odb
1020_2a_32_rd_500_cal_50_v_20_f_050,E:/Abaqus_calc/Vel_20/odb/Correct/1020_2a_32_rd_500_cal_50_v_20_f_050.odb
1020_2a_32_rd_500_cal_75_v_20_f_0100,E:/Abaqus_calc/Vel_20/odb/Correct/1020_2a_32_rd_500_cal_75_v_20_f_0100.odb
1020_2a_32_rd_500_cal_75_v_20_f_025,E:/Abaqus_calc/Vel_20/odb/Correct/1020_2a_32_rd_500_cal_75_v_20_f_025.odb
1020_2a_32_rd_500_cal_75_v_20_f_050,E:/Abaqus_calc/Vel_20/odb/Correct/1020_2a_32_rd_500_cal_75_v_20_f_050.odb
1020_2a_40_rd_1000_cal_0_v_20_f_0100,E:/Abaqus_calc/Vel_20/odb/Correct/1020_2a_40_rd_1000_cal_0_v_20_f_0100.odb
1020_2a_40_rd_1000_cal_0_v_20_f_025,E:/Abaqus_calc/Vel_20/odb/Correct/1020_2a_40_rd_1000_cal_0_v_20_f_025.odb
1020_2a_40_rd_1000_cal_0_v_20_f_050,E:/Abaqus_calc/Vel_20/odb/Correct/1020_2a_40_rd_1000_cal_0_v_20_f_050.odb
1020_2a_40_rd_1000_cal_100_v_20_f_0100,E:/Abaqus_calc/Vel_20/odb/Correct/1020_2a_40_rd_1000_cal_100_v_20_f_0100.odb
1020_2a_40_rd_1000_cal_100_v_20_f_025,E:/Abaqus_calc/Vel_20/odb/Correct/1020_2a_40_rd_1000_cal_100_v_20_f_025.odb
1020_2a_40_rd_1000_cal_100_v_20_f_050,E:/Abaqus_calc/Vel_20/odb/Correct/1020_2a_40_rd_1000_cal_100_v_20_f_050.odb
1020_2a_40_rd_1000_cal_10_v_20_f_0100,E:/Abaqus_calc/Vel_20/odb/Correct/1020_2a_40_rd_1000_cal_10_v_20_f_0100.odb
1020_2a_40_rd_1000_cal_10_v_20_f_025,E:/Abaqus_calc/Vel_20/odb/Correct/1020_2a_40_rd_1000_cal_10_v_20_f_025.odb
1020_2a_40_rd_1000_cal_10_v_20_f_050,E:/Abaqus_calc/Vel_20/odb/Correct/1020_2a_40_rd_1000_cal_10_v_20_f_050.odb
1020_2a_40_rd_1000_cal_30_v_20_f_0100,E:/Abaqus_calc/Vel_20/odb/Correct/1020_2a_40_rd_1000_cal_30_v_20_f_0100.odb
1020_2a_40_rd_1000_cal_30_v_20_f_025,E:/Abaqus_calc/Vel_20/odb/Correct/1020_2a_40_rd_1000_cal_30_v_20_f_025.odb
1020_2a_40_rd_1000_cal_30_v_20_f_050,E:/Abaqus_calc/Vel_20/odb/Correct/1020_2a_40_rd_1000_cal_30_v_20_f_050.odb
1020_2a_40_rd_1000_cal_50_v_20_f_0100,E:/Abaqus_calc/Vel_20/odb/Correct/1020_2a_40_rd_1000_cal_50_v_20_f_0100.odb
1020_2a_40_rd_1000_cal_50_v_20_f_025,E:/Abaqus_calc/Vel_20/odb/Correct/1020_2a_40_rd_1000_cal_50_v_20_f_025.odb
1020_2a_40_rd_1000_cal_50_v_20_f_050,E:/Abaqus_calc/Vel_20/odb/Correct/1020_2a_40_rd_1000_cal_50_v_20_f_050.odb
1020_2a_40_rd_1000_cal_75_v_20_f_0100,E:/Abaqus_calc/Vel_20/odb/Correct/1020_2a_40_rd_1000_cal_75_v_20_f_0100.odb
1020_2a_40_rd_1000_cal_75_v_20_f_025,E:/Abaqus_calc/Vel_20/odb/Correct/1020_2a_40_rd_1000_cal_75_v_20_f_025.odb
1020_2a_40_rd_1000_cal_75_v_20_f_050,E:/Abaqus_calc/Vel_20/odb/Correct/1020_2a_40_rd_1000_cal_75_v_20_f_050.odb
1020_2a_40_rd_1500_cal_0_v_20_f_0100,E:/Abaqus_calc/Vel_20/odb/Correct/1020_2a_40_rd_1500_cal_0_v_20_f_0100.odb
1020_2a_40_rd_1500_cal_0_v_20_f_025,E:/Abaqus_calc/Vel_20/odb/Correct/1020_2a_40_rd_1500_cal_0_v_20_f_025.odb
1020_2a_40_rd_1500_cal_0_v_20_f_050,E:/Abaqus_calc/Vel_20/odb/Correct/1020_2a_40_rd_1500_cal_0_v_20_f_050.odb
1020_2a_40_rd_1500_cal_100_v_20_f_0100,E:/Abaqus_calc/Vel_20/odb/Correct/1020_2a_40_rd_1500_cal_100_v_20_f_0100.odb
1020_2a_40_rd_1500_cal_100_v_20_f_025,E:/Abaqus_calc/Vel_20/odb/Correct/1020_2a_40_rd_1500_cal_100_v_20_f_025.odb
1020_2a_40_rd_1500_cal_100_v_20_f_050,E:/Abaqus_calc/Vel_20/odb/Correct/1020_2a_40_rd_1500_cal_100_v_20_f_050.odb
1020_2a_40_rd_1500_cal_10_v_20_f_0100,E:/Abaqus_calc/Vel_20/odb/Correct/1020_2a_40_rd_1500_cal_10_v_20_f_0100.odb
1020_2a_40_rd_1500_cal_10_v_20_f_025,E:/Abaqus_calc/Vel_20/odb/Correct/1020_2a_40_rd_1500_cal_10_v_20_f_025.odb
1020_2a_40_rd_1500_cal_10_v_20_f_050,E:/Abaqus_calc/Vel_20/odb/Correct/1020_2a_40_rd_1500_cal_10_v_20_f_050.odb
1020_2a_40_rd_1500_cal_30_v_20_f_0100,E:/Abaqus_calc/Vel_20/odb/Correct/1020_2a_40_rd_1500_cal_30_v_20_f_0100.odb
1020_2a_40_rd_1500_cal_30_v_20_f_025,E:/Abaqus_calc/Vel_20/odb/Correct/1020_2a_40_rd_1500_cal_30_v_20_f_025.odb
1020_2a_40_rd_1500_cal_30_v_20_f_050,E:/Abaqus_calc/Vel_20/odb/Correct/1020_2a_40_rd_1500_cal_30_v_20_f_050.odb
1020_2a_40_rd_1500_cal_50_v_20_f_0100,E:/Abaqus_calc/Vel_20/odb/Correct/1020_2a_40_rd_1500_cal_50_v_20_f_0100.odb
1020_2a_40_rd_1500_cal_50_v_20_f_025,E:/Abaqus_calc/Vel_20/odb/Correct/1020_2a_40_rd_1500_cal_50_v_20_f_025.odb
1020_2a_40_rd_1500_cal_50_v_20_f_050,E:/Abaqus_calc/Vel_20/odb/Correct/1020_2a_40_rd_1500_cal_50_v_20_f_050.odb
1020_2a_40_rd_1500_cal_75_v_20_f_025,E:/Abaqus_calc/Vel_20/odb/Correct/1020_2a_40_rd_1500_cal_75_v_20_f_025.odb
1020_2a_40_rd_1500_cal_75_v_20_f_050,E:/Abaqus_calc/Vel_20/odb/Correct/1020_2a_40_rd_1500_cal_75_v_20_f_050.odb
1020_2a_40_rd_150_cal_0_v_20_f_0100,E:/Abaqus_calc/Vel_20/odb/Correct/1020_2a_40_rd_150_cal_0_v_20_f_0100.odb
1020_2a_40_rd_150_cal_0_v_20_f_025,E:/Abaqus_calc/Vel_20/odb/Correct/1020_2a_40_rd_150_cal_0_v_20_f_025.odb
1020_2a_40_rd_150_cal_0_v_20_f_050,E:/Abaqus_calc/Vel_20/odb/Correct/1020_2a_40_rd_150_cal_0_v_20_f_050.odb
1020_2a_40_rd_150_cal_100_v_20_f_0100,E:/Abaqus_calc/Vel_20/odb/Correct/1020_2a_40_rd_150_cal_100_v_20_f_0100.odb
1020_2a_40_rd_150_cal_100_v_20_f_025,E:/Abaqus_calc/Vel_20/odb/Correct/1020_2a_40_rd_150_cal_100_v_20_f_025.odb
1020_2a_40_rd_150_cal_100_v_20_f_050,E:/Abaqus_calc/Vel_20/odb/Correct/1020_2a_40_rd_150_cal_100_v_20_f_050.odb
1020_2a_40_rd_150_cal_10_v_20_f_0100,E:/Abaqus_calc/Vel_20/odb/Correct/1020_2a_40_rd_150_cal_10_v_20_f_0100.odb
1020_2a_40_rd_150_cal_10_v_20_f_025,E:/Abaqus_calc/Vel_20/odb/Correct/1020_2a_40_rd_150_cal_10_v_20_f_025.odb
1020_2a_40_rd_150_cal_10_v_20_f_050,E:/Abaqus_calc/Vel_20/odb/Correct/1020_2a_40_rd_150_cal_10_v_20_f_050.odb
1020_2a_40_rd_150_cal_30_v_20_f_0100,E:/Abaqus_calc/Vel_20/odb/Correct/1020_2a_40_rd_150_cal_30_v_20_f_0100.odb
1020_2a_40_rd_150_cal_30_v_20_f_025,E:/Abaqus_calc/Vel_20/odb/Correct/1020_2a_40_rd_150_cal_30_v_20_f_025.odb
1020_2a_40_rd_150_cal_30_v_20_f_050,E:/Abaqus_calc/Vel_20/odb/Correct/1020_2a_40_rd_150_cal_30_v_20_f_050.odb
1020_2a_40_rd_150_cal_50_v_20_f_0100,E:/Abaqus_calc/Vel_20/odb/Correct/1020_2a_40_rd_150_cal_50_v_20_f_0100.odb
1020_2a_40_rd_150_cal_50_v_20_f_025,E:/Abaqus_calc/Vel_20/odb/Correct/1020_2a_40_rd_150_cal_50_v_20_f_025.odb
1020_2a_40_rd_150_cal_50_v_20_f_050,E:/Abaqus_calc/Vel_20/odb/Correct/1020_2a_40_rd_150_cal_50_v_20_f_050.odb
1020_2a_40_rd_150_cal_75_v_20_f_0100,E:/Abaqus_calc/Vel_20/odb/Correct/1020_2a_40_rd_150_cal_75_v_20_f_0100.odb
1020_2a_40_rd_150_cal_75_v_20_f_025,E:/Abaqus_calc/Vel_20/odb/Correct/1020_2a_40_rd_150_cal_75_v_20_f_025.odb
1020_2a_40_rd_150_cal_75_v_20_f_050,E:/Abaqus_calc/Vel_20/odb/Correct/1020_2a_40_rd_150_cal_75_v_20_f_050.odb
1020_2a_40_rd_2000_cal_0_v_20_f_0100,E:/Abaqus_calc/Vel_20/odb/Correct/1020_2a_40_rd_2000_cal_0_v_20_f_0100.odb
1020_2a_40_rd_2000_cal_0_v_20_f_025,E:/Abaqus_calc/Vel_20/odb/Correct/1020_2a_40_rd_2000_cal_0_v_20_f_025.odb
1020_2a_40_rd_2000_cal_0_v_20_f_050,E:/Abaqus_calc/Vel_20/odb/Correct/1020_2a_40_rd_2000_cal_0_v_20_f_050.odb
1020_2a_40_rd_2000_cal_100_v_20_f_0100,E:/Abaqus_calc/Vel_20/odb/Correct/1020_2a_40_rd_2000_cal_100_v_20_f_0100.odb
1020_2a_40_rd_2000_cal_100_v_20_f_025,E:/Abaqus_calc/Vel_20/odb/Correct/1020_2a_40_rd_2000_cal_100_v_20_f_025.odb
1020_2a_40_rd_2000_cal_100_v_20_f_050,E:/Abaqus_calc/Vel_20/odb/Correct/1020_2a_40_rd_2000_cal_100_v_20_f_050.odb
1020_2a_40_rd_2000_cal_10_v_20_f_0100,E:/Abaqus_calc/Vel_20/odb/Correct/1020_2a_40_rd_2000_cal_10_v_20_f_0100.odb
1020_2a_40_rd_2000_cal_10_v_20_f_025,E:/Abaqus_calc/Vel_20/odb/Correct/1020_2a_40_rd_2000_cal_10_v_20_f_025.odb
1020_2a_40_rd_2000_cal_10_v_20_f_050,E:/Abaqus_calc/Vel_20/odb/Correct/1020_2a_40_rd_2000_cal_10_v_20_f_050.odb
1020_2a_40_rd_2000_cal_30_v_20_f_0100,E:/Abaqus_calc/Vel_20/odb/Correct/1020_2a_40_rd_2000_cal_30_v_20_f_0100.odb
1020_2a_40_rd_2000_cal_30_v_20_f_025,E:/Abaqus_calc/Vel_20/odb/Correct/1020_2a_40_rd_2000_cal_30_v_20_f_025.odb
1020_2a_40_rd_2000_cal_30_v_20_f_050,E:/Abaqus_calc/Vel_20/odb/Correct/1020_2a_40_rd_2000_cal_30_v_20_f_050.odb
1020_2a_40_rd_2000_cal_50_v_20_f_0100,E:/Abaqus_calc/Vel_20/odb/Correct/1020_2a_40_rd_2000_cal_50_v_20_f_0100.odb
1020_2a_40_rd_2000_cal_50_v_20_f_025,E:/Abaqus_calc/Vel_20/odb/Correct/1020_2a_40_rd_2000_cal_50_v_20_f_025.odb
1020_2a_40_rd_2000_cal_50_v_20_f_050,E:/Abaqus_calc/Vel_20/odb/Correct/1020_2a_40_rd_2000_cal_50_v_20_f_050.odb
1020_2a_40_rd_2000_cal_75_v_20_f_0100,E:/Abaqus_calc/Vel_20/odb/Correct/1020_2a_40_rd_2000_cal_75_v_20_f_0100.odb
1020_2a_40_rd_2000_cal_75_v_20_f_025,E:/Abaqus_calc/Vel_20/odb/Correct/1020_2a_40_rd_2000_cal_75_v_20_f_025.odb
1020_2a_40_rd_2000_cal_75_v_20_f_050,E:/Abaqus_calc/Vel_20/odb/Correct/1020_2a_40_rd_2000_cal_75_v_20_f_050.odb
1020_2a_40_rd_2500_cal_0_v_20_f_025,E:/Abaqus_calc/Vel_20/odb/Correct/1020_2a_40_rd_2500_cal_0_v_20_f_025.odb
1020_2a_40_rd_2500_cal_0_v_20_f_050,E:/Abaqus_calc/Vel_20/odb/Correct/1020_2a_40_rd_2500_cal_0_v_20_f_050.odb
1020_2a_40_rd_2500_cal_100_v_20_f_025,E:/Abaqus_calc/Vel_20/odb/Correct/1020_2a_40_rd_2500_cal_100_v_20_f_025.odb
1020_2a_40_rd_2500_cal_100_v_20_f_050,E:/Abaqus_calc/Vel_20/odb/Correct/1020_2a_40_rd_2500_cal_100_v_20_f_050.odb
1020_2a_40_rd_2500_cal_10_v_20_f_025,E:/Abaqus_calc/Vel_20/odb/Correct/1020_2a_40_rd_2500_cal_10_v_20_f_025.odb
1020_2a_40_rd_2500_cal_10_v_20_f_050,E:/Abaqus_calc/Vel_20/odb/Correct/1020_2a_40_rd_2500_cal_10_v_20_f_050.odb
1020_2a_40_rd_2500_cal_30_v_20_f_025,E:/Abaqus_calc/Vel_20/odb/Correct/1020_2a_40_rd_2500_cal_30_v_20_f_025.odb
1020_2a_40_rd_2500_cal_30_v_20_f_050,E:/Abaqus_calc/Vel_20/odb/Correct/1020_2a_40_rd_2500_cal_30_v_20_f_050.odb
1020_2a_40_rd_2500_cal_50_v_20_f_0100,E:/Abaqus_calc/Vel_20/odb/Correct/1020_2a_40_rd_2500_cal_50_v_20_f_0100.odb
1020_2a_40_rd_2500_cal_50_v_20_f_025,E:/Abaqus_calc/Vel_20/odb/Correct/1020_2a_40_rd_2500_cal_50_v_20_f_025.odb
1020_2a_40_rd_2500_cal_50_v_20_f_050,E:/Abaqus_calc/Vel_20/odb/Correct/1020_2a_40_rd_2500_cal_50_v_20_f_050.odb
1020_2a_40_rd_2500_cal_75_v_20_f_0100,E:/Abaqus_calc/Vel_20/odb/Correct/1020_2a_40_rd_2500_cal_75_v_20_f_0100.odb
1020_2a_40_rd_2500_cal_75_v_20_f_025,E:/Abaqus_calc/Vel_20/odb/Correct/1020_2a_40_rd_2500_cal_75_v_20_f_025.odb
1020_2a_40_rd_2500_cal_75_v_20_f_050,E:/Abaqus_calc/Vel_20/odb/Correct/1020_2a_40_rd_2500_cal_75_v_20_f_050.odb
1020_2a_40_rd_250_cal_0_v_20_f_0100,E:/Abaqus_calc/Vel_20/odb/Correct/1020_2a_40_rd_250_cal_0_v_20_f_0100.odb
1020_2a_40_rd_250_cal_0_v_20_f_025,E:/Abaqus_calc/Vel_20/odb/Correct/1020_2a_40_rd_250_cal_0_v_20_f_025.odb
1020_2a_40_rd_250_cal_0_v_20_f_050,E:/Abaqus_calc/Vel_20/odb/Correct/1020_2a_40_rd_250_cal_0_v_20_f_050.odb
1020_2a_40_rd_250_cal_100_v_20_f_0100,E:/Abaqus_calc/Vel_20/odb/Correct/1020_2a_40_rd_250_cal_100_v_20_f_0100.odb
1020_2a_40_rd_250_cal_100_v_20_f_025,E:/Abaqus_calc/Vel_20/odb/Correct/1020_2a_40_rd_250_cal_100_v_20_f_025.odb
1020_2a_40_rd_250_cal_100_v_20_f_050,E:/Abaqus_calc/Vel_20/odb/Correct/1020_2a_40_rd_250_cal_100_v_20_f_050.odb
1020_2a_40_rd_250_cal_10_v_20_f_0100,E:/Abaqus_calc/Vel_20/odb/Correct/1020_2a_40_rd_250_cal_10_v_20_f_0100.odb
1020_2a_40_rd_250_cal_10_v_20_f_025,E:/Abaqus_calc/Vel_20/odb/Correct/1020_2a_40_rd_250_cal_10_v_20_f_025.odb
1020_2a_40_rd_250_cal_10_v_20_f_050,E:/Abaqus_calc/Vel_20/odb/Correct/1020_2a_40_rd_250_cal_10_v_20_f_050.odb
1020_2a_40_rd_250_cal_30_v_20_f_0100,E:/Abaqus_calc/Vel_20/odb/Correct/1020_2a_40_rd_250_cal_30_v_20_f_0100.odb
1020_2a_40_rd_250_cal_30_v_20_f_025,E:/Abaqus_calc/Vel_20/odb/Correct/1020_2a_40_rd_250_cal_30_v_20_f_025.odb
1020_2a_40_rd_250_cal_30_v_20_f_050,E:/Abaqus_calc/Vel_20/odb/Correct/1020_2a_40_rd_250_cal_30_v_20_f_050.odb
1020_2a_40_rd_250_cal_50_v_20_f_0100,E:/Abaqus_calc/Vel_20/odb/Correct/1020_2a_40_rd_250_cal_50_v_20_f_0100.odb
1020_2a_40_rd_250_cal_50_v_20_f_025,E:/Abaqus_calc/Vel_20/odb/Correct/1020_2a_40_rd_250_cal_50_v_20_f_025.odb
1020_2a_40_rd_250_cal_50_v_20_f_050,E:/Abaqus_calc/Vel_20/odb/Correct/1020_2a_40_rd_250_cal_50_v_20_f_050.odb
1020_2a_40_rd_250_cal_75_v_20_f_0100,E:/Abaqus_calc/Vel_20/odb/Correct/1020_2a_40_rd_250_cal_75_v_20_f_0100.odb
1020_2a_40_rd_250_cal_75_v_20_f_025,E:/Abaqus_calc/Vel_20/odb/Correct/1020_2a_40_rd_250_cal_75_v_20_f_025.odb
1020_2a_40_rd_250_cal_75_v_20_f_050,E:/Abaqus_calc/Vel_20/odb/Correct/1020_2a_40_rd_250_cal_75_v_20_f_050.odb
1020_2a_40_rd_500_cal_0_v_20_f_0100,E:/Abaqus_calc/Vel_20/odb/Correct/1020_2a_40_rd_500_cal_0_v_20_f_0100.odb
1020_2a_40_rd_500_cal_0_v_20_f_025,E:/Abaqus_calc/Vel_20/odb/Correct/1020_2a_40_rd_500_cal_0_v_20_f_025.odb
1020_2a_40_rd_500_cal_0_v_20_f_050,E:/Abaqus_calc/Vel_20/odb/Correct/1020_2a_40_rd_500_cal_0_v_20_f_050.odb
1020_2a_40_rd_500_cal_100_v_20_f_0100,E:/Abaqus_calc/Vel_20/odb/Correct/1020_2a_40_rd_500_cal_100_v_20_f_0100.odb
1020_2a_40_rd_500_cal_100_v_20_f_025,E:/Abaqus_calc/Vel_20/odb/Correct/1020_2a_40_rd_500_cal_100_v_20_f_025.odb
1020_2a_40_rd_500_cal_100_v_20_f_050,E:/Abaqus_calc/Vel_20/odb/Correct/1020_2a_40_rd_500_cal_100_v_20_f_050.odb
1020_2a_40_rd_500_cal_10_v_20_f_0100,E:/Abaqus_calc/Vel_20/odb/Correct/1020_2a_40_rd_500_cal_10_v_20_f_0100.odb
1020_2a_40_rd_500_cal_10_v_20_f_025,E:/Abaqus_calc/Vel_20/odb/Correct/1020_2a_40_rd_500_cal_10_v_20_f_025.odb
1020_2a_40_rd_500_cal_10_v_20_f_050,E:/Abaqus_calc/Vel_20/odb/Correct/1020_2a_40_rd_500_cal_10_v_20_f_050.odb
1020_2a_40_rd_500_cal_30_v_20_f_0100,E:/Abaqus_calc/Vel_20/odb/Correct/1020_2a_40_rd_500_cal_30_v_20_f_0100.odb
1020_2a_40_rd_500_cal_30_v_20_f_025,E:/Abaqus_calc/Vel_20/odb/Correct/1020_2a_40_rd_500_cal_30_v_20_f_025.odb
1020_2a_40_rd_500_cal_30_v_20_f_050,E:/Abaqus_calc/Vel_20/odb/Correct/1020_2a_40_rd_500_cal_30_v_20_f_050.odb
1020_2a_40_rd_500_cal_50_v_20_f_0100,E:/Abaqus_calc/Vel_20/odb/Correct/1020_2a_40_rd_500_cal_50_v_20_f_0100.odb
1020_2a_40_rd_500_cal_50_v_20_f_025,E:/Abaqus_calc/Vel_20/odb/Correct/1020_2a_40_rd_500_cal_50_v_20_f_025.odb
1020_2a_40_rd_500_cal_50_v_20_f_050,E:/Abaqus_calc/Vel_20/odb/Correct/1020_2a_40_rd_500_cal_50_v_20_f_050.odb
1020_2a_40_rd_500_cal_75_v_20_f_0100,E:/Abaqus_calc/Vel_20/odb/Correct/1020_2a_40_rd_500_cal_75_v_20_f_0100.odb
1020_2a_40_rd_500_cal_75_v_20_f_025,E:/Abaqus_calc/Vel_20/odb/Correct/1020_2a_40_rd_500_cal_75_v_20_f_025.odb
1020_2a_40_rd_500_cal_75_v_20_f_050,E:/Abaqus_calc/Vel_20/odb/Correct/1020_2a_40_rd_500_cal_75_v_20_f_050.odb
1020_2a_8_rd_1000_cal_0_v_20_f_0100,E:/Abaqus_calc/Vel_20/odb/Correct/1020_2a_8_rd_1000_cal_0_v_20_f_0100.odb
1020_2a_8_rd_1000_cal_0_v_20_f_025,E:/Abaqus_calc/Vel_20/odb/Correct/1020_2a_8_rd_1000_cal_0_v_20_f_025.odb
1020_2a_8_rd_1000_cal_0_v_20_f_050,E:/Abaqus_calc/Vel_20/odb/Correct/1020_2a_8_rd_1000_cal_0_v_20_f_050.odb
1020_2a_8_rd_1000_cal_100_v_20_f_0100,E:/Abaqus_calc/Vel_20/odb/Correct/1020_2a_8_rd_1000_cal_100_v_20_f_0100.odb
1020_2a_8_rd_1000_cal_100_v_20_f_025,E:/Abaqus_calc/Vel_20/odb/Correct/1020_2a_8_rd_1000_cal_100_v_20_f_025.odb
1020_2a_8_rd_1000_cal_100_v_20_f_050,E:/Abaqus_calc/Vel_20/odb/Correct/1020_2a_8_rd_1000_cal_100_v_20_f_050.odb
1020_2a_8_rd_1000_cal_10_v_20_f_0100,E:/Abaqus_calc/Vel_20/odb/Correct/1020_2a_8_rd_1000_cal_10_v_20_f_0100.odb
1020_2a_8_rd_1000_cal_10_v_20_f_025,E:/Abaqus_calc/Vel_20/odb/Correct/1020_2a_8_rd_1000_cal_10_v_20_f_025.odb
1020_2a_8_rd_1000_cal_10_v_20_f_050,E:/Abaqus_calc/Vel_20/odb/Correct/1020_2a_8_rd_1000_cal_10_v_20_f_050.odb
1020_2a_8_rd_1000_cal_30_v_20_f_0100,E:/Abaqus_calc/Vel_20/odb/Correct/1020_2a_8_rd_1000_cal_30_v_20_f_0100.odb
1020_2a_8_rd_1000_cal_30_v_20_f_025,E:/Abaqus_calc/Vel_20/odb/Correct/1020_2a_8_rd_1000_cal_30_v_20_f_025.odb
1020_2a_8_rd_1000_cal_30_v_20_f_050,E:/Abaqus_calc/Vel_20/odb/Correct/1020_2a_8_rd_1000_cal_30_v_20_f_050.odb
1020_2a_8_rd_1000_cal_50_v_20_f_0100,E:/Abaqus_calc/Vel_20/odb/Correct/1020_2a_8_rd_1000_cal_50_v_20_f_0100.odb
1020_2a_8_rd_1000_cal_50_v_20_f_025,E:/Abaqus_calc/Vel_20/odb/Correct/1020_2a_8_rd_1000_cal_50_v_20_f_025.odb
1020_2a_8_rd_1000_cal_50_v_20_f_050,E:/Abaqus_calc/Vel_20/odb/Correct/1020_2a_8_rd_1000_cal_50_v_20_f_050.odb
1020_2a_8_rd_1000_cal_75_v_20_f_0100,E:/Abaqus_calc/Vel_20/odb/Correct/1020_2a_8_rd_1000_cal_75_v_20_f_0100.odb
1020_2a_8_rd_1000_cal_75_v_20_f_025,E:/Abaqus_calc/Vel_20/odb/Correct/1020_2a_8_rd_1000_cal_75_v_20_f_025.odb
1020_2a_8_rd_1000_cal_75_v_20_f_050,E:/Abaqus_calc/Vel_20/odb/Correct/1020_2a_8_rd_1000_cal_75_v_20_f_050.odb
1020_2a_8_rd_1500_cal_0_v_20_f_0100,E:/Abaqus_calc/Vel_20/odb/Correct/1020_2a_8_rd_1500_cal_0_v_20_f_0100.odb
1020_2a_8_rd_1500_cal_0_v_20_f_025,E:/Abaqus_calc/Vel_20/odb/Correct/1020_2a_8_rd_1500_cal_0_v_20_f_025.odb
1020_2a_8_rd_1500_cal_0_v_20_f_050,E:/Abaqus_calc/Vel_20/odb/Correct/1020_2a_8_rd_1500_cal_0_v_20_f_050.odb
1020_2a_8_rd_1500_cal_100_v_20_f_0100,E:/Abaqus_calc/Vel_20/odb/Correct/1020_2a_8_rd_1500_cal_100_v_20_f_0100.odb
1020_2a_8_rd_1500_cal_100_v_20_f_025,E:/Abaqus_calc/Vel_20/odb/Correct/1020_2a_8_rd_1500_cal_100_v_20_f_025.odb
1020_2a_8_rd_1500_cal_100_v_20_f_050,E:/Abaqus_calc/Vel_20/odb/Correct/1020_2a_8_rd_1500_cal_100_v_20_f_050.odb
1020_2a_8_rd_1500_cal_10_v_20_f_0100,E:/Abaqus_calc/Vel_20/odb/Correct/1020_2a_8_rd_1500_cal_10_v_20_f_0100.odb
1020_2a_8_rd_1500_cal_10_v_20_f_025,E:/Abaqus_calc/Vel_20/odb/Correct/1020_2a_8_rd_1500_cal_10_v_20_f_025.odb
1020_2a_8_rd_1500_cal_10_v_20_f_050,E:/Abaqus_calc/Vel_20/odb/Correct/1020_2a_8_rd_1500_cal_10_v_20_f_050.odb
1020_2a_8_rd_1500_cal_30_v_20_f_0100,E:/Abaqus_calc/Vel_20/odb/Correct/1020_2a_8_rd_1500_cal_30_v_20_f_0100.odb
1020_2a_8_rd_1500_cal_30_v_20_f_025,E:/Abaqus_calc/Vel_20/odb/Correct/1020_2a_8_rd_1500_cal_30_v_20_f_025.odb
1020_2a_8_rd_1500_cal_30_v_20_f_050,E:/Abaqus_calc/Vel_20/odb/Correct/1020_2a_8_rd_1500_cal_30_v_20_f_050.odb
1020_2a_8_rd_1500_cal_50_v_20_f_0100,E:/Abaqus_calc/Vel_20/odb/Correct/1020_2a_8_rd_1500_cal_50_v_20_f_0100.odb
1020_2a_8_rd_1500_cal_50_v_20_f_025,E:/Abaqus_calc/Vel_20/odb/Correct/1020_2a_8_rd_1500_cal_50_v_20_f_025.odb
1020_2a_8_rd_1500_cal_50_v_20_f_050,E:/Abaqus_calc/Vel_20/odb/Correct/1020_2a_8_rd_1500_cal_50_v_20_f_050.odb
1020_2a_8_rd_1500_cal_75_v_20_f_0100,E:/Abaqus_calc/Vel_20/odb/Correct/1020_2a_8_rd_1500_cal_75_v_20_f_0100.odb
1020_2a_8_rd_1500_cal_75_v_20_f_025,E:/Abaqus_calc/Vel_20/odb/Correct/1020_2a_8_rd_1500_cal_75_v_20_f_025.odb
1020_2a_8_rd_1500_cal_75_v_20_f_050,E:/Abaqus_calc/Vel_20/odb/Correct/1020_2a_8_rd_1500_cal_75_v_20_f_050.odb
1020_2a_8_rd_150_cal_0_v_20_f_0100,E:/Abaqus_calc/Vel_20/odb/Correct/1020_2a_8_rd_150_cal_0_v_20_f_0100.odb
1020_2a_8_rd_150_cal_0_v_20_f_025,E:/Abaqus_calc/Vel_20/odb/Correct/1020_2a_8_rd_150_cal_0_v_20_f_025.odb
1020_2a_8_rd_150_cal_0_v_20_f_050,E:/Abaqus_calc/Vel_20/odb/Correct/1020_2a_8_rd_150_cal_0_v_20_f_050.odb
1020_2a_8_rd_150_cal_100_v_20_f_0100,E:/Abaqus_calc/Vel_20/odb/Correct/1020_2a_8_rd_150_cal_100_v_20_f_0100.odb
1020_2a_8_rd_150_cal_100_v_20_f_025,E:/Abaqus_calc/Vel_20/odb/Correct/1020_2a_8_rd_150_cal_100_v_20_f_025.odb
1020_2a_8_rd_150_cal_100_v_20_f_050,E:/Abaqus_calc/Vel_20/odb/Correct/1020_2a_8_rd_150_cal_100_v_20_f_050.odb
1020_2a_8_rd_150_cal_10_v_20_f_0100,E:/Abaqus_calc/Vel_20/odb/Correct/1020_2a_8_rd_150_cal_10_v_20_f_0100.odb
1020_2a_8_rd_150_cal_10_v_20_f_025,E:/Abaqus_calc/Vel_20/odb/Correct/1020_2a_8_rd_150_cal_10_v_20_f_025.odb
1020_2a_8_rd_150_cal_10_v_20_f_050,E:/Abaqus_calc/Vel_20/odb/Correct/1020_2a_8_rd_150_cal_10_v_20_f_050.odb
1020_2a_8_rd_150_cal_30_v_20_f_0100,E:/Abaqus_calc/Vel_20/odb/Correct/1020_2a_8_rd_150_cal_30_v_20_f_0100.odb
1020_2a_8_rd_150_cal_30_v_20_f_025,E:/Abaqus_calc/Vel_20/odb/Correct/1020_2a_8_rd_150_cal_30_v_20_f_025.odb
1020_2a_8_rd_150_cal_30_v_20_f_050,E:/Abaqus_calc/Vel_20/odb/Correct/1020_2a_8_rd_150_cal_30_v_20_f_050.odb
1020_2a_8_rd_150_cal_50_v_20_f_0100,E:/Abaqus_calc/Vel_20/odb/Correct/1020_2a_8_rd_150_cal_50_v_20_f_0100.odb
1020_2a_8_rd_150_cal_50_v_20_f_025,E:/Abaqus_calc/Vel_20/odb/Correct/1020_2a_8_rd_150_cal_50_v_20_f_025.odb
1020_2a_8_rd_150_cal_50_v_20_f_050,E:/Abaqus_calc/Vel_20/odb/Correct/1020_2a_8_rd_150_cal_50_v_20_f_050.odb
1020_2a_8_rd_150_cal_75_v_20_f_0100,E:/Abaqus_calc/Vel_20/odb/Correct/1020_2a_8_rd_150_cal_75_v_20_f_0100.odb
1020_2a_8_rd_150_cal_75_v_20_f_025,E:/Abaqus_calc/Vel_20/odb/Correct/1020_2a_8_rd_150_cal_75_v_20_f_025.odb
1020_2a_8_rd_150_cal_75_v_20_f_050,E:/Abaqus_calc/Vel_20/odb/Correct/1020_2a_8_rd_150_cal_75_v_20_f_050.odb
1020_2a_8_rd_2000_cal_0_v_20_f_0100,E:/Abaqus_calc/Vel_20/odb/Correct/1020_2a_8_rd_2000_cal_0_v_20_f_0100.odb
1020_2a_8_rd_2000_cal_0_v_20_f_025,E:/Abaqus_calc/Vel_20/odb/Correct/1020_2a_8_rd_2000_cal_0_v_20_f_025.odb
1020_2a_8_rd_2000_cal_0_v_20_f_050,E:/Abaqus_calc/Vel_20/odb/Correct/1020_2a_8_rd_2000_cal_0_v_20_f_050.odb
1020_2a_8_rd_2000_cal_100_v_20_f_0100,E:/Abaqus_calc/Vel_20/odb/Correct/1020_2a_8_rd_2000_cal_100_v_20_f_0100.odb
1020_2a_8_rd_2000_cal_100_v_20_f_025,E:/Abaqus_calc/Vel_20/odb/Correct/1020_2a_8_rd_2000_cal_100_v_20_f_025.odb
1020_2a_8_rd_2000_cal_100_v_20_f_050,E:/Abaqus_calc/Vel_20/odb/Correct/1020_2a_8_rd_2000_cal_100_v_20_f_050.odb
1020_2a_8_rd_2000_cal_10_v_20_f_0100,E:/Abaqus_calc/Vel_20/odb/Correct/1020_2a_8_rd_2000_cal_10_v_20_f_0100.odb
1020_2a_8_rd_2000_cal_10_v_20_f_025,E:/Abaqus_calc/Vel_20/odb/Correct/1020_2a_8_rd_2000_cal_10_v_20_f_025.odb
1020_2a_8_rd_2000_cal_10_v_20_f_050,E:/Abaqus_calc/Vel_20/odb/Correct/1020_2a_8_rd_2000_cal_10_v_20_f_050.odb
1020_2a_8_rd_2000_cal_30_v_20_f_0100,E:/Abaqus_calc/Vel_20/odb/Correct/1020_2a_8_rd_2000_cal_30_v_20_f_0100.odb
1020_2a_8_rd_2000_cal_30_v_20_f_025,E:/Abaqus_calc/Vel_20/odb/Correct/1020_2a_8_rd_2000_cal_30_v_20_f_025.odb
1020_2a_8_rd_2000_cal_30_v_20_f_050,E:/Abaqus_calc/Vel_20/odb/Correct/1020_2a_8_rd_2000_cal_30_v_20_f_050.odb
1020_2a_8_rd_2000_cal_50_v_20_f_0100,E:/Abaqus_calc/Vel_20/odb/Correct/1020_2a_8_rd_2000_cal_50_v_20_f_0100.odb
1020_2a_8_rd_2000_cal_50_v_20_f_025,E:/Abaqus_calc/Vel_20/odb/Correct/1020_2a_8_rd_2000_cal_50_v_20_f_025.odb
1020_2a_8_rd_2000_cal_50_v_20_f_050,E:/Abaqus_calc/Vel_20/odb/Correct/1020_2a_8_rd_2000_cal_50_v_20_f_050.odb
1020_2a_8_rd_2000_cal_75_v_20_f_0100,E:/Abaqus_calc/Vel_20/odb/Correct/1020_2a_8_rd_2000_cal_75_v_20_f_0100.odb
1020_2a_8_rd_2000_cal_75_v_20_f_025,E:/Abaqus_calc/Vel_20/odb/Correct/1020_2a_8_rd_2000_cal_75_v_20_f_025.odb
1020_2a_8_rd_2000_cal_75_v_20_f_050,E:/Abaqus_calc/Vel_20/odb/Correct/1020_2a_8_rd_2000_cal_75_v_20_f_050.odb
1020_2a_8_rd_2500_cal_0_v_20_f_0100,E:/Abaqus_calc/Vel_20/odb/Correct/1020_2a_8_rd_2500_cal_0_v_20_f_0100.odb
1020_2a_8_rd_2500_cal_0_v_20_f_025,E:/Abaqus_calc/Vel_20/odb/Correct/1020_2a_8_rd_2500_cal_0_v_20_f_025.odb
1020_2a_8_rd_2500_cal_0_v_20_f_050,E:/Abaqus_calc/Vel_20/odb/Correct/1020_2a_8_rd_2500_cal_0_v_20_f_050.odb
1020_2a_8_rd_2500_cal_100_v_20_f_0100,E:/Abaqus_calc/Vel_20/odb/Correct/1020_2a_8_rd_2500_cal_100_v_20_f_0100.odb
1020_2a_8_rd_2500_cal_100_v_20_f_025,E:/Abaqus_calc/Vel_20/odb/Correct/1020_2a_8_rd_2500_cal_100_v_20_f_025.odb
1020_2a_8_rd_2500_cal_100_v_20_f_050,E:/Abaqus_calc/Vel_20/odb/Correct/1020_2a_8_rd_2500_cal_100_v_20_f_050.odb
1020_2a_8_rd_2500_cal_10_v_20_f_0100,E:/Abaqus_calc/Vel_20/odb/Correct/1020_2a_8_rd_2500_cal_10_v_20_f_0100.odb
1020_2a_8_rd_2500_cal_10_v_20_f_025,E:/Abaqus_calc/Vel_20/odb/Correct/1020_2a_8_rd_2500_cal_10_v_20_f_025.odb
1020_2a_8_rd_2500_cal_10_v_20_f_050,E:/Abaqus_calc/Vel_20/odb/Correct/1020_2a_8_rd_2500_cal_10_v_20_f_050.odb
1020_2a_8_rd_2500_cal_30_v_20_f_0100,E:/Abaqus_calc/Vel_20/odb/Correct/1020_2a_8_rd_2500_cal_30_v_20_f_0100.odb
1020_2a_8_rd_2500_cal_30_v_20_f_025,E:/Abaqus_calc/Vel_20/odb/Correct/1020_2a_8_rd_2500_cal_30_v_20_f_025.odb
1020_2a_8_rd_2500_cal_30_v_20_f_050,E:/Abaqus_calc/Vel_20/odb/Correct/1020_2a_8_rd_2500_cal_30_v_20_f_050.odb
1020_2a_8_rd_2500_cal_50_v_20_f_0100,E:/Abaqus_calc/Vel_20/odb/Correct/1020_2a_8_rd_2500_cal_50_v_20_f_0100.odb
1020_2a_8_rd_2500_cal_50_v_20_f_025,E:/Abaqus_calc/Vel_20/odb/Correct/1020_2a_8_rd_2500_cal_50_v_20_f_025.odb
1020_2a_8_rd_2500_cal_50_v_20_f_050,E:/Abaqus_calc/Vel_20/odb/Correct/1020_2a_8_rd_2500_cal_50_v_20_f_050.odb
1020_2a_8_rd_2500_cal_75_v_20_f_0100,E:/Abaqus_calc/Vel_20/odb/Correct/1020_2a_8_rd_2500_cal_75_v_20_f_0100.odb
1020_2a_8_rd_2500_cal_75_v_20_f_025,E:/Abaqus_calc/Vel_20/odb/Correct/1020_2a_8_rd_2500_cal_75_v_20_f_025.odb
1020_2a_8_rd_2500_cal_75_v_20_f_050,E:/Abaqus_calc/Vel_20/odb/Correct/1020_2a_8_rd_2500_cal_75_v_20_f_050.odb
1020_2a_8_rd_250_cal_0_v_20_f_0100,E:/Abaqus_calc/Vel_20/odb/Correct/1020_2a_8_rd_250_cal_0_v_20_f_0100.odb
1020_2a_8_rd_250_cal_0_v_20_f_025,E:/Abaqus_calc/Vel_20/odb/Correct/1020_2a_8_rd_250_cal_0_v_20_f_025.odb
1020_2a_8_rd_250_cal_0_v_20_f_050,E:/Abaqus_calc/Vel_20/odb/Correct/1020_2a_8_rd_250_cal_0_v_20_f_050.odb
1020_2a_8_rd_250_cal_100_v_20_f_0100,E:/Abaqus_calc/Vel_20/odb/Correct/1020_2a_8_rd_250_cal_100_v_20_f_0100.odb
1020_2a_8_rd_250_cal_100_v_20_f_025,E:/Abaqus_calc/Vel_20/odb/Correct/1020_2a_8_rd_250_cal_100_v_20_f_025.odb
1020_2a_8_rd_250_cal_100_v_20_f_050,E:/Abaqus_calc/Vel_20/odb/Correct/1020_2a_8_rd_250_cal_100_v_20_f_050.odb
1020_2a_8_rd_250_cal_10_v_20_f_0100,E:/Abaqus_calc/Vel_20/odb/Correct/1020_2a_8_rd_250_cal_10_v_20_f_0100.odb
1020_2a_8_rd_250_cal_10_v_20_f_025,E:/Abaqus_calc/Vel_20/odb/Correct/1020_2a_8_rd_250_cal_10_v_20_f_025.odb
1020_2a_8_rd_250_cal_10_v_20_f_050,E:/Abaqus_calc/Vel_20/odb/Correct/1020_2a_8_rd_250_cal_10_v_20_f_050.odb
1020_2a_8_rd_250_cal_30_v_20_f_0100,E:/Abaqus_calc/Vel_20/odb/Correct/1020_2a_8_rd_250_cal_30_v_20_f_0100.odb
1020_2a_8_rd_250_cal_30_v_20_f_025,E:/Abaqus_calc/Vel_20/odb/Correct/1020_2a_8_rd_250_cal_30_v_20_f_025.odb
1020_2a_8_rd_250_cal_30_v_20_f_050,E:/Abaqus_calc/Vel_20/odb/Correct/1020_2a_8_rd_250_cal_30_v_20_f_050.odb
1020_2a_8_rd_250_cal_50_v_20_f_0100,E:/Abaqus_calc/Vel_20/odb/Correct/1020_2a_8_rd_250_cal_50_v_20_f_0100.odb
1020_2a_8_rd_250_cal_50_v_20_f_025,E:/Abaqus_calc/Vel_20/odb/Correct/1020_2a_8_rd_250_cal_50_v_20_f_025.odb
1020_2a_8_rd_250_cal_50_v_20_f_050,E:/Abaqus_calc/Vel_20/odb/Correct/1020_2a_8_rd_250_cal_50_v_20_f_050.odb
1020_2a_8_rd_250_cal_75_v_20_f_0100,E:/Abaqus_calc/Vel_20/odb/Correct/1020_2a_8_rd_250_cal_75_v_20_f_0100.odb
1020_2a_8_rd_250_cal_75_v_20_f_025,E:/Abaqus_calc/Vel_20/odb/Correct/1020_2a_8_rd_250_cal_75_v_20_f_025.odb
1020_2a_8_rd_250_cal_75_v_20_f_050,E:/Abaqus_calc/Vel_20/odb/Correct/1020_2a_8_rd_250_cal_75_v_20_f_050.odb
1020_2a_8_rd_500_cal_0_v_20_f_0100,E:/Abaqus_calc/Vel_20/odb/Correct/1020_2a_8_rd_500_cal_0_v_20_f_0100.odb
1020_2a_8_rd_500_cal_0_v_20_f_025,E:/Abaqus_calc/Vel_20/odb/Correct/1020_2a_8_rd_500_cal_0_v_20_f_025.odb
1020_2a_8_rd_500_cal_0_v_20_f_050,E:/Abaqus_calc/Vel_20/odb/Correct/1020_2a_8_rd_500_cal_0_v_20_f_050.odb
1020_2a_8_rd_500_cal_100_v_20_f_0100,E:/Abaqus_calc/Vel_20/odb/Correct/1020_2a_8_rd_500_cal_100_v_20_f_0100.odb
1020_2a_8_rd_500_cal_100_v_20_f_025,E:/Abaqus_calc/Vel_20/odb/Correct/1020_2a_8_rd_500_cal_100_v_20_f_025.odb
1020_2a_8_rd_500_cal_100_v_20_f_050,E:/Abaqus_calc/Vel_20/odb/Correct/1020_2a_8_rd_500_cal_100_v_20_f_050.odb
1020_2a_8_rd_500_cal_10_v_20_f_0100,E:/Abaqus_calc/Vel_20/odb/Correct/1020_2a_8_rd_500_cal_10_v_20_f_0100.odb
1020_2a_8_rd_500_cal_10_v_20_f_025,E:/Abaqus_calc/Vel_20/odb/Correct/1020_2a_8_rd_500_cal_10_v_20_f_025.odb
1020_2a_8_rd_500_cal_10_v_20_f_050,E:/Abaqus_calc/Vel_20/odb/Correct/1020_2a_8_rd_500_cal_10_v_20_f_050.odb
1020_2a_8_rd_500_cal_30_v_20_f_0100,E:/Abaqus_calc/Vel_20/odb/Correct/1020_2a_8_rd_500_cal_30_v_20_f_0100.odb
1020_2a_8_rd_500_cal_30_v_20_f_025,E:/Abaqus_calc/Vel_20/odb/Correct/1020_2a_8_rd_500_cal_30_v_20_f_025.odb
1020_2a_8_rd_500_cal_30_v_20_f_050,E:/Abaqus_calc/Vel_20/odb/Correct/1020_2a_8_rd_500_cal_30_v_20_f_050.odb
1020_2a_8_rd_500_cal_50_v_20_f_0100,E:/Abaqus_calc/Vel_20/odb/Correct/1020_2a_8_rd_500_cal_50_v_20_f_0100.odb
1020_2a_8_rd_500_cal_50_v_20_f_025,E:/Abaqus_calc/Vel_20/odb/Correct/1020_2a_8_rd_500_cal_50_v_20_f_025.odb
1020_2a_8_rd_500_cal_50_v_20_f_050,E:/Abaqus_calc/Vel_20/odb/Correct/1020_2a_8_rd_500_cal_50_v_20_f_050.odb
1020_2a_8_rd_500_cal_75_v_20_f_0100,E:/Abaqus_calc/Vel_20/odb/Correct/1020_2a_8_rd_500_cal_75_v_20_f_0100.odb
1020_2a_8_rd_500_cal_75_v_20_f_025,E:/Abaqus_calc/Vel_20/odb/Correct/1020_2a_8_rd_500_cal_75_v_20_f_025.odb
1020_2a_8_rd_500_cal_75_v_20_f_050,E:/Abaqus_calc/Vel_20/odb/Correct/1020_2a_8_rd_500_cal_75_v_20_f_050.odb
1020_2a_16_rd_1000_cal_0_v_250_f_0100,H:/Calculations_Abaqus_2022/Vel_250/1020_2a_16_rd_1000_cal_0_v_250_f_0100.odb
1020_2a_16_rd_1000_cal_0_v_250_f_025,H:/Calculations_Abaqus_2022/Vel_250/1020_2a_16_rd_1000_cal_0_v_250_f_025.odb
1020_2a_16_rd_1000_cal_0_v_250_f_050,H:/Calculations_Abaqus_2022/Vel_250/1020_2a_16_rd_1000_cal_0_v_250_f_050.odb
1020_2a_16_rd_1000_cal_100_v_250_f_0100,H:/Calculations_Abaqus_2022/Vel_250/1020_2a_16_rd_1000_cal_100_v_250_f_0100.odb
1020_2a_16_rd_1000_cal_100_v_250_f_025,H:/Calculations_Abaqus_2022/Vel_250/1020_2a_16_rd_1000_cal_100_v_250_f_025.odb
1020_2a_16_rd_1000_cal_100_v_250_f_050,H:/Calculations_Abaqus_2022/Vel_250/1020_2a_16_rd_1000_cal_100_v_250_f_050.odb
1020_2a_16_rd_1000_cal_10_v_250_f_0100,H:/Calculations_Abaqus_2022/Vel_250/1020_2a_16_rd_1000_cal_10_v_250_f_0100.odb
1020_2a_16_rd_1000_cal_10_v_250_f_025,H:/Calculations_Abaqus_2022/Vel_250/1020_2a_16_rd_1000_cal_10_v_250_f_025.odb
1020_2a_16_rd_1000_cal_10_v_250_f_050,H:/Calculations_Abaqus_2022/Vel_250/1020_2a_16_rd_1000_cal_10_v_250_f_050.odb
1020_2a_16_rd_1000_cal_30_v_250_f_0100,H:/Calculations_Abaqus_2022/Vel_250/1020_2a_16_rd_1000_cal_30_v_250_f_0100.odb
1020_2a_16_rd_1000_cal_30_v_250_f_025,H:/Calculations_Abaqus_2022/Vel_250/1020_2a_16_rd_1000_cal_30_v_250_f_025.odb
1020_2a_16_rd_1000_cal_30_v_250_f_050,H:/Calculations_Abaqus_2022/Vel_250/1020_2a_16_rd_1000_cal_30_v_250_f_050.odb
1020_2a_16_rd_1000_cal_50_v_250_f_0100,H:/Calculations_Abaqus_2022/Vel_250/1020_2a_16_rd_1000_cal_50_v_250_f_0100.odb
1020_2a_16_rd_1000_cal_50_v_250_f_025,H:/Calculations_Abaqus_2022/Vel_250/1020_2a_16_rd_1000_cal_50_v_250_f_025.odb
1020_2a_16_rd_1000_cal_50_v_250_f_050,H:/Calculations_Abaqus_2022/Vel_250/1020_2a_16_rd_1000_cal_50_v_250_f_050.odb
1020_2a_16_rd_1000_cal_75_v_250_f_0100,H:/Calculations_Abaqus_2022/Vel_250/1020_2a_16_rd_1000_cal_75_v_250_f_0100.odb
1020_2a_16_rd_1000_cal_75_v_250_f_025,H:/Calculations_Abaqus_2022/Vel_250/1020_2a_16_rd_1000_cal_75_v_250_f_025.odb
1020_2a_16_rd_1000_cal_75_v_250_f_050,H:/Calculations_Abaqus_2022/Vel_250/1020_2a_16_rd_1000_cal_75_v_250_f_050.odb
1020_2a_16_rd_1500_cal_0_v_250_f_0100,H:/Calculations_Abaqus_2022/Vel_250/1020_2a_16_rd_1500_cal_0_v_250_f_0100.odb
1020_2a_16_rd_1500_cal_0_v_250_f_025,H:/Calculations_Abaqus_2022/Vel_250/1020_2a_16_rd_1500_cal_0_v_250_f_025.odb
1020_2a_16_rd_1500_cal_0_v_250_f_050,H:/Calculations_Abaqus_2022/Vel_250/1020_2a_16_rd_1500_cal_0_v_250_f_050.odb
1020_2a_16_rd_1500_cal_100_v_250_f_0100,H:/Calculations_Abaqus_2022/Vel_250/1020_2a_16_rd_1500_cal_100_v_250_f_0100.odb
1020_2a_16_rd_1500_cal_100_v_250_f_025,H:/Calculations_Abaqus_2022/Vel_250/1020_2a_16_rd_1500_cal_100_v_250_f_025.odb
1020_2a_16_rd_1500_cal_100_v_250_f_050,H:/Calculations_Abaqus_2022/Vel_250/1020_2a_16_rd_1500_cal_100_v_250_f_050.odb
1020_2a_16_rd_1500_cal_10_v_250_f_0100,H:/Calculations_Abaqus_2022/Vel_250/1020_2a_16_rd_1500_cal_10_v_250_f_0100.odb
1020_2a_16_rd_1500_cal_10_v_250_f_025,H:/Calculations_Abaqus_2022/Vel_250/1020_2a_16_rd_1500_cal_10_v_250_f_025.odb
1020_2a_16_rd_1500_cal_10_v_250_f_050,H:/Calculations_Abaqus_2022/Vel_250/1020_2a_16_rd_1500_cal_10_v_250_f_050.odb
1020_2a_16_rd_1500_cal_30_v_250_f_0100,H:/Calculations_Abaqus_2022/Vel_250/1020_2a_16_rd_1500_cal_30_v_250_f_0100.odb
1020_2a_16_rd_1500_cal_30_v_250_f_025,H:/Calculations_Abaqus_2022/Vel_250/1020_2a_16_rd_1500_cal_30_v_250_f_025.odb
1020_2a_16_rd_1500_cal_30_v_250_f_050,H:/Calculations_Abaqus_2022/Vel_250/1020_2a_16_rd_1500_cal_30_v_250_f_050.odb
1020_2a_16_rd_1500_cal_50_v_250_f_0100,H:/Calculations_Abaqus_2022/Vel_250/1020_2a_16_rd_1500_cal_50_v_250_f_0100.odb
1020_2a_16_rd_1500_cal_50_v_250_f_025,H:/Calculations_Abaqus_2022/Vel_250/1020_2a_16_rd_1500_cal_50_v_250_f_025.odb
1020_2a_16_rd_1500_cal_50_v_250_f_050,H:/Calculations_Abaqus_2022/Vel_250/1020_2a_16_rd_1500_cal_50_v_250_f_050.odb
1020_2a_16_rd_1500_cal_75_v_250_f_0100,H:/Calculations_Abaqus_2022/Vel_250/1020_2a_16_rd_1500_cal_75_v_250_f_0100.odb
1020_2a_16_rd_1500_cal_75_v_250_f_025,H:/Calculations_Abaqus_2022/Vel_250/1020_2a_16_rd_1500_cal_75_v_250_f_025.odb
1020_2a_16_rd_1500_cal_75_v_250_f_050,H:/Calculations_Abaqus_2022/Vel_250/1020_2a_16_rd_1500_cal_75_v_250_f_050.odb
1020_2a_16_rd_150_cal_0_v_250_f_0100,H:/Calculations_Abaqus_2022/Vel_250/1020_2a_16_rd_150_cal_0_v_250_f_0100.odb
1020_2a_16_rd_150_cal_0_v_250_f_025,H:/Calculations_Abaqus_2022/Vel_250/1020_2a_16_rd_150_cal_0_v_250_f_025.odb
1020_2a_16_rd_150_cal_0_v_250_f_050,H:/Calculations_Abaqus_2022/Vel_250/1020_2a_16_rd_150_cal_0_v_250_f_050.odb
1020_2a_16_rd_150_cal_100_v_250_f_0100,H:/Calculations_Abaqus_2022/Vel_250/1020_2a_16_rd_150_cal_100_v_250_f_0100.odb
1020_2a_16_rd_150_cal_100_v_250_f_025,H:/Calculations_Abaqus_2022/Vel_250/1020_2a_16_rd_150_cal_100_v_250_f_025.odb
1020_2a_16_rd_150_cal_100_v_250_f_050,H:/Calculations_Abaqus_2022/Vel_250/1020_2a_16_rd_150_cal_100_v_250_f_050.odb
1020_2a_16_rd_150_cal_10_v_250_f_0100,H:/Calculations_Abaqus_2022/Vel_250/1020_2a_16_rd_150_cal_10_v_250_f_0100.odb
1020_2a_16_rd_150_cal_10_v_250_f_025,H:/Calculations_Abaqus_2022/Vel_250/1020_2a_16_rd_150_cal_10_v_250_f_025.odb
1020_2a_16_rd_150_cal_10_v_250_f_050,H:/Calculations_Abaqus_2022/Vel_250/1020_2a_16_rd_150_cal_10_v_250_f_050.odb
1020_2a_16_rd_150_cal_30_v_250_f_0100,H:/Calculations_Abaqus_2022/Vel_250/1020_2a_16_rd_150_cal_30_v_250_f_0100.odb
1020_2a_16_rd_150_cal_30_v_250_f_025,H:/Calculations_Abaqus_2022/Vel_250/1020_2a_16_rd_150_cal_30_v_250_f_025.odb
1020_2a_16_rd_150_cal_30_v_250_f_050,H:/Calculations_Abaqus_2022/Vel_250/1020_2a_16_rd_150_cal_30_v_250_f_050.odb
1020_2a_16_rd_150_cal_50_v_250_f_0100,H:/Calculations_Abaqus_2022/Vel_250/1020_2a_16_rd_150_cal_50_v_250_f_0100.odb
1020_2a_16_rd_150_cal_50_v_250_f_025,H:/Calculations_Abaqus_2022/Vel_250/1020_2a_16_rd_150_cal_50_v_250_f_025.odb
1020_2a_16_rd_150_cal_50_v_250_f_050,H:/Calculations_Abaqus_2022/Vel_250/1020_2a_16_rd_150_cal_50_v_250_f_050.odb
1020_2a_16_rd_150_cal_75_v_250_f_0100,H:/Calculations_Abaqus_2022/Vel_250/1020_2a_16_rd_150_cal_75_v_250_f_0100.odb
1020_2a_16_rd_150_cal_75_v_250_f_025,H:/Calculations_Abaqus_2022/Vel_250/1020_2a_16_rd_150_cal_75_v_250_f_025.odb
1020_2a_16_rd_150_cal_75_v_250_f_050,H:/Calculations_Abaqus_2022/Vel_250/1020_2a_16_rd_150_cal_75_v_250_f_050.odb
1020_2a_16_rd_2000_cal_0_v_250_f_0100,H:/Calculations_Abaqus_2022/Vel_250/1020_2a_16_rd_2000_cal_0_v_250_f_0100.odb
1020_2a_16_rd_2000_cal_0_v_250_f_025,H:/Calculations_Abaqus_2022/Vel_250/1020_2a_16_rd_2000_cal_0_v_250_f_025.odb
1020_2a_16_rd_2000_cal_0_v_250_f_050,H:/Calculations_Abaqus_2022/Vel_250/1020_2a_16_rd_2000_cal_0_v_250_f_050.odb
1020_2a_16_rd_2000_cal_100_v_250_f_0100,H:/Calculations_Abaqus_2022/Vel_250/1020_2a_16_rd_2000_cal_100_v_250_f_0100.odb
1020_2a_16_rd_2000_cal_100_v_250_f_025,H:/Calculations_Abaqus_2022/Vel_250/1020_2a_16_rd_2000_cal_100_v_250_f_025.odb
1020_2a_16_rd_2000_cal_100_v_250_f_050,H:/Calculations_Abaqus_2022/Vel_250/1020_2a_16_rd_2000_cal_100_v_250_f_050.odb
1020_2a_16_rd_2000_cal_10_v_250_f_0100,H:/Calculations_Abaqus_2022/Vel_250/1020_2a_16_rd_2000_cal_10_v_250_f_0100.odb
1020_2a_16_rd_2000_cal_10_v_250_f_025,H:/Calculations_Abaqus_2022/Vel_250/1020_2a_16_rd_2000_cal_10_v_250_f_025.odb
1020_2a_16_rd_2000_cal_10_v_250_f_050,H:/Calculations_Abaqus_2022/Vel_250/1020_2a_16_rd_2000_cal_10_v_250_f_050.odb
1020_2a_16_rd_2000_cal_30_v_250_f_0100,H:/Calculations_Abaqus_2022/Vel_250/1020_2a_16_rd_2000_cal_30_v_250_f_0100.odb
1020_2a_16_rd_2000_cal_30_v_250_f_025,H:/Calculations_Abaqus_2022/Vel_250/1020_2a_16_rd_2000_cal_30_v_250_f_025.odb
1020_2a_16_rd_2000_cal_30_v_250_f_050,H:/Calculations_Abaqus_2022/Vel_250/1020_2a_16_rd_2000_cal_30_v_250_f_050.odb
1020_2a_16_rd_2000_cal_50_v_250_f_0100,H:/Calculations_Abaqus_2022/Vel_250/1020_2a_16_rd_2000_cal_50_v_250_f_0100.odb
1020_2a_16_rd_2000_cal_50_v_250_f_025,H:/Calculations_Abaqus_2022/Vel_250/1020_2a_16_rd_2000_cal_50_v_250_f_025.odb
1020_2a_16_rd_2000_cal_50_v_250_f_050,H:/Calculations_Abaqus_2022/Vel_250/1020_2a_16_rd_2000_cal_50_v_250_f_050.odb
1020_2a_16_rd_2000_cal_75_v_250_f_0100,H:/Calculations_Abaqus_2022/Vel_250/1020_2a_16_rd_2000_cal_75_v_250_f_0100.odb
1020_2a_16_rd_2000_cal_75_v_250_f_025,H:/Calculations_Abaqus_2022/Vel_250/1020_2a_16_rd_2000_cal_75_v_250_f_025.odb
1020_2a_16_rd_2000_cal_75_v_250_f_050,H:/Calculations_Abaqus_2022/Vel_250/1020_2a_16_rd_2000_cal_75_v_250_f_050.odb
1020_2a_16_rd_2500_cal_0_v_250_f_0100,H:/Calculations_Abaqus_2022/Vel_250/1020_2a_16_rd_2500_cal_0_v_250_f_0100.odb
1020_2a_16_rd_2500_cal_0_v_250_f_025,H:/Calculations_Abaqus_2022/Vel_250/1020_2a_16_rd_2500_cal_0_v_250_f_025.odb
1020_2a_16_rd_2500_cal_0_v_250_f_050,H:/Calculations_Abaqus_2022/Vel_250/1020_2a_16_rd_2500_cal_0_v_250_f_050.odb
1020_2a_16_rd_2500_cal_100_v_250_f_0100,H:/Calculations_Abaqus_2022/Vel_250/1020_2a_16_rd_2500_cal_100_v_250_f_0100.odb
1020_2a_16_rd_2500_cal_100_v_250_f_025,H:/Calculations_Abaqus_2022/Vel_250/1020_2a_16_rd_2500_cal_100_v_250_f_025.odb
1020_2a_16_rd_2500_cal_100_v_250_f_050,H:/Calculations_Abaqus_2022/Vel_250/1020_2a_16_rd_2500_cal_100_v_250_f_050.odb
1020_2a_16_rd_2500_cal_10_v_250_f_0100,H:/Calculations_Abaqus_2022/Vel_250/1020_2a_16_rd_2500_cal_10_v_250_f_0100.odb
1020_2a_16_rd_2500_cal_10_v_250_f_025,H:/Calculations_Abaqus_2022/Vel_250/1020_2a_16_rd_2500_cal_10_v_250_f_025.odb
1020_2a_16_rd_2500_cal_10_v_250_f_050,H:/Calculations_Abaqus_2022/Vel_250/1020_2a_16_rd_2500_cal_10_v_250_f_050.odb
1020_2a_16_rd_2500_cal_30_v_250_f_0100,H:/Calculations_Abaqus_2022/Vel_250/1020_2a_16_rd_2500_cal_30_v_250_f_0100.odb
1020_2a_16_rd_2500_cal_30_v_250_f_025,H:/Calculations_Abaqus_2022/Vel_250/1020_2a_16_rd_2500_cal_30_v_250_f_025.odb
1020_2a_16_rd_2500_cal_30_v_250_f_050,H:/Calculations_Abaqus_2022/Vel_250/1020_2a_16_rd_2500_cal_30_v_250_f_050.odb
1020_2a_16_rd_2500_cal_50_v_250_f_0100,H:/Calculations_Abaqus_2022/Vel_250/1020_2a_16_rd_2500_cal_50_v_250_f_0100.odb
1020_2a_16_rd_2500_cal_50_v_250_f_025,H:/Calculations_Abaqus_2022/Vel_250/1020_2a_16_rd_2500_cal_50_v_250_f_025.odb
1020_2a_16_rd_2500_cal_50_v_250_f_050,H:/Calculations_Abaqus_2022/Vel_250/1020_2a_16_rd_2500_cal_50_v_250_f_050.odb
1020_2a_16_rd_2500_cal_75_v_250_f_0100,H:/Calculations_Abaqus_2022/Vel_250/1020_2a_16_rd_2500_cal_75_v_250_f_0100.odb
1020_2a_16_rd_2500_cal_75_v_250_f_025,H:/Calculations_Abaqus_2022/Vel_250/1020_2a_16_rd_2500_cal_75_v_250_f_025.odb
1020_2a_16_rd_2500_cal_75_v_250_f_050,H:/Calculations_Abaqus_2022/Vel_250/1020_2a_16_rd_2500_cal_75_v_250_f_050.odb
1020_2a_16_rd_250_cal_0_v_250_f_0100,H:/Calculations_Abaqus_2022/Vel_250/1020_2a_16_rd_250_cal_0_v_250_f_0100.odb
1020_2a_16_rd_250_cal_0_v_250_f_025,H:/Calculations_Abaqus_2022/Vel_250/1020_2a_16_rd_250_cal_0_v_250_f_025.odb
1020_2a_16_rd_250_cal_0_v_250_f_050,H:/Calculations_Abaqus_2022/Vel_250/1020_2a_16_rd_250_cal_0_v_250_f_050.odb
1020_2a_16_rd_250_cal_100_v_250_f_0100,H:/Calculations_Abaqus_2022/Vel_250/1020_2a_16_rd_250_cal_100_v_250_f_0100.odb
1020_2a_16_rd_250_cal_100_v_250_f_025,H:/Calculations_Abaqus_2022/Vel_250/1020_2a_16_rd_250_cal_100_v_250_f_025.odb
1020_2a_16_rd_250_cal_100_v_250_f_050,H:/Calculations_Abaqus_2022/Vel_250/1020_2a_16_rd_250_cal_100_v_250_f_050.odb
1020_2a_16_rd_250_cal_10_v_250_f_0100,H:/Calculations_Abaqus_2022/Vel_250/1020_2a_16_rd_250_cal_10_v_250_f_0100.odb
1020_2a_16_rd_250_cal_10_v_250_f_025,H:/Calculations_Abaqus_2022/Vel_250/1020_2a_16_rd_250_cal_10_v_250_f_025.odb
1020_2a_16_rd_250_cal_10_v_250_f_050,H:/Calculations_Abaqus_2022/Vel_250/1020_2a_16_rd_250_cal_10_v_250_f_050.odb
1020_2a_16_rd_250_cal_30_v_250_f_0100,H:/Calculations_Abaqus_2022/Vel_250/1020_2a_16_rd_250_cal_30_v_250_f_0100.odb
1020_2a_16_rd_250_cal_30_v_250_f_025,H:/Calculations_Abaqus_2022/Vel_250/1020_2a_16_rd_250_cal_30_v_250_f_025.odb
1020_2a_16_rd_250_cal_30_v_250_f_050,H:/Calculations_Abaqus_2022/Vel_250/1020_2a_16_rd_250_cal_30_v_250_f_050.odb
1020_2a_16_rd_250_cal_50_v_250_f_0100,H:/Calculations_Abaqus_2022/Vel_250/1020_2a_16_rd_250_cal_50_v_250_f_0100.odb
1020_2a_16_rd_250_cal_50_v_250_f_025,H:/Calculations_Abaqus_2022/Vel_250/1020_2a_16_rd_250_cal_50_v_250_f_025.odb
1020_2a_16_rd_250_cal_50_v_250_f_050,H:/Calculations_Abaqus_2022/Vel_250/1020_2a_16_rd_250_cal_50_v_250_f_050.odb
1020_2a_16_rd_250_cal_75_v_250_f_0100,H:/Calculations_Abaqus_2022/Vel_250/1020_2a_16_rd_250_cal_75_v_250_f_0100.odb
1020_2a_16_rd_250_cal_75_v_250_f_025,H:/Calculations_Abaqus_2022/Vel_250/1020_2a_16_rd_250_cal_75_v_250_f_025.odb
1020_2a_16_rd_250_cal_75_v_250_f_050,H:/Calculations_Abaqus_2022/Vel_250/1020_2a_16_rd_250_cal_75_v_250_f_050.odb
1020_2a_16_rd_500_cal_0_v_250_f_0100,H:/Calculations_Abaqus_2022/Vel_250/1020_2a_16_rd_500_cal_0_v_250_f_0100.odb
1020_2a_16_rd_500_cal_0_v_250_f_025,H:/Calculations_Abaqus_2022/Vel_250/1020_2a_16_rd_500_cal_0_v_250_f_025.odb
1020_2a_16_rd_500_cal_0_v_250_f_050,H:/Calculations_Abaqus_2022/Vel_250/1020_2a_16_rd_500_cal_0_v_250_f_050.odb
1020_2a_16_rd_500_cal_100_v_250_f_0100,H:/Calculations_Abaqus_2022/Vel_250/1020_2a_16_rd_500_cal_100_v_250_f_0100.odb
1020_2a_16_rd_500_cal_100_v_250_f_025,H:/Calculations_Abaqus_2022/Vel_250/1020_2a_16_rd_500_cal_100_v_250_f_025.odb
1020_2a_16_rd_500_cal_100_v_250_f_050,H:/Calculations_Abaqus_2022/Vel_250/1020_2a_16_rd_500_cal_100_v_250_f_050.odb
1020_2a_16_rd_500_cal_10_v_250_f_0100,H:/Calculations_Abaqus_2022/Vel_250/1020_2a_16_rd_500_cal_10_v_250_f_0100.odb
1020_2a_16_rd_500_cal_10_v_250_f_025,H:/Calculations_Abaqus_2022/Vel_250/1020_2a_16_rd_500_cal_10_v_250_f_025.odb
1020_2a_16_rd_500_cal_10_v_250_f_050,H:/Calculations_Abaqus_2022/Vel_250/1020_2a_16_rd_500_cal_10_v_250_f_050.odb
1020_2a_16_rd_500_cal_30_v_250_f_0100,H:/Calculations_Abaqus_2022/Vel_250/1020_2a_16_rd_500_cal_30_v_250_f_0100.odb
1020_2a_16_rd_500_cal_30_v_250_f_025,H:/Calculations_Abaqus_2022/Vel_250/1020_2a_16_rd_500_cal_30_v_250_f_025.odb
1020_2a_16_rd_500_cal_30_v_250_f_050,H:/Calculations_Abaqus_2022/Vel_250/1020_2a_16_rd_500_cal_30_v_250_f_050.odb
1020_2a_16_rd_500_cal_50_v_250_f_0100,H:/Calculations_Abaqus_2022/Vel_250/1020_2a_16_rd_500_cal_50_v_250_f_0100.odb
1020_2a_16_rd_500_cal_50_v_250_f_025,H:/Calculations_Abaqus_2022/Vel_250/1020_2a_16_rd_500_cal_50_v_250_f_025.odb
1020_2a_16_rd_500_cal_50_v_250_f_050,H:/Calculations_Abaqus_2022/Vel_250/1020_2a_16_rd_500_cal_50_v_250_f_050.odb
1020_2a_16_rd_500_cal_75_v_250_f_0100,H:/Calculations_Abaqus_2022/Vel_250/1020_2a_16_rd_500_cal_75_v_250_f_0100.odb
1020_2a_16_rd_500_cal_75_v_250_f_025,H:/Calculations_Abaqus_2022/Vel_250/1020_2a_16_rd_500_cal_75_v_250_f_025.odb
1020_2a_16_rd_500_cal_75_v_250_f_050,H:/Calculations_Abaqus_2022/Vel_250/1020_2a_16_rd_500_cal_75_v_250_f_050.odb
1020_2a_24_rd_1000_cal_0_v_250_f_0100,H:/Calculations_Abaqus_2022/Vel_250/1020_2a_24_rd_1000_cal_0_v_250_f_0100.odb
1020_2a_24_rd_1000_cal_0_v_250_f_025,H:/Calculations_Abaqus_2022/Vel_250/1020_2a_24_rd_1000_cal_0_v_250_f_025.odb
1020_2a_24_rd_1000_cal_0_v_250_f_050,H:/Calculations_Abaqus_2022/Vel_250/1020_2a_24_rd_1000_cal_0_v_250_f_050.odb
1020_2a_24_rd_1000_cal_100_v_250_f_0100,H:/Calculations_Abaqus_2022/Vel_250/1020_2a_24_rd_1000_cal_100_v_250_f_0100.odb
1020_2a_24_rd_1000_cal_100_v_250_f_025,H:/Calculations_Abaqus_2022/Vel_250/1020_2a_24_rd_1000_cal_100_v_250_f_025.odb
1020_2a_24_rd_1000_cal_100_v_250_f_050,H:/Calculations_Abaqus_2022/Vel_250/1020_2a_24_rd_1000_cal_100_v_250_f_050.odb
1020_2a_24_rd_1000_cal_10_v_250_f_0100,H:/Calculations_Abaqus_2022/Vel_250/1020_2a_24_rd_1000_cal_10_v_250_f_0100.odb
1020_2a_24_rd_1000_cal_10_v_250_f_025,H:/Calculations_Abaqus_2022/Vel_250/1020_2a_24_rd_1000_cal_10_v_250_f_025.odb
1020_2a_24_rd_1000_cal_10_v_250_f_050,H:/Calculations_Abaqus_2022/Vel_250/1020_2a_24_rd_1000_cal_10_v_250_f_050.odb
1020_2a_24_rd_1000_cal_30_v_250_f_0100,H:/Calculations_Abaqus_2022/Vel_250/1020_2a_24_rd_1000_cal_30_v_250_f_0100.odb
1020_2a_24_rd_1000_cal_30_v_250_f_025,H:/Calculations_Abaqus_2022/Vel_250/1020_2a_24_rd_1000_cal_30_v_250_f_025.odb
1020_2a_24_rd_1000_cal_30_v_250_f_050,H:/Calculations_Abaqus_2022/Vel_250/1020_2a_24_rd_1000_cal_30_v_250_f_050.odb
1020_2a_24_rd_1000_cal_50_v_250_f_0100,H:/Calculations_Abaqus_2022/Vel_250/1020_2a_24_rd_1000_cal_50_v_250_f_0100.odb
1020_2a_24_rd_1000_cal_50_v_250_f_025,H:/Calculations_Abaqus_2022/Vel_250/1020_2a_24_rd_1000_cal_50_v_250_f_025.odb
1020_2a_24_rd_1000_cal_50_v_250_f_050,H:/Calculations_Abaqus_2022/Vel_250/1020_2a_24_rd_1000_cal_50_v_250_f_050.odb
1020_2a_24_rd_1000_cal_75_v_250_f_0100,H:/Calculations_Abaqus_2022/Vel_250/1020_2a_24_rd_1000_cal_75_v_250_f_0100.odb
1020_2a_24_rd_1000_cal_75_v_250_f_025,H:/Calculations_Abaqus_2022/Vel_250/1020_2a_24_rd_1000_cal_75_v_250_f_025.odb
1020_2a_24_rd_1000_cal_75_v_250_f_050,H:/Calculations_Abaqus_2022/Vel_250/1020_2a_24_rd_1000_cal_75_v_250_f_050.odb
1020_2a_24_rd_1500_cal_0_v_250_f_0100,H:/Calculations_Abaqus_2022/Vel_250/1020_2a_24_rd_1500_cal_0_v_250_f_0100.odb
1020_2a_24_rd_1500_cal_0_v_250_f_025,H:/Calculations_Abaqus_2022/Vel_250/1020_2a_24_rd_1500_cal_0_v_250_f_025.odb
1020_2a_24_rd_1500_cal_0_v_250_f_050,H:/Calculations_Abaqus_2022/Vel_250/1020_2a_24_rd_1500_cal_0_v_250_f_050.odb
1020_2a_24_rd_1500_cal_100_v_250_f_0100,H:/Calculations_Abaqus_2022/Vel_250/1020_2a_24_rd_1500_cal_100_v_250_f_0100.odb
1020_2a_24_rd_1500_cal_100_v_250_f_025,H:/Calculations_Abaqus_2022/Vel_250/1020_2a_24_rd_1500_cal_100_v_250_f_025.odb
1020_2a_24_rd_1500_cal_100_v_250_f_050,H:/Calculations_Abaqus_2022/Vel_250/1020_2a_24_rd_1500_cal_100_v_250_f_050.odb
1020_2a_24_rd_1500_cal_10_v_250_f_0100,H:/Calculations_Abaqus_2022/Vel_250/1020_2a_24_rd_1500_cal_10_v_250_f_0100.odb
1020_2a_24_rd_1500_cal_10_v_250_f_025,H:/Calculations_Abaqus_2022/Vel_250/1020_2a_24_rd_1500_cal_10_v_250_f_025.odb
1020_2a_24_rd_1500_cal_10_v_250_f_050,H:/Calculations_Abaqus_2022/Vel_250/1020_2a_24_rd_1500_cal_10_v_250_f_050.odb
1020_2a_24_rd_1500_cal_30_v_250_f_0100,H:/Calculations_Abaqus_2022/Vel_250/1020_2a_24_rd_1500_cal_30_v_250_f_0100.odb
1020_2a_24_rd_1500_cal_30_v_250_f_025,H:/Calculations_Abaqus_2022/Vel_250/1020_2a_24_rd_1500_cal_30_v_250_f_025.odb
1020_2a_24_rd_1500_cal_30_v_250_f_050,H:/Calculations_Abaqus_2022/Vel_250/1020_2a_24_rd_1500_cal_30_v_250_f_050.odb
1020_2a_24_rd_1500_cal_50_v_250_f_0100,H:/Calculations_Abaqus_2022/Vel_250/1020_2a_24_rd_1500_cal_50_v_250_f_0100.odb
1020_2a_24_rd_1500_cal_50_v_250_f_025,H:/Calculations_Abaqus_2022/Vel_250/1020_2a_24_rd_1500_cal_50_v_250_f_025.odb
1020_2a_24_rd_1500_cal_50_v_250_f_050,H:/Calculations_Abaqus_2022/Vel_250/1020_2a_24_rd_1500_cal_50_v_250_f_050.odb
1020_2a_24_rd_1500_cal_75_v_250_f_0100,H:/Calculations_Abaqus_2022/Vel_250/1020_2a_24_rd_1500_cal_75_v_250_f_0100.odb
1020_2a_24_rd_1500_cal_75_v_250_f_025,H:/Calculations_Abaqus_2022/Vel_250/1020_2a_24_rd_1500_cal_75_v_250_f_025.odb
1020_2a_24_rd_1500_cal_75_v_250_f_050,H:/Calculations_Abaqus_2022/Vel_250/1020_2a_24_rd_1500_cal_75_v_250_f_050.odb
1020_2a_24_rd_150_cal_0_v_250_f_0100,H:/Calculations_Abaqus_2022/Vel_250/1020_2a_24_rd_150_cal_0_v_250_f_0100.odb
1020_2a_24_rd_150_cal_0_v_250_f_025,H:/Calculations_Abaqus_2022/Vel_250/1020_2a_24_rd_150_cal_0_v_250_f_025.odb
1020_2a_24_rd_150_cal_0_v_250_f_050,H:/Calculations_Abaqus_2022/Vel_250/1020_2a_24_rd_150_cal_0_v_250_f_050.odb
1020_2a_24_rd_150_cal_100_v_250_f_0100,H:/Calculations_Abaqus_2022/Vel_250/1020_2a_24_rd_150_cal_100_v_250_f_0100.odb
1020_2a_24_rd_150_cal_100_v_250_f_025,H:/Calculations_Abaqus_2022/Vel_250/1020_2a_24_rd_150_cal_100_v_250_f_025.odb
1020_2a_24_rd_150_cal_100_v_250_f_050,H:/Calculations_Abaqus_2022/Vel_250/1020_2a_24_rd_150_cal_100_v_250_f_050.odb
1020_2a_24_rd_150_cal_10_v_250_f_0100,H:/Calculations_Abaqus_2022/Vel_250/1020_2a_24_rd_150_cal_10_v_250_f_0100.odb
1020_2a_24_rd_150_cal_10_v_250_f_025,H:/Calculations_Abaqus_2022/Vel_250/1020_2a_24_rd_150_cal_10_v_250_f_025.odb
1020_2a_24_rd_150_cal_10_v_250_f_050,H:/Calculations_Abaqus_2022/Vel_250/1020_2a_24_rd_150_cal_10_v_250_f_050.odb
1020_2a_24_rd_150_cal_30_v_250_f_0100,H:/Calculations_Abaqus_2022/Vel_250/1020_2a_24_rd_150_cal_30_v_250_f_0100.odb
1020_2a_24_rd_150_cal_30_v_250_f_025,H:/Calculations_Abaqus_2022/Vel_250/1020_2a_24_rd_150_cal_30_v_250_f_025.odb
1020_2a_24_rd_150_cal_30_v_250_f_050,H:/Calculations_Abaqus_2022/Vel_250/1020_2a_24_rd_150_cal_30_v_250_f_050.odb
1020_2a_24_rd_150_cal_50_v_250_f_0100,H:/Calculations_Abaqus_2022/Vel_250/1020_2a_24_rd_150_cal_50_v_250_f_0100.odb
1020_2a_24_rd_150_cal_50_v_250_f_025,H:/Calculations_Abaqus_2022/Vel_250/1020_2a_24_rd_150_cal_50_v_250_f_025.odb
1020_2a_24_rd_150_cal_50_v_250_f_050,H:/Calculations_Abaqus_2022/Vel_250/1020_2a_24_rd_150_cal_50_v_250_f_050.odb
1020_2a_24_rd_150_cal_75_v_250_f_0100,H:/Calculations_Abaqus_2022/Vel_250/1020_2a_24_rd_150_cal_75_v_250_f_0100.odb
1020_2a_24_rd_150_cal_75_v_250_f_025,H:/Calculations_Abaqus_2022/Vel_250/1020_2a_24_rd_150_cal_75_v_250_f_025.odb
1020_2a_24_rd_150_cal_75_v_250_f_050,H:/Calculations_Abaqus_2022/Vel_250/1020_2a_24_rd_150_cal_75_v_250_f_050.odb
1020_2a_24_rd_2000_cal_0_v_250_f_0100,H:/Calculations_Abaqus_2022/Vel_250/1020_2a_24_rd_2000_cal_0_v_250_f_0100.odb
1020_2a_24_rd_2000_cal_0_v_250_f_025,H:/Calculations_Abaqus_2022/Vel_250/1020_2a_24_rd_2000_cal_0_v_250_f_025.odb
1020_2a_24_rd_2000_cal_0_v_250_f_050,H:/Calculations_Abaqus_2022/Vel_250/1020_2a_24_rd_2000_cal_0_v_250_f_050.odb
1020_2a_24_rd_2000_cal_100_v_250_f_0100,H:/Calculations_Abaqus_2022/Vel_250/1020_2a_24_rd_2000_cal_100_v_250_f_0100.odb
1020_2a_24_rd_2000_cal_100_v_250_f_025,H:/Calculations_Abaqus_2022/Vel_250/1020_2a_24_rd_2000_cal_100_v_250_f_025.odb
1020_2a_24_rd_2000_cal_100_v_250_f_050,H:/Calculations_Abaqus_2022/Vel_250/1020_2a_24_rd_2000_cal_100_v_250_f_050.odb
1020_2a_24_rd_2000_cal_10_v_250_f_0100,H:/Calculations_Abaqus_2022/Vel_250/1020_2a_24_rd_2000_cal_10_v_250_f_0100.odb
1020_2a_24_rd_2000_cal_10_v_250_f_025,H:/Calculations_Abaqus_2022/Vel_250/1020_2a_24_rd_2000_cal_10_v_250_f_025.odb
1020_2a_24_rd_2000_cal_10_v_250_f_050,H:/Calculations_Abaqus_2022/Vel_250/1020_2a_24_rd_2000_cal_10_v_250_f_050.odb
1020_2a_24_rd_2000_cal_30_v_250_f_0100,H:/Calculations_Abaqus_2022/Vel_250/1020_2a_24_rd_2000_cal_30_v_250_f_0100.odb
1020_2a_24_rd_2000_cal_30_v_250_f_025,H:/Calculations_Abaqus_2022/Vel_250/1020_2a_24_rd_2000_cal_30_v_250_f_025.odb
1020_2a_24_rd_2000_cal_30_v_250_f_050,H:/Calculations_Abaqus_2022/Vel_250/1020_2a_24_rd_2000_cal_30_v_250_f_050.odb
1020_2a_24_rd_2000_cal_50_v_250_f_0100,H:/Calculations_Abaqus_2022/Vel_250/1020_2a_24_rd_2000_cal_50_v_250_f_0100.odb
1020_2a_24_rd_2000_cal_50_v_250_f_025,H:/Calculations_Abaqus_2022/Vel_250/1020_2a_24_rd_2000_cal_50_v_250_f_025.odb
1020_2a_24_rd_2000_cal_50_v_250_f_050,H:/Calculations_Abaqus_2022/Vel_250/1020_2a_24_rd_2000_cal_50_v_250_f_050.odb
1020_2a_24_rd_2000_cal_75_v_250_f_0100,H:/Calculations_Abaqus_2022/Vel_250/1020_2a_24_rd_2000_cal_75_v_250_f_0100.odb
1020_2a_24_rd_2000_cal_75_v_250_f_025,H:/Calculations_Abaqus_2022/Vel_250/1020_2a_24_rd_2000_cal_75_v_250_f_025.odb
1020_2a_24_rd_2000_cal_75_v_250_f_050,H:/Calculations_Abaqus_2022/Vel_250/1020_2a_24_rd_2000_cal_75_v_250_f_050.odb
1020_2a_24_rd_2500_cal_0_v_250_f_0100,H:/Calculations_Abaqus_2022/Vel_250/1020_2a_24_rd_2500_cal_0_v_250_f_0100.odb
1020_2a_24_rd_2500_cal_0_v_250_f_025,H:/Calculations_Abaqus_2022/Vel_250/1020_2a_24_rd_2500_cal_0_v_250_f_025.odb
1020_2a_24_rd_2500_cal_0_v_250_f_050,H:/Calculations_Abaqus_2022/Vel_250/1020_2a_24_rd_2500_cal_0_v_250_f_050.odb
1020_2a_24_rd_2500_cal_100_v_250_f_0100,H:/Calculations_Abaqus_2022/Vel_250/1020_2a_24_rd_2500_cal_100_v_250_f_0100.odb
1020_2a_24_rd_2500_cal_100_v_250_f_025,H:/Calculations_Abaqus_2022/Vel_250/1020_2a_24_rd_2500_cal_100_v_250_f_025.odb
1020_2a_24_rd_2500_cal_100_v_250_f_050,H:/Calculations_Abaqus_2022/Vel_250/1020_2a_24_rd_2500_cal_100_v_250_f_050.odb
1020_2a_24_rd_2500_cal_10_v_250_f_0100,H:/Calculations_Abaqus_2022/Vel_250/1020_2a_24_rd_2500_cal_10_v_250_f_0100.odb
1020_2a_24_rd_2500_cal_10_v_250_f_025,H:/Calculations_Abaqus_2022/Vel_250/1020_2a_24_rd_2500_cal_10_v_250_f_025.odb
1020_2a_24_rd_2500_cal_10_v_250_f_050,H:/Calculations_Abaqus_2022/Vel_250/1020_2a_24_rd_2500_cal_10_v_250_f_050.odb
1020_2a_24_rd_2500_cal_30_v_250_f_0100,H:/Calculations_Abaqus_2022/Vel_250/1020_2a_24_rd_2500_cal_30_v_250_f_0100.odb
1020_2a_24_rd_2500_cal_30_v_250_f_025,H:/Calculations_Abaqus_2022/Vel_250/1020_2a_24_rd_2500_cal_30_v_250_f_025.odb
1020_2a_24_rd_2500_cal_30_v_250_f_050,H:/Calculations_Abaqus_2022/Vel_250/1020_2a_24_rd_2500_cal_30_v_250_f_050.odb
1020_2a_24_rd_2500_cal_50_v_250_f_0100,H:/Calculations_Abaqus_2022/Vel_250/1020_2a_24_rd_2500_cal_50_v_250_f_0100.odb
1020_2a_24_rd_2500_cal_50_v_250_f_025,H:/Calculations_Abaqus_2022/Vel_250/1020_2a_24_rd_2500_cal_50_v_250_f_025.odb
1020_2a_24_rd_2500_cal_50_v_250_f_050,H:/Calculations_Abaqus_2022/Vel_250/1020_2a_24_rd_2500_cal_50_v_250_f_050.odb
1020_2a_24_rd_2500_cal_75_v_250_f_0100,H:/Calculations_Abaqus_2022/Vel_250/1020_2a_24_rd_2500_cal_75_v_250_f_0100.odb
1020_2a_24_rd_2500_cal_75_v_250_f_025,H:/Calculations_Abaqus_2022/Vel_250/1020_2a_24_rd_2500_cal_75_v_250_f_025.odb
1020_2a_24_rd_2500_cal_75_v_250_f_050,H:/Calculations_Abaqus_2022/Vel_250/1020_2a_24_rd_2500_cal_75_v_250_f_050.odb
1020_2a_24_rd_250_cal_0_v_250_f_0100,H:/Calculations_Abaqus_2022/Vel_250/1020_2a_24_rd_250_cal_0_v_250_f_0100.odb
1020_2a_24_rd_250_cal_0_v_250_f_025,H:/Calculations_Abaqus_2022/Vel_250/1020_2a_24_rd_250_cal_0_v_250_f_025.odb
1020_2a_24_rd_250_cal_0_v_250_f_050,H:/Calculations_Abaqus_2022/Vel_250/1020_2a_24_rd_250_cal_0_v_250_f_050.odb
1020_2a_24_rd_250_cal_100_v_250_f_0100,H:/Calculations_Abaqus_2022/Vel_250/1020_2a_24_rd_250_cal_100_v_250_f_0100.odb
1020_2a_24_rd_250_cal_100_v_250_f_025,H:/Calculations_Abaqus_2022/Vel_250/1020_2a_24_rd_250_cal_100_v_250_f_025.odb
1020_2a_24_rd_250_cal_100_v_250_f_050,H:/Calculations_Abaqus_2022/Vel_250/1020_2a_24_rd_250_cal_100_v_250_f_050.odb
1020_2a_24_rd_250_cal_10_v_250_f_0100,H:/Calculations_Abaqus_2022/Vel_250/1020_2a_24_rd_250_cal_10_v_250_f_0100.odb
1020_2a_24_rd_250_cal_10_v_250_f_025,H:/Calculations_Abaqus_2022/Vel_250/1020_2a_24_rd_250_cal_10_v_250_f_025.odb
1020_2a_24_rd_250_cal_10_v_250_f_050,H:/Calculations_Abaqus_2022/Vel_250/1020_2a_24_rd_250_cal_10_v_250_f_050.odb
1020_2a_24_rd_250_cal_30_v_250_f_0100,H:/Calculations_Abaqus_2022/Vel_250/1020_2a_24_rd_250_cal_30_v_250_f_0100.odb
1020_2a_24_rd_250_cal_30_v_250_f_025,H:/Calculations_Abaqus_2022/Vel_250/1020_2a_24_rd_250_cal_30_v_250_f_025.odb
1020_2a_24_rd_250_cal_30_v_250_f_050,H:/Calculations_Abaqus_2022/Vel_250/1020_2a_24_rd_250_cal_30_v_250_f_050.odb
1020_2a_24_rd_250_cal_50_v_250_f_0100,H:/Calculations_Abaqus_2022/Vel_250/1020_2a_24_rd_250_cal_50_v_250_f_0100.odb
1020_2a_24_rd_250_cal_50_v_250_f_025,H:/Calculations_Abaqus_2022/Vel_250/1020_2a_24_rd_250_cal_50_v_250_f_025.odb
1020_2a_24_rd_250_cal_50_v_250_f_050,H:/Calculations_Abaqus_2022/Vel_250/1020_2a_24_rd_250_cal_50_v_250_f_050.odb
1020_2a_24_rd_250_cal_75_v_250_f_0100,H:/Calculations_Abaqus_2022/Vel_250/1020_2a_24_rd_250_cal_75_v_250_f_0100.odb
1020_2a_24_rd_250_cal_75_v_250_f_025,H:/Calculations_Abaqus_2022/Vel_250/1020_2a_24_rd_250_cal_75_v_250_f_025.odb
1020_2a_24_rd_250_cal_75_v_250_f_050,H:/Calculations_Abaqus_2022/Vel_250/1020_2a_24_rd_250_cal_75_v_250_f_050.odb
1020_2a_24_rd_500_cal_0_v_250_f_0100,H:/Calculations_Abaqus_2022/Vel_250/1020_2a_24_rd_500_cal_0_v_250_f_0100.odb
1020_2a_24_rd_500_cal_0_v_250_f_025,H:/Calculations_Abaqus_2022/Vel_250/1020_2a_24_rd_500_cal_0_v_250_f_025.odb
1020_2a_24_rd_500_cal_0_v_250_f_050,H:/Calculations_Abaqus_2022/Vel_250/1020_2a_24_rd_500_cal_0_v_250_f_050.odb
1020_2a_24_rd_500_cal_100_v_250_f_0100,H:/Calculations_Abaqus_2022/Vel_250/1020_2a_24_rd_500_cal_100_v_250_f_0100.odb
1020_2a_24_rd_500_cal_100_v_250_f_025,H:/Calculations_Abaqus_2022/Vel_250/1020_2a_24_rd_500_cal_100_v_250_f_025.odb
1020_2a_24_rd_500_cal_100_v_250_f_050,H:/Calculations_Abaqus_2022/Vel_250/1020_2a_24_rd_500_cal_100_v_250_f_050.odb
1020_2a_24_rd_500_cal_10_v_250_f_0100,H:/Calculations_Abaqus_2022/Vel_250/1020_2a_24_rd_500_cal_10_v_250_f_0100.odb
1020_2a_24_rd_500_cal_10_v_250_f_025,H:/Calculations_Abaqus_2022/Vel_250/1020_2a_24_rd_500_cal_10_v_250_f_025.odb
1020_2a_24_rd_500_cal_10_v_250_f_050,H:/Calculations_Abaqus_2022/Vel_250/1020_2a_24_rd_500_cal_10_v_250_f_050.odb
1020_2a_24_rd_500_cal_30_v_250_f_0100,H:/Calculations_Abaqus_2022/Vel_250/1020_2a_24_rd_500_cal_30_v_250_f_0100.odb
1020_2a_24_rd_500_cal_30_v_250_f_025,H:/Calculations_Abaqus_2022/Vel_250/1020_2a_24_rd_500_cal_30_v_250_f_025.odb
1020_2a_24_rd_500_cal_30_v_250_f_050,H:/Calculations_Abaqus_2022/Vel_250/1020_2a_24_rd_500_cal_30_v_250_f_050.odb
1020_2a_24_rd_500_cal_50_v_250_f_0100,H:/Calculations_Abaqus_2022/Vel_250/1020_2a_24_rd_500_cal_50_v_250_f_0100.odb
1020_2a_24_rd_500_cal_50_v_250_f_025,H:/Calculations_Abaqus_2022/Vel_250/1020_2a_24_rd_500_cal_50_v_250_f_025.odb
1020_2a_24_rd_500_cal_50_v_250_f_050,H:/Calculations_Abaqus_2022/Vel_250/1020_2a_24_rd_500_cal_50_v_250_f_050.odb
1020_2a_24_rd_500_cal_75_v_250_f_0100,H:/Calculations_Abaqus_2022/Vel_250/1020_2a_24_rd_500_cal_75_v_250_f_0100.odb
1020_2a_24_rd_500_cal_75_v_250_f_025,H:/Calculations_Abaqus_2022/Vel_250/1020_2a_24_rd_500_cal_75_v_250_f_025.odb
1020_2a_24_rd_500_cal_75_v_250_f_050,H:/Calculations_Abaqus_2022/Vel_250/1020_2a_24_rd_500_cal_75_v_250_f_050.odb
1020_2a_32_rd_1000_cal_0_v_250_f_0100,H:/Calculations_Abaqus_2022/Vel_250/1020_2a_32_rd_1000_cal_0_v_250_f_0100.odb
1020_2a_32_rd_1000_cal_0_v_250_f_025,H:/Calculations_Abaqus_2022/Vel_250/1020_2a_32_rd_1000_cal_0_v_250_f_025.odb
1020_2a_32_rd_1000_cal_0_v_250_f_050,H:/Calculations_Abaqus_2022/Vel_250/1020_2a_32_rd_1000_cal_0_v_250_f_050.odb
1020_2a_32_rd_1000_cal_100_v_250_f_0100,H:/Calculations_Abaqus_2022/Vel_250/1020_2a_32_rd_1000_cal_100_v_250_f_0100.odb
1020_2a_32_rd_1000_cal_100_v_250_f_025,H:/Calculations_Abaqus_2022/Vel_250/1020_2a_32_rd_1000_cal_100_v_250_f_025.odb
1020_2a_32_rd_1000_cal_100_v_250_f_050,H:/Calculations_Abaqus_2022/Vel_250/1020_2a_32_rd_1000_cal_100_v_250_f_050.odb
1020_2a_32_rd_1000_cal_10_v_250_f_0100,H:/Calculations_Abaqus_2022/Vel_250/1020_2a_32_rd_1000_cal_10_v_250_f_0100.odb
1020_2a_32_rd_1000_cal_10_v_250_f_025,H:/Calculations_Abaqus_2022/Vel_250/1020_2a_32_rd_1000_cal_10_v_250_f_025.odb
1020_2a_32_rd_1000_cal_10_v_250_f_050,H:/Calculations_Abaqus_2022/Vel_250/1020_2a_32_rd_1000_cal_10_v_250_f_050.odb
1020_2a_32_rd_1000_cal_30_v_250_f_0100,H:/Calculations_Abaqus_2022/Vel_250/1020_2a_32_rd_1000_cal_30_v_250_f_0100.odb
1020_2a_32_rd_1000_cal_30_v_250_f_025,H:/Calculations_Abaqus_2022/Vel_250/1020_2a_32_rd_1000_cal_30_v_250_f_025.odb
1020_2a_32_rd_1000_cal_30_v_250_f_050,H:/Calculations_Abaqus_2022/Vel_250/1020_2a_32_rd_1000_cal_30_v_250_f_050.odb
1020_2a_32_rd_1000_cal_50_v_250_f_0100,H:/Calculations_Abaqus_2022/Vel_250/1020_2a_32_rd_1000_cal_50_v_250_f_0100.odb
1020_2a_32_rd_1000_cal_50_v_250_f_025,H:/Calculations_Abaqus_2022/Vel_250/1020_2a_32_rd_1000_cal_50_v_250_f_025.odb
1020_2a_32_rd_1000_cal_50_v_250_f_050,H:/Calculations_Abaqus_2022/Vel_250/1020_2a_32_rd_1000_cal_50_v_250_f_050.odb
1020_2a_32_rd_1000_cal_75_v_250_f_0100,H:/Calculations_Abaqus_2022/Vel_250/1020_2a_32_rd_1000_cal_75_v_250_f_0100.odb
1020_2a_32_rd_1000_cal_75_v_250_f_025,H:/Calculations_Abaqus_2022/Vel_250/1020_2a_32_rd_1000_cal_75_v_250_f_025.odb
1020_2a_32_rd_1000_cal_75_v_250_f_050,H:/Calculations_Abaqus_2022/Vel_250/1020_2a_32_rd_1000_cal_75_v_250_f_050.odb
1020_2a_32_rd_1500_cal_0_v_250_f_0100,H:/Calculations_Abaqus_2022/Vel_250/1020_2a_32_rd_1500_cal_0_v_250_f_0100.odb
1020_2a_32_rd_1500_cal_0_v_250_f_025,H:/Calculations_Abaqus_2022/Vel_250/1020_2a_32_rd_1500_cal_0_v_250_f_025.odb
1020_2a_32_rd_1500_cal_0_v_250_f_050,H:/Calculations_Abaqus_2022/Vel_250/1020_2a_32_rd_1500_cal_0_v_250_f_050.odb
1020_2a_32_rd_1500_cal_100_v_250_f_0100,H:/Calculations_Abaqus_2022/Vel_250/1020_2a_32_rd_1500_cal_100_v_250_f_0100.odb
1020_2a_32_rd_1500_cal_100_v_250_f_025,H:/Calculations_Abaqus_2022/Vel_250/1020_2a_32_rd_1500_cal_100_v_250_f_025.odb
1020_2a_32_rd_1500_cal_100_v_250_f_050,H:/Calculations_Abaqus_2022/Vel_250/1020_2a_32_rd_1500_cal_100_v_250_f_050.odb
1020_2a_32_rd_1500_cal_10_v_250_f_0100,H:/Calculations_Abaqus_2022/Vel_250/1020_2a_32_rd_1500_cal_10_v_250_f_0100.odb
1020_2a_32_rd_1500_cal_10_v_250_f_025,H:/Calculations_Abaqus_2022/Vel_250/1020_2a_32_rd_1500_cal_10_v_250_f_025.odb
1020_2a_32_rd_1500_cal_10_v_250_f_050,H:/Calculations_Abaqus_2022/Vel_250/1020_2a_32_rd_1500_cal_10_v_250_f_050.odb
1020_2a_32_rd_1500_cal_30_v_250_f_0100,H:/Calculations_Abaqus_2022/Vel_250/1020_2a_32_rd_1500_cal_30_v_250_f_0100.odb
1020_2a_32_rd_1500_cal_30_v_250_f_025,H:/Calculations_Abaqus_2022/Vel_250/1020_2a_32_rd_1500_cal_30_v_250_f_025.odb
1020_2a_32_rd_1500_cal_30_v_250_f_050,H:/Calculations_Abaqus_2022/Vel_250/1020_2a_32_rd_1500_cal_30_v_250_f_050.odb
1020_2a_32_rd_1500_cal_50_v_250_f_0100,H:/Calculations_Abaqus_2022/Vel_250/1020_2a_32_rd_1500_cal_50_v_250_f_0100.odb
1020_2a_32_rd_1500_cal_50_v_250_f_025,H:/Calculations_Abaqus_2022/Vel_250/1020_2a_32_rd_1500_cal_50_v_250_f_025.odb
1020_2a_32_rd_1500_cal_50_v_250_f_050,H:/Calculations_Abaqus_2022/Vel_250/1020_2a_32_rd_1500_cal_50_v_250_f_050.odb
1020_2a_32_rd_1500_cal_75_v_250_f_0100,H:/Calculations_Abaqus_2022/Vel_250/1020_2a_32_rd_1500_cal_75_v_250_f_0100.odb
1020_2a_32_rd_1500_cal_75_v_250_f_025,H:/Calculations_Abaqus_2022/Vel_250/1020_2a_32_rd_1500_cal_75_v_250_f_025.odb
1020_2a_32_rd_1500_cal_75_v_250_f_050,H:/Calculations_Abaqus_2022/Vel_250/1020_2a_32_rd_1500_cal_75_v_250_f_050.odb
1020_2a_32_rd_150_cal_0_v_250_f_0100,H:/Calculations_Abaqus_2022/Vel_250/1020_2a_32_rd_150_cal_0_v_250_f_0100.odb
1020_2a_32_rd_150_cal_0_v_250_f_025,H:/Calculations_Abaqus_2022/Vel_250/1020_2a_32_rd_150_cal_0_v_250_f_025.odb
1020_2a_32_rd_150_cal_0_v_250_f_050,H:/Calculations_Abaqus_2022/Vel_250/1020_2a_32_rd_150_cal_0_v_250_f_050.odb
1020_2a_32_rd_150_cal_100_v_250_f_0100,H:/Calculations_Abaqus_2022/Vel_250/1020_2a_32_rd_150_cal_100_v_250_f_0100.odb
1020_2a_32_rd_150_cal_100_v_250_f_025,H:/Calculations_Abaqus_2022/Vel_250/1020_2a_32_rd_150_cal_100_v_250_f_025.odb
1020_2a_32_rd_150_cal_100_v_250_f_050,H:/Calculations_Abaqus_2022/Vel_250/1020_2a_32_rd_150_cal_100_v_250_f_050.odb
1020_2a_32_rd_150_cal_10_v_250_f_0100,H:/Calculations_Abaqus_2022/Vel_250/1020_2a_32_rd_150_cal_10_v_250_f_0100.odb
1020_2a_32_rd_150_cal_10_v_250_f_025,H:/Calculations_Abaqus_2022/Vel_250/1020_2a_32_rd_150_cal_10_v_250_f_025.odb
1020_2a_32_rd_150_cal_10_v_250_f_050,H:/Calculations_Abaqus_2022/Vel_250/1020_2a_32_rd_150_cal_10_v_250_f_050.odb
1020_2a_32_rd_150_cal_30_v_250_f_0100,H:/Calculations_Abaqus_2022/Vel_250/1020_2a_32_rd_150_cal_30_v_250_f_0100.odb
1020_2a_32_rd_150_cal_30_v_250_f_025,H:/Calculations_Abaqus_2022/Vel_250/1020_2a_32_rd_150_cal_30_v_250_f_025.odb
1020_2a_32_rd_150_cal_30_v_250_f_050,H:/Calculations_Abaqus_2022/Vel_250/1020_2a_32_rd_150_cal_30_v_250_f_050.odb
1020_2a_32_rd_150_cal_50_v_250_f_0100,H:/Calculations_Abaqus_2022/Vel_250/1020_2a_32_rd_150_cal_50_v_250_f_0100.odb
1020_2a_32_rd_150_cal_50_v_250_f_025,H:/Calculations_Abaqus_2022/Vel_250/1020_2a_32_rd_150_cal_50_v_250_f_025.odb
1020_2a_32_rd_150_cal_50_v_250_f_050,H:/Calculations_Abaqus_2022/Vel_250/1020_2a_32_rd_150_cal_50_v_250_f_050.odb
1020_2a_32_rd_150_cal_75_v_250_f_0100,H:/Calculations_Abaqus_2022/Vel_250/1020_2a_32_rd_150_cal_75_v_250_f_0100.odb
1020_2a_32_rd_150_cal_75_v_250_f_025,H:/Calculations_Abaqus_2022/Vel_250/1020_2a_32_rd_150_cal_75_v_250_f_025.odb
1020_2a_32_rd_150_cal_75_v_250_f_050,H:/Calculations_Abaqus_2022/Vel_250/1020_2a_32_rd_150_cal_75_v_250_f_050.odb
1020_2a_32_rd_2000_cal_0_v_250_f_0100,H:/Calculations_Abaqus_2022/Vel_250/1020_2a_32_rd_2000_cal_0_v_250_f_0100.odb
1020_2a_32_rd_2000_cal_0_v_250_f_025,H:/Calculations_Abaqus_2022/Vel_250/1020_2a_32_rd_2000_cal_0_v_250_f_025.odb
1020_2a_32_rd_2000_cal_0_v_250_f_050,H:/Calculations_Abaqus_2022/Vel_250/1020_2a_32_rd_2000_cal_0_v_250_f_050.odb
1020_2a_32_rd_2000_cal_100_v_250_f_0100,H:/Calculations_Abaqus_2022/Vel_250/1020_2a_32_rd_2000_cal_100_v_250_f_0100.odb
1020_2a_32_rd_2000_cal_100_v_250_f_025,H:/Calculations_Abaqus_2022/Vel_250/1020_2a_32_rd_2000_cal_100_v_250_f_025.odb
1020_2a_32_rd_2000_cal_100_v_250_f_050,H:/Calculations_Abaqus_2022/Vel_250/1020_2a_32_rd_2000_cal_100_v_250_f_050.odb
1020_2a_32_rd_2000_cal_10_v_250_f_0100,H:/Calculations_Abaqus_2022/Vel_250/1020_2a_32_rd_2000_cal_10_v_250_f_0100.odb
1020_2a_32_rd_2000_cal_10_v_250_f_025,H:/Calculations_Abaqus_2022/Vel_250/1020_2a_32_rd_2000_cal_10_v_250_f_025.odb
1020_2a_32_rd_2000_cal_10_v_250_f_050,H:/Calculations_Abaqus_2022/Vel_250/1020_2a_32_rd_2000_cal_10_v_250_f_050.odb
1020_2a_32_rd_2000_cal_30_v_250_f_0100,H:/Calculations_Abaqus_2022/Vel_250/1020_2a_32_rd_2000_cal_30_v_250_f_0100.odb
1020_2a_32_rd_2000_cal_30_v_250_f_025,H:/Calculations_Abaqus_2022/Vel_250/1020_2a_32_rd_2000_cal_30_v_250_f_025.odb
1020_2a_32_rd_2000_cal_30_v_250_f_050,H:/Calculations_Abaqus_2022/Vel_250/1020_2a_32_rd_2000_cal_30_v_250_f_050.odb
1020_2a_32_rd_2000_cal_50_v_250_f_0100,H:/Calculations_Abaqus_2022/Vel_250/1020_2a_32_rd_2000_cal_50_v_250_f_0100.odb
1020_2a_32_rd_2000_cal_50_v_250_f_025,H:/Calculations_Abaqus_2022/Vel_250/1020_2a_32_rd_2000_cal_50_v_250_f_025.odb
1020_2a_32_rd_2000_cal_50_v_250_f_050,H:/Calculations_Abaqus_2022/Vel_250/1020_2a_32_rd_2000_cal_50_v_250_f_050.odb
1020_2a_32_rd_2000_cal_75_v_250_f_0100,H:/Calculations_Abaqus_2022/Vel_250/1020_2a_32_rd_2000_cal_75_v_250_f_0100.odb
1020_2a_32_rd_2000_cal_75_v_250_f_025,H:/Calculations_Abaqus_2022/Vel_250/1020_2a_32_rd_2000_cal_75_v_250_f_025.odb
1020_2a_32_rd_2000_cal_75_v_250_f_050,H:/Calculations_Abaqus_2022/Vel_250/1020_2a_32_rd_2000_cal_75_v_250_f_050.odb
1020_2a_32_rd_2500_cal_0_v_250_f_0100,H:/Calculations_Abaqus_2022/Vel_250/1020_2a_32_rd_2500_cal_0_v_250_f_0100.odb
1020_2a_32_rd_2500_cal_0_v_250_f_025,H:/Calculations_Abaqus_2022/Vel_250/1020_2a_32_rd_2500_cal_0_v_250_f_025.odb
1020_2a_32_rd_2500_cal_0_v_250_f_050,H:/Calculations_Abaqus_2022/Vel_250/1020_2a_32_rd_2500_cal_0_v_250_f_050.odb
1020_2a_32_rd_2500_cal_100_v_250_f_0100,H:/Calculations_Abaqus_2022/Vel_250/1020_2a_32_rd_2500_cal_100_v_250_f_0100.odb
1020_2a_32_rd_2500_cal_100_v_250_f_025,H:/Calculations_Abaqus_2022/Vel_250/1020_2a_32_rd_2500_cal_100_v_250_f_025.odb
1020_2a_32_rd_2500_cal_100_v_250_f_050,H:/Calculations_Abaqus_2022/Vel_250/1020_2a_32_rd_2500_cal_100_v_250_f_050.odb
1020_2a_32_rd_2500_cal_10_v_250_f_0100,H:/Calculations_Abaqus_2022/Vel_250/1020_2a_32_rd_2500_cal_10_v_250_f_0100.odb
1020_2a_32_rd_2500_cal_10_v_250_f_025,H:/Calculations_Abaqus_2022/Vel_250/1020_2a_32_rd_2500_cal_10_v_250_f_025.odb
1020_2a_32_rd_2500_cal_10_v_250_f_050,H:/Calculations_Abaqus_2022/Vel_250/1020_2a_32_rd_2500_cal_10_v_250_f_050.odb
1020_2a_32_rd_2500_cal_30_v_250_f_0100,H:/Calculations_Abaqus_2022/Vel_250/1020_2a_32_rd_2500_cal_30_v_250_f_0100.odb
1020_2a_32_rd_2500_cal_30_v_250_f_025,H:/Calculations_Abaqus_2022/Vel_250/1020_2a_32_rd_2500_cal_30_v_250_f_025.odb
1020_2a_32_rd_2500_cal_30_v_250_f_050,H:/Calculations_Abaqus_2022/Vel_250/1020_2a_32_rd_2500_cal_30_v_250_f_050.odb
1020_2a_32_rd_2500_cal_50_v_250_f_0100,H:/Calculations_Abaqus_2022/Vel_250/1020_2a_32_rd_2500_cal_50_v_250_f_0100.odb
1020_2a_32_rd_2500_cal_50_v_250_f_025,H:/Calculations_Abaqus_2022/Vel_250/1020_2a_32_rd_2500_cal_50_v_250_f_025.odb
1020_2a_32_rd_2500_cal_50_v_250_f_050,H:/Calculations_Abaqus_2022/Vel_250/1020_2a_32_rd_2500_cal_50_v_250_f_050.odb
1020_2a_32_rd_2500_cal_75_v_250_f_0100,H:/Calculations_Abaqus_2022/Vel_250/1020_2a_32_rd_2500_cal_75_v_250_f_0100.odb
1020_2a_32_rd_2500_cal_75_v_250_f_025,H:/Calculations_Abaqus_2022/Vel_250/1020_2a_32_rd_2500_cal_75_v_250_f_025.odb
1020_2a_32_rd_2500_cal_75_v_250_f_050,H:/Calculations_Abaqus_2022/Vel_250/1020_2a_32_rd_2500_cal_75_v_250_f_050.odb
1020_2a_32_rd_250_cal_0_v_250_f_0100,H:/Calculations_Abaqus_2022/Vel_250/1020_2a_32_rd_250_cal_0_v_250_f_0100.odb
1020_2a_32_rd_250_cal_0_v_250_f_025,H:/Calculations_Abaqus_2022/Vel_250/1020_2a_32_rd_250_cal_0_v_250_f_025.odb
1020_2a_32_rd_250_cal_0_v_250_f_050,H:/Calculations_Abaqus_2022/Vel_250/1020_2a_32_rd_250_cal_0_v_250_f_050.odb
1020_2a_32_rd_250_cal_100_v_250_f_0100,H:/Calculations_Abaqus_2022/Vel_250/1020_2a_32_rd_250_cal_100_v_250_f_0100.odb
1020_2a_32_rd_250_cal_100_v_250_f_025,H:/Calculations_Abaqus_2022/Vel_250/1020_2a_32_rd_250_cal_100_v_250_f_025.odb
1020_2a_32_rd_250_cal_100_v_250_f_050,H:/Calculations_Abaqus_2022/Vel_250/1020_2a_32_rd_250_cal_100_v_250_f_050.odb
1020_2a_32_rd_250_cal_10_v_250_f_0100,H:/Calculations_Abaqus_2022/Vel_250/1020_2a_32_rd_250_cal_10_v_250_f_0100.odb
1020_2a_32_rd_250_cal_10_v_250_f_025,H:/Calculations_Abaqus_2022/Vel_250/1020_2a_32_rd_250_cal_10_v_250_f_025.odb
1020_2a_32_rd_250_cal_10_v_250_f_050,H:/Calculations_Abaqus_2022/Vel_250/1020_2a_32_rd_250_cal_10_v_250_f_050.odb
1020_2a_32_rd_250_cal_30_v_250_f_0100,H:/Calculations_Abaqus_2022/Vel_250/1020_2a_32_rd_250_cal_30_v_250_f_0100.odb
1020_2a_32_rd_250_cal_30_v_250_f_025,H:/Calculations_Abaqus_2022/Vel_250/1020_2a_32_rd_250_cal_30_v_250_f_025.odb
1020_2a_32_rd_250_cal_30_v_250_f_050,H:/Calculations_Abaqus_2022/Vel_250/1020_2a_32_rd_250_cal_30_v_250_f_050.odb
1020_2a_32_rd_250_cal_50_v_250_f_0100,H:/Calculations_Abaqus_2022/Vel_250/1020_2a_32_rd_250_cal_50_v_250_f_0100.odb
1020_2a_32_rd_250_cal_50_v_250_f_025,H:/Calculations_Abaqus_2022/Vel_250/1020_2a_32_rd_250_cal_50_v_250_f_025.odb
1020_2a_32_rd_250_cal_50_v_250_f_050,H:/Calculations_Abaqus_2022/Vel_250/1020_2a_32_rd_250_cal_50_v_250_f_050.odb
1020_2a_32_rd_250_cal_75_v_250_f_0100,H:/Calculations_Abaqus_2022/Vel_250/1020_2a_32_rd_250_cal_75_v_250_f_0100.odb
1020_2a_32_rd_250_cal_75_v_250_f_025,H:/Calculations_Abaqus_2022/Vel_250/1020_2a_32_rd_250_cal_75_v_250_f_025.odb
1020_2a_32_rd_250_cal_75_v_250_f_050,H:/Calculations_Abaqus_2022/Vel_250/1020_2a_32_rd_250_cal_75_v_250_f_050.odb
1020_2a_32_rd_500_cal_0_v_250_f_0100,H:/Calculations_Abaqus_2022/Vel_250/1020_2a_32_rd_500_cal_0_v_250_f_0100.odb
1020_2a_32_rd_500_cal_0_v_250_f_025,H:/Calculations_Abaqus_2022/Vel_250/1020_2a_32_rd_500_cal_0_v_250_f_025.odb
1020_2a_32_rd_500_cal_0_v_250_f_050,H:/Calculations_Abaqus_2022/Vel_250/1020_2a_32_rd_500_cal_0_v_250_f_050.odb
1020_2a_32_rd_500_cal_100_v_250_f_0100,H:/Calculations_Abaqus_2022/Vel_250/1020_2a_32_rd_500_cal_100_v_250_f_0100.odb
1020_2a_32_rd_500_cal_100_v_250_f_025,H:/Calculations_Abaqus_2022/Vel_250/1020_2a_32_rd_500_cal_100_v_250_f_025.odb
1020_2a_32_rd_500_cal_100_v_250_f_050,H:/Calculations_Abaqus_2022/Vel_250/1020_2a_32_rd_500_cal_100_v_250_f_050.odb
1020_2a_32_rd_500_cal_10_v_250_f_0100,H:/Calculations_Abaqus_2022/Vel_250/1020_2a_32_rd_500_cal_10_v_250_f_0100.odb
1020_2a_32_rd_500_cal_10_v_250_f_025,H:/Calculations_Abaqus_2022/Vel_250/1020_2a_32_rd_500_cal_10_v_250_f_025.odb
1020_2a_32_rd_500_cal_10_v_250_f_050,H:/Calculations_Abaqus_2022/Vel_250/1020_2a_32_rd_500_cal_10_v_250_f_050.odb
1020_2a_32_rd_500_cal_30_v_250_f_0100,H:/Calculations_Abaqus_2022/Vel_250/1020_2a_32_rd_500_cal_30_v_250_f_0100.odb
1020_2a_32_rd_500_cal_30_v_250_f_025,H:/Calculations_Abaqus_2022/Vel_250/1020_2a_32_rd_500_cal_30_v_250_f_025.odb
1020_2a_32_rd_500_cal_30_v_250_f_050,H:/Calculations_Abaqus_2022/Vel_250/1020_2a_32_rd_500_cal_30_v_250_f_050.odb
1020_2a_32_rd_500_cal_50_v_250_f_0100,H:/Calculations_Abaqus_2022/Vel_250/1020_2a_32_rd_500_cal_50_v_250_f_0100.odb
1020_2a_32_rd_500_cal_50_v_250_f_025,H:/Calculations_Abaqus_2022/Vel_250/1020_2a_32_rd_500_cal_50_v_250_f_025.odb
1020_2a_32_rd_500_cal_50_v_250_f_050,H:/Calculations_Abaqus_2022/Vel_250/1020_2a_32_rd_500_cal_50_v_250_f_050.odb
1020_2a_32_rd_500_cal_75_v_250_f_0100,H:/Calculations_Abaqus_2022/Vel_250/1020_2a_32_rd_500_cal_75_v_250_f_0100.odb
1020_2a_32_rd_500_cal_75_v_250_f_025,H:/Calculations_Abaqus_2022/Vel_250/1020_2a_32_rd_500_cal_75_v_250_f_025.odb
1020_2a_32_rd_500_cal_75_v_250_f_050,H:/Calculations_Abaqus_2022/Vel_250/1020_2a_32_rd_500_cal_75_v_250_f_050.odb
1020_2a_40_rd_1000_cal_0_v_250_f_0100,H:/Calculations_Abaqus_2022/Vel_250/1020_2a_40_rd_1000_cal_0_v_250_f_0100.odb
1020_2a_40_rd_1000_cal_0_v_250_f_025,H:/Calculations_Abaqus_2022/Vel_250/1020_2a_40_rd_1000_cal_0_v_250_f_025.odb
1020_2a_40_rd_1000_cal_0_v_250_f_050,H:/Calculations_Abaqus_2022/Vel_250/1020_2a_40_rd_1000_cal_0_v_250_f_050.odb
1020_2a_40_rd_1000_cal_100_v_250_f_0100,H:/Calculations_Abaqus_2022/Vel_250/1020_2a_40_rd_1000_cal_100_v_250_f_0100.odb
1020_2a_40_rd_1000_cal_100_v_250_f_025,H:/Calculations_Abaqus_2022/Vel_250/1020_2a_40_rd_1000_cal_100_v_250_f_025.odb
1020_2a_40_rd_1000_cal_100_v_250_f_050,H:/Calculations_Abaqus_2022/Vel_250/1020_2a_40_rd_1000_cal_100_v_250_f_050.odb
1020_2a_40_rd_1000_cal_10_v_250_f_0100,H:/Calculations_Abaqus_2022/Vel_250/1020_2a_40_rd_1000_cal_10_v_250_f_0100.odb
1020_2a_40_rd_1000_cal_10_v_250_f_025,H:/Calculations_Abaqus_2022/Vel_250/1020_2a_40_rd_1000_cal_10_v_250_f_025.odb
1020_2a_40_rd_1000_cal_10_v_250_f_050,H:/Calculations_Abaqus_2022/Vel_250/1020_2a_40_rd_1000_cal_10_v_250_f_050.odb
1020_2a_40_rd_1000_cal_30_v_250_f_0100,H:/Calculations_Abaqus_2022/Vel_250/1020_2a_40_rd_1000_cal_30_v_250_f_0100.odb
1020_2a_40_rd_1000_cal_30_v_250_f_025,H:/Calculations_Abaqus_2022/Vel_250/1020_2a_40_rd_1000_cal_30_v_250_f_025.odb
1020_2a_40_rd_1000_cal_30_v_250_f_050,H:/Calculations_Abaqus_2022/Vel_250/1020_2a_40_rd_1000_cal_30_v_250_f_050.odb
1020_2a_40_rd_1000_cal_50_v_250_f_0100,H:/Calculations_Abaqus_2022/Vel_250/1020_2a_40_rd_1000_cal_50_v_250_f_0100.odb
1020_2a_40_rd_1000_cal_50_v_250_f_025,H:/Calculations_Abaqus_2022/Vel_250/1020_2a_40_rd_1000_cal_50_v_250_f_025.odb
1020_2a_40_rd_1000_cal_50_v_250_f_050,H:/Calculations_Abaqus_2022/Vel_250/1020_2a_40_rd_1000_cal_50_v_250_f_050.odb
1020_2a_40_rd_1000_cal_75_v_250_f_0100,H:/Calculations_Abaqus_2022/Vel_250/1020_2a_40_rd_1000_cal_75_v_250_f_0100.odb
1020_2a_40_rd_1000_cal_75_v_250_f_025,H:/Calculations_Abaqus_2022/Vel_250/1020_2a_40_rd_1000_cal_75_v_250_f_025.odb
1020_2a_40_rd_1000_cal_75_v_250_f_050,H:/Calculations_Abaqus_2022/Vel_250/1020_2a_40_rd_1000_cal_75_v_250_f_050.odb
1020_2a_40_rd_1500_cal_0_v_250_f_0100,H:/Calculations_Abaqus_2022/Vel_250/1020_2a_40_rd_1500_cal_0_v_250_f_0100.odb
1020_2a_40_rd_1500_cal_0_v_250_f_025,H:/Calculations_Abaqus_2022/Vel_250/1020_2a_40_rd_1500_cal_0_v_250_f_025.odb
1020_2a_40_rd_1500_cal_0_v_250_f_050,H:/Calculations_Abaqus_2022/Vel_250/1020_2a_40_rd_1500_cal_0_v_250_f_050.odb
1020_2a_40_rd_1500_cal_100_v_250_f_0100,H:/Calculations_Abaqus_2022/Vel_250/1020_2a_40_rd_1500_cal_100_v_250_f_0100.odb
1020_2a_40_rd_1500_cal_100_v_250_f_025,H:/Calculations_Abaqus_2022/Vel_250/1020_2a_40_rd_1500_cal_100_v_250_f_025.odb
1020_2a_40_rd_1500_cal_100_v_250_f_050,H:/Calculations_Abaqus_2022/Vel_250/1020_2a_40_rd_1500_cal_100_v_250_f_050.odb
1020_2a_40_rd_1500_cal_10_v_250_f_0100,H:/Calculations_Abaqus_2022/Vel_250/1020_2a_40_rd_1500_cal_10_v_250_f_0100.odb
1020_2a_40_rd_1500_cal_10_v_250_f_025,H:/Calculations_Abaqus_2022/Vel_250/1020_2a_40_rd_1500_cal_10_v_250_f_025.odb
1020_2a_40_rd_1500_cal_10_v_250_f_050,H:/Calculations_Abaqus_2022/Vel_250/1020_2a_40_rd_1500_cal_10_v_250_f_050.odb
1020_2a_40_rd_1500_cal_30_v_250_f_0100,H:/Calculations_Abaqus_2022/Vel_250/1020_2a_40_rd_1500_cal_30_v_250_f_0100.odb
1020_2a_40_rd_1500_cal_30_v_250_f_025,H:/Calculations_Abaqus_2022/Vel_250/1020_2a_40_rd_1500_cal_30_v_250_f_025.odb
1020_2a_40_rd_1500_cal_30_v_250_f_050,H:/Calculations_Abaqus_2022/Vel_250/1020_2a_40_rd_1500_cal_30_v_250_f_050.odb
1020_2a_40_rd_1500_cal_50_v_250_f_0100,H:/Calculations_Abaqus_2022/Vel_250/1020_2a_40_rd_1500_cal_50_v_250_f_0100.odb
1020_2a_40_rd_1500_cal_50_v_250_f_025,H:/Calculations_Abaqus_2022/Vel_250/1020_2a_40_rd_1500_cal_50_v_250_f_025.odb
1020_2a_40_rd_1500_cal_50_v_250_f_050,H:/Calculations_Abaqus_2022/Vel_250/1020_2a_40_rd_1500_cal_50_v_250_f_050.odb
1020_2a_40_rd_1500_cal_75_v_250_f_0100,H:/Calculations_Abaqus_2022/Vel_250/1020_2a_40_rd_1500_cal_75_v_250_f_0100.odb
1020_2a_40_rd_1500_cal_75_v_250_f_025,H:/Calculations_Abaqus_2022/Vel_250/1020_2a_40_rd_1500_cal_75_v_250_f_025.odb
1020_2a_40_rd_1500_cal_75_v_250_f_050,H:/Calculations_Abaqus_2022/Vel_250/1020_2a_40_rd_1500_cal_75_v_250_f_050.odb
1020_2a_40_rd_150_cal_0_v_250_f_0100,H:/Calculations_Abaqus_2022/Vel_250/1020_2a_40_rd_150_cal_0_v_250_f_0100.odb
1020_2a_40_rd_150_cal_0_v_250_f_025,H:/Calculations_Abaqus_2022/Vel_250/1020_2a_40_rd_150_cal_0_v_250_f_025.odb
1020_2a_40_rd_150_cal_0_v_250_f_050,H:/Calculations_Abaqus_2022/Vel_250/1020_2a_40_rd_150_cal_0_v_250_f_050.odb
1020_2a_40_rd_150_cal_100_v_250_f_0100,H:/Calculations_Abaqus_2022/Vel_250/1020_2a_40_rd_150_cal_100_v_250_f_0100.odb
1020_2a_40_rd_150_cal_100_v_250_f_025,H:/Calculations_Abaqus_2022/Vel_250/1020_2a_40_rd_150_cal_100_v_250_f_025.odb
1020_2a_40_rd_150_cal_100_v_250_f_050,H:/Calculations_Abaqus_2022/Vel_250/1020_2a_40_rd_150_cal_100_v_250_f_050.odb
1020_2a_40_rd_150_cal_10_v_250_f_0100,H:/Calculations_Abaqus_2022/Vel_250/1020_2a_40_rd_150_cal_10_v_250_f_0100.odb
1020_2a_40_rd_150_cal_10_v_250_f_025,H:/Calculations_Abaqus_2022/Vel_250/1020_2a_40_rd_150_cal_10_v_250_f_025.odb
1020_2a_40_rd_150_cal_10_v_250_f_050,H:/Calculations_Abaqus_2022/Vel_250/1020_2a_40_rd_150_cal_10_v_250_f_050.odb
1020_2a_40_rd_150_cal_30_v_250_f_0100,H:/Calculations_Abaqus_2022/Vel_250/1020_2a_40_rd_150_cal_30_v_250_f_0100.odb
1020_2a_40_rd_150_cal_30_v_250_f_025,H:/Calculations_Abaqus_2022/Vel_250/1020_2a_40_rd_150_cal_30_v_250_f_025.odb
1020_2a_40_rd_150_cal_30_v_250_f_050,H:/Calculations_Abaqus_2022/Vel_250/1020_2a_40_rd_150_cal_30_v_250_f_050.odb
1020_2a_40_rd_150_cal_50_v_250_f_0100,H:/Calculations_Abaqus_2022/Vel_250/1020_2a_40_rd_150_cal_50_v_250_f_0100.odb
1020_2a_40_rd_150_cal_50_v_250_f_025,H:/Calculations_Abaqus_2022/Vel_250/1020_2a_40_rd_150_cal_50_v_250_f_025.odb
1020_2a_40_rd_150_cal_50_v_250_f_050,H:/Calculations_Abaqus_2022/Vel_250/1020_2a_40_rd_150_cal_50_v_250_f_050.odb
1020_2a_40_rd_150_cal_75_v_250_f_0100,H:/Calculations_Abaqus_2022/Vel_250/1020_2a_40_rd_150_cal_75_v_250_f_0100.odb
1020_2a_40_rd_150_cal_75_v_250_f_025,H:/Calculations_Abaqus_2022/Vel_250/1020_2a_40_rd_150_cal_75_v_250_f_025.odb
1020_2a_40_rd_150_cal_75_v_250_f_050,H:/Calculations_Abaqus_2022/Vel_250/1020_2a_40_rd_150_cal_75_v_250_f_050.odb
1020_2a_40_rd_2000_cal_0_v_250_f_0100,H:/Calculations_Abaqus_2022/Vel_250/1020_2a_40_rd_2000_cal_0_v_250_f_0100.odb
1020_2a_40_rd_2000_cal_0_v_250_f_025,H:/Calculations_Abaqus_2022/Vel_250/1020_2a_40_rd_2000_cal_0_v_250_f_025.odb
1020_2a_40_rd_2000_cal_0_v_250_f_050,H:/Calculations_Abaqus_2022/Vel_250/1020_2a_40_rd_2000_cal_0_v_250_f_050.odb
1020_2a_40_rd_2000_cal_100_v_250_f_0100,H:/Calculations_Abaqus_2022/Vel_250/1020_2a_40_rd_2000_cal_100_v_250_f_0100.odb
1020_2a_40_rd_2000_cal_100_v_250_f_025,H:/Calculations_Abaqus_2022/Vel_250/1020_2a_40_rd_2000_cal_100_v_250_f_025.odb
1020_2a_40_rd_2000_cal_100_v_250_f_050,H:/Calculations_Abaqus_2022/Vel_250/1020_2a_40_rd_2000_cal_100_v_250_f_050.odb
1020_2a_40_rd_2000_cal_10_v_250_f_0100,H:/Calculations_Abaqus_2022/Vel_250/1020_2a_40_rd_2000_cal_10_v_250_f_0100.odb
1020_2a_40_rd_2000_cal_10_v_250_f_025,H:/Calculations_Abaqus_2022/Vel_250/1020_2a_40_rd_2000_cal_10_v_250_f_025.odb
1020_2a_40_rd_2000_cal_10_v_250_f_050,H:/Calculations_Abaqus_2022/Vel_250/1020_2a_40_rd_2000_cal_10_v_250_f_050.odb
1020_2a_40_rd_2000_cal_30_v_250_f_0100,H:/Calculations_Abaqus_2022/Vel_250/1020_2a_40_rd_2000_cal_30_v_250_f_0100.odb
1020_2a_40_rd_2000_cal_30_v_250_f_025,H:/Calculations_Abaqus_2022/Vel_250/1020_2a_40_rd_2000_cal_30_v_250_f_025.odb
1020_2a_40_rd_2000_cal_30_v_250_f_050,H:/Calculations_Abaqus_2022/Vel_250/1020_2a_40_rd_2000_cal_30_v_250_f_050.odb
1020_2a_40_rd_2000_cal_50_v_250_f_0100,H:/Calculations_Abaqus_2022/Vel_250/1020_2a_40_rd_2000_cal_50_v_250_f_0100.odb
1020_2a_40_rd_2000_cal_50_v_250_f_025,H:/Calculations_Abaqus_2022/Vel_250/1020_2a_40_rd_2000_cal_50_v_250_f_025.odb
1020_2a_40_rd_2000_cal_50_v_250_f_050,H:/Calculations_Abaqus_2022/Vel_250/1020_2a_40_rd_2000_cal_50_v_250_f_050.odb
1020_2a_40_rd_2000_cal_75_v_250_f_0100,H:/Calculations_Abaqus_2022/Vel_250/1020_2a_40_rd_2000_cal_75_v_250_f_0100.odb
1020_2a_40_rd_2000_cal_75_v_250_f_025,H:/Calculations_Abaqus_2022/Vel_250/1020_2a_40_rd_2000_cal_75_v_250_f_025.odb
1020_2a_40_rd_2000_cal_75_v_250_f_050,H:/Calculations_Abaqus_2022/Vel_250/1020_2a_40_rd_2000_cal_75_v_250_f_050.odb
1020_2a_40_rd_2500_cal_0_v_250_f_0100,H:/Calculations_Abaqus_2022/Vel_250/1020_2a_40_rd_2500_cal_0_v_250_f_0100.odb
1020_2a_40_rd_2500_cal_0_v_250_f_025,H:/Calculations_Abaqus_2022/Vel_250/1020_2a_40_rd_2500_cal_0_v_250_f_025.odb
1020_2a_40_rd_2500_cal_0_v_250_f_050,H:/Calculations_Abaqus_2022/Vel_250/1020_2a_40_rd_2500_cal_0_v_250_f_050.odb
1020_2a_40_rd_2500_cal_100_v_250_f_0100,H:/Calculations_Abaqus_2022/Vel_250/1020_2a_40_rd_2500_cal_100_v_250_f_0100.odb
1020_2a_40_rd_2500_cal_100_v_250_f_025,H:/Calculations_Abaqus_2022/Vel_250/1020_2a_40_rd_2500_cal_100_v_250_f_025.odb
1020_2a_40_rd_2500_cal_100_v_250_f_050,H:/Calculations_Abaqus_2022/Vel_250/1020_2a_40_rd_2500_cal_100_v_250_f_050.odb
1020_2a_40_rd_2500_cal_10_v_250_f_0100,H:/Calculations_Abaqus_2022/Vel_250/1020_2a_40_rd_2500_cal_10_v_250_f_0100.odb
1020_2a_40_rd_2500_cal_10_v_250_f_025,H:/Calculations_Abaqus_2022/Vel_250/1020_2a_40_rd_2500_cal_10_v_250_f_025.odb
1020_2a_40_rd_2500_cal_10_v_250_f_050,H:/Calculations_Abaqus_2022/Vel_250/1020_2a_40_rd_2500_cal_10_v_250_f_050.odb
1020_2a_40_rd_2500_cal_30_v_250_f_0100,H:/Calculations_Abaqus_2022/Vel_250/1020_2a_40_rd_2500_cal_30_v_250_f_0100.odb
1020_2a_40_rd_2500_cal_30_v_250_f_025,H:/Calculations_Abaqus_2022/Vel_250/1020_2a_40_rd_2500_cal_30_v_250_f_025.odb
1020_2a_40_rd_2500_cal_30_v_250_f_050,H:/Calculations_Abaqus_2022/Vel_250/1020_2a_40_rd_2500_cal_30_v_250_f_050.odb
1020_2a_40_rd_2500_cal_50_v_250_f_0100,H:/Calculations_Abaqus_2022/Vel_250/1020_2a_40_rd_2500_cal_50_v_250_f_0100.odb
1020_2a_40_rd_2500_cal_50_v_250_f_025,H:/Calculations_Abaqus_2022/Vel_250/1020_2a_40_rd_2500_cal_50_v_250_f_025.odb
1020_2a_40_rd_2500_cal_50_v_250_f_050,H:/Calculations_Abaqus_2022/Vel_250/1020_2a_40_rd_2500_cal_50_v_250_f_050.odb
1020_2a_40_rd_2500_cal_75_v_250_f_0100,H:/Calculations_Abaqus_2022/Vel_250/1020_2a_40_rd_2500_cal_75_v_250_f_0100.odb
1020_2a_40_rd_2500_cal_75_v_250_f_025,H:/Calculations_Abaqus_2022/Vel_250/1020_2a_40_rd_2500_cal_75_v_250_f_025.odb
1020_2a_40_rd_2500_cal_75_v_250_f_050,H:/Calculations_Abaqus_2022/Vel_250/1020_2a_40_rd_2500_cal_75_v_250_f_050.odb
1020_2a_40_rd_250_cal_0_v_250_f_0100,H:/Calculations_Abaqus_2022/Vel_250/1020_2a_40_rd_250_cal_0_v_250_f_0100.odb
1020_2a_40_rd_250_cal_0_v_250_f_025,H:/Calculations_Abaqus_2022/Vel_250/1020_2a_40_rd_250_cal_0_v_250_f_025.odb
1020_2a_40_rd_250_cal_0_v_250_f_050,H:/Calculations_Abaqus_2022/Vel_250/1020_2a_40_rd_250_cal_0_v_250_f_050.odb
1020_2a_40_rd_250_cal_100_v_250_f_0100,H:/Calculations_Abaqus_2022/Vel_250/1020_2a_40_rd_250_cal_100_v_250_f_0100.odb
1020_2a_40_rd_250_cal_100_v_250_f_025,H:/Calculations_Abaqus_2022/Vel_250/1020_2a_40_rd_250_cal_100_v_250_f_025.odb
1020_2a_40_rd_250_cal_100_v_250_f_050,H:/Calculations_Abaqus_2022/Vel_250/1020_2a_40_rd_250_cal_100_v_250_f_050.odb
1020_2a_40_rd_250_cal_10_v_250_f_0100,H:/Calculations_Abaqus_2022/Vel_250/1020_2a_40_rd_250_cal_10_v_250_f_0100.odb
1020_2a_40_rd_250_cal_10_v_250_f_025,H:/Calculations_Abaqus_2022/Vel_250/1020_2a_40_rd_250_cal_10_v_250_f_025.odb
1020_2a_40_rd_250_cal_10_v_250_f_050,H:/Calculations_Abaqus_2022/Vel_250/1020_2a_40_rd_250_cal_10_v_250_f_050.odb
1020_2a_40_rd_250_cal_30_v_250_f_0100,H:/Calculations_Abaqus_2022/Vel_250/1020_2a_40_rd_250_cal_30_v_250_f_0100.odb
1020_2a_40_rd_250_cal_30_v_250_f_025,H:/Calculations_Abaqus_2022/Vel_250/1020_2a_40_rd_250_cal_30_v_250_f_025.odb
1020_2a_40_rd_250_cal_30_v_250_f_050,H:/Calculations_Abaqus_2022/Vel_250/1020_2a_40_rd_250_cal_30_v_250_f_050.odb
1020_2a_40_rd_250_cal_50_v_250_f_0100,H:/Calculations_Abaqus_2022/Vel_250/1020_2a_40_rd_250_cal_50_v_250_f_0100.odb
1020_2a_40_rd_250_cal_50_v_250_f_025,H:/Calculations_Abaqus_2022/Vel_250/1020_2a_40_rd_250_cal_50_v_250_f_025.odb
1020_2a_40_rd_250_cal_50_v_250_f_050,H:/Calculations_Abaqus_2022/Vel_250/1020_2a_40_rd_250_cal_50_v_250_f_050.odb
1020_2a_40_rd_250_cal_75_v_250_f_0100,H:/Calculations_Abaqus_2022/Vel_250/1020_2a_40_rd_250_cal_75_v_250_f_0100.odb
1020_2a_40_rd_250_cal_75_v_250_f_025,H:/Calculations_Abaqus_2022/Vel_250/1020_2a_40_rd_250_cal_75_v_250_f_025.odb
1020_2a_40_rd_250_cal_75_v_250_f_050,H:/Calculations_Abaqus_2022/Vel_250/1020_2a_40_rd_250_cal_75_v_250_f_050.odb
1020_2a_40_rd_500_cal_0_v_250_f_0100,H:/Calculations_Abaqus_2022/Vel_250/1020_2a_40_rd_500_cal_0_v_250_f_0100.odb
1020_2a_40_rd_500_cal_0_v_250_f_025,H:/Calculations_Abaqus_2022/Vel_250/1020_2a_40_rd_500_cal_0_v_250_f_025.odb
1020_2a_40_rd_500_cal_0_v_250_f_050,H:/Calculations_Abaqus_2022/Vel_250/1020_2a_40_rd_500_cal_0_v_250_f_050.odb
1020_2a_40_rd_500_cal_100_v_250_f_0100,H:/Calculations_Abaqus_2022/Vel_250/1020_2a_40_rd_500_cal_100_v_250_f_0100.odb
1020_2a_40_rd_500_cal_100_v_250_f_025,H:/Calculations_Abaqus_2022/Vel_250/1020_2a_40_rd_500_cal_100_v_250_f_025.odb
1020_2a_40_rd_500_cal_100_v_250_f_050,H:/Calculations_Abaqus_2022/Vel_250/1020_2a_40_rd_500_cal_100_v_250_f_050.odb
1020_2a_40_rd_500_cal_10_v_250_f_0100,H:/Calculations_Abaqus_2022/Vel_250/1020_2a_40_rd_500_cal_10_v_250_f_0100.odb
1020_2a_40_rd_500_cal_10_v_250_f_025,H:/Calculations_Abaqus_2022/Vel_250/1020_2a_40_rd_500_cal_10_v_250_f_025.odb
1020_2a_40_rd_500_cal_10_v_250_f_050,H:/Calculations_Abaqus_2022/Vel_250/1020_2a_40_rd_500_cal_10_v_250_f_050.odb
1020_2a_40_rd_500_cal_30_v_250_f_0100,H:/Calculations_Abaqus_2022/Vel_250/1020_2a_40_rd_500_cal_30_v_250_f_0100.odb
1020_2a_40_rd_500_cal_30_v_250_f_025,H:/Calculations_Abaqus_2022/Vel_250/1020_2a_40_rd_500_cal_30_v_250_f_025.odb
1020_2a_40_rd_500_cal_30_v_250_f_050,H:/Calculations_Abaqus_2022/Vel_250/1020_2a_40_rd_500_cal_30_v_250_f_050.odb
1020_2a_40_rd_500_cal_50_v_250_f_0100,H:/Calculations_Abaqus_2022/Vel_250/1020_2a_40_rd_500_cal_50_v_250_f_0100.odb
1020_2a_40_rd_500_cal_50_v_250_f_025,H:/Calculations_Abaqus_2022/Vel_250/1020_2a_40_rd_500_cal_50_v_250_f_025.odb
1020_2a_40_rd_500_cal_50_v_250_f_050,H:/Calculations_Abaqus_2022/Vel_250/1020_2a_40_rd_500_cal_50_v_250_f_050.odb
1020_2a_40_rd_500_cal_75_v_250_f_0100,H:/Calculations_Abaqus_2022/Vel_250/1020_2a_40_rd_500_cal_75_v_250_f_0100.odb
1020_2a_40_rd_500_cal_75_v_250_f_025,H:/Calculations_Abaqus_2022/Vel_250/1020_2a_40_rd_500_cal_75_v_250_f_025.odb
1020_2a_40_rd_500_cal_75_v_250_f_050,H:/Calculations_Abaqus_2022/Vel_250/1020_2a_40_rd_500_cal_75_v_250_f_050.odb
1020_2a_8_rd_1000_cal_0_v_250_f_0100,H:/Calculations_Abaqus_2022/Vel_250/1020_2a_8_rd_1000_cal_0_v_250_f_0100.odb
1020_2a_8_rd_1000_cal_0_v_250_f_025,H:/Calculations_Abaqus_2022/Vel_250/1020_2a_8_rd_1000_cal_0_v_250_f_025.odb
1020_2a_8_rd_1000_cal_0_v_250_f_050,H:/Calculations_Abaqus_2022/Vel_250/1020_2a_8_rd_1000_cal_0_v_250_f_050.odb
1020_2a_8_rd_1000_cal_100_v_250_f_0100,H:/Calculations_Abaqus_2022/Vel_250/1020_2a_8_rd_1000_cal_100_v_250_f_0100.odb
1020_2a_8_rd_1000_cal_100_v_250_f_025,H:/Calculations_Abaqus_2022/Vel_250/1020_2a_8_rd_1000_cal_100_v_250_f_025.odb
1020_2a_8_rd_1000_cal_100_v_250_f_050,H:/Calculations_Abaqus_2022/Vel_250/1020_2a_8_rd_1000_cal_100_v_250_f_050.odb
1020_2a_8_rd_1000_cal_10_v_250_f_0100,H:/Calculations_Abaqus_2022/Vel_250/1020_2a_8_rd_1000_cal_10_v_250_f_0100.odb
1020_2a_8_rd_1000_cal_10_v_250_f_025,H:/Calculations_Abaqus_2022/Vel_250/1020_2a_8_rd_1000_cal_10_v_250_f_025.odb
1020_2a_8_rd_1000_cal_10_v_250_f_050,H:/Calculations_Abaqus_2022/Vel_250/1020_2a_8_rd_1000_cal_10_v_250_f_050.odb
1020_2a_8_rd_1000_cal_30_v_250_f_0100,H:/Calculations_Abaqus_2022/Vel_250/1020_2a_8_rd_1000_cal_30_v_250_f_0100.odb
1020_2a_8_rd_1000_cal_30_v_250_f_025,H:/Calculations_Abaqus_2022/Vel_250/1020_2a_8_rd_1000_cal_30_v_250_f_025.odb
1020_2a_8_rd_1000_cal_30_v_250_f_050,H:/Calculations_Abaqus_2022/Vel_250/1020_2a_8_rd_1000_cal_30_v_250_f_050.odb
1020_2a_8_rd_1000_cal_50_v_250_f_0100,H:/Calculations_Abaqus_2022/Vel_250/1020_2a_8_rd_1000_cal_50_v_250_f_0100.odb
1020_2a_8_rd_1000_cal_50_v_250_f_025,H:/Calculations_Abaqus_2022/Vel_250/1020_2a_8_rd_1000_cal_50_v_250_f_025.odb
1020_2a_8_rd_1000_cal_50_v_250_f_050,H:/Calculations_Abaqus_2022/Vel_250/1020_2a_8_rd_1000_cal_50_v_250_f_050.odb
1020_2a_8_rd_1000_cal_75_v_250_f_0100,H:/Calculations_Abaqus_2022/Vel_250/1020_2a_8_rd_1000_cal_75_v_250_f_0100.odb
1020_2a_8_rd_1000_cal_75_v_250_f_025,H:/Calculations_Abaqus_2022/Vel_250/1020_2a_8_rd_1000_cal_75_v_250_f_025.odb
1020_2a_8_rd_1000_cal_75_v_250_f_050,H:/Calculations_Abaqus_2022/Vel_250/1020_2a_8_rd_1000_cal_75_v_250_f_050.odb
1020_2a_8_rd_1500_cal_0_v_250_f_0100,H:/Calculations_Abaqus_2022/Vel_250/1020_2a_8_rd_1500_cal_0_v_250_f_0100.odb
1020_2a_8_rd_1500_cal_0_v_250_f_025,H:/Calculations_Abaqus_2022/Vel_250/1020_2a_8_rd_1500_cal_0_v_250_f_025.odb
1020_2a_8_rd_1500_cal_0_v_250_f_050,H:/Calculations_Abaqus_2022/Vel_250/1020_2a_8_rd_1500_cal_0_v_250_f_050.odb
1020_2a_8_rd_1500_cal_100_v_250_f_0100,H:/Calculations_Abaqus_2022/Vel_250/1020_2a_8_rd_1500_cal_100_v_250_f_0100.odb
1020_2a_8_rd_1500_cal_100_v_250_f_025,H:/Calculations_Abaqus_2022/Vel_250/1020_2a_8_rd_1500_cal_100_v_250_f_025.odb
1020_2a_8_rd_1500_cal_100_v_250_f_050,H:/Calculations_Abaqus_2022/Vel_250/1020_2a_8_rd_1500_cal_100_v_250_f_050.odb
1020_2a_8_rd_1500_cal_10_v_250_f_0100,H:/Calculations_Abaqus_2022/Vel_250/1020_2a_8_rd_1500_cal_10_v_250_f_0100.odb
1020_2a_8_rd_1500_cal_10_v_250_f_025,H:/Calculations_Abaqus_2022/Vel_250/1020_2a_8_rd_1500_cal_10_v_250_f_025.odb
1020_2a_8_rd_1500_cal_10_v_250_f_050,H:/Calculations_Abaqus_2022/Vel_250/1020_2a_8_rd_1500_cal_10_v_250_f_050.odb
1020_2a_8_rd_1500_cal_30_v_250_f_0100,H:/Calculations_Abaqus_2022/Vel_250/1020_2a_8_rd_1500_cal_30_v_250_f_0100.odb
1020_2a_8_rd_1500_cal_30_v_250_f_025,H:/Calculations_Abaqus_2022/Vel_250/1020_2a_8_rd_1500_cal_30_v_250_f_025.odb
1020_2a_8_rd_1500_cal_30_v_250_f_050,H:/Calculations_Abaqus_2022/Vel_250/1020_2a_8_rd_1500_cal_30_v_250_f_050.odb
1020_2a_8_rd_1500_cal_50_v_250_f_0100,H:/Calculations_Abaqus_2022/Vel_250/1020_2a_8_rd_1500_cal_50_v_250_f_0100.odb
1020_2a_8_rd_1500_cal_50_v_250_f_025,H:/Calculations_Abaqus_2022/Vel_250/1020_2a_8_rd_1500_cal_50_v_250_f_025.odb
1020_2a_8_rd_1500_cal_50_v_250_f_050,H:/Calculations_Abaqus_2022/Vel_250/1020_2a_8_rd_1500_cal_50_v_250_f_050.odb
1020_2a_8_rd_1500_cal_75_v_250_f_0100,H:/Calculations_Abaqus_2022/Vel_250/1020_2a_8_rd_1500_cal_75_v_250_f_0100.odb
1020_2a_8_rd_1500_cal_75_v_250_f_025,H:/Calculations_Abaqus_2022/Vel_250/1020_2a_8_rd_1500_cal_75_v_250_f_025.odb
1020_2a_8_rd_1500_cal_75_v_250_f_050,H:/Calculations_Abaqus_2022/Vel_250/1020_2a_8_rd_1500_cal_75_v_250_f_050.odb
1020_2a_8_rd_150_cal_0_v_250_f_0100,H:/Calculations_Abaqus_2022/Vel_250/1020_2a_8_rd_150_cal_0_v_250_f_0100.odb
1020_2a_8_rd_150_cal_0_v_250_f_025,H:/Calculations_Abaqus_2022/Vel_250/1020_2a_8_rd_150_cal_0_v_250_f_025.odb
1020_2a_8_rd_150_cal_0_v_250_f_050,H:/Calculations_Abaqus_2022/Vel_250/1020_2a_8_rd_150_cal_0_v_250_f_050.odb
1020_2a_8_rd_150_cal_100_v_250_f_0100,H:/Calculations_Abaqus_2022/Vel_250/1020_2a_8_rd_150_cal_100_v_250_f_0100.odb
1020_2a_8_rd_150_cal_100_v_250_f_025,H:/Calculations_Abaqus_2022/Vel_250/1020_2a_8_rd_150_cal_100_v_250_f_025.odb
1020_2a_8_rd_150_cal_100_v_250_f_050,H:/Calculations_Abaqus_2022/Vel_250/1020_2a_8_rd_150_cal_100_v_250_f_050.odb
1020_2a_8_rd_150_cal_10_v_250_f_0100,H:/Calculations_Abaqus_2022/Vel_250/1020_2a_8_rd_150_cal_10_v_250_f_0100.odb
1020_2a_8_rd_150_cal_10_v_250_f_025,H:/Calculations_Abaqus_2022/Vel_250/1020_2a_8_rd_150_cal_10_v_250_f_025.odb
1020_2a_8_rd_150_cal_10_v_250_f_050,H:/Calculations_Abaqus_2022/Vel_250/1020_2a_8_rd_150_cal_10_v_250_f_050.odb
1020_2a_8_rd_150_cal_30_v_250_f_0100,H:/Calculations_Abaqus_2022/Vel_250/1020_2a_8_rd_150_cal_30_v_250_f_0100.odb
1020_2a_8_rd_150_cal_30_v_250_f_025,H:/Calculations_Abaqus_2022/Vel_250/1020_2a_8_rd_150_cal_30_v_250_f_025.odb
1020_2a_8_rd_150_cal_30_v_250_f_050,H:/Calculations_Abaqus_2022/Vel_250/1020_2a_8_rd_150_cal_30_v_250_f_050.odb
1020_2a_8_rd_150_cal_50_v_250_f_0100,H:/Calculations_Abaqus_2022/Vel_250/1020_2a_8_rd_150_cal_50_v_250_f_0100.odb
1020_2a_8_rd_150_cal_50_v_250_f_025,H:/Calculations_Abaqus_2022/Vel_250/1020_2a_8_rd_150_cal_50_v_250_f_025.odb
1020_2a_8_rd_150_cal_50_v_250_f_050,H:/Calculations_Abaqus_2022/Vel_250/1020_2a_8_rd_150_cal_50_v_250_f_050.odb
1020_2a_8_rd_150_cal_75_v_250_f_0100,H:/Calculations_Abaqus_2022/Vel_250/1020_2a_8_rd_150_cal_75_v_250_f_0100.odb
1020_2a_8_rd_150_cal_75_v_250_f_025,H:/Calculations_Abaqus_2022/Vel_250/1020_2a_8_rd_150_cal_75_v_250_f_025.odb
1020_2a_8_rd_150_cal_75_v_250_f_050,H:/Calculations_Abaqus_2022/Vel_250/1020_2a_8_rd_150_cal_75_v_250_f_050.odb
1020_2a_8_rd_2000_cal_0_v_250_f_0100,H:/Calculations_Abaqus_2022/Vel_250/1020_2a_8_rd_2000_cal_0_v_250_f_0100.odb
1020_2a_8_rd_2000_cal_0_v_250_f_025,H:/Calculations_Abaqus_2022/Vel_250/1020_2a_8_rd_2000_cal_0_v_250_f_025.odb
1020_2a_8_rd_2000_cal_0_v_250_f_050,H:/Calculations_Abaqus_2022/Vel_250/1020_2a_8_rd_2000_cal_0_v_250_f_050.odb
1020_2a_8_rd_2000_cal_100_v_250_f_0100,H:/Calculations_Abaqus_2022/Vel_250/1020_2a_8_rd_2000_cal_100_v_250_f_0100.odb
1020_2a_8_rd_2000_cal_100_v_250_f_025,H:/Calculations_Abaqus_2022/Vel_250/1020_2a_8_rd_2000_cal_100_v_250_f_025.odb
1020_2a_8_rd_2000_cal_100_v_250_f_050,H:/Calculations_Abaqus_2022/Vel_250/1020_2a_8_rd_2000_cal_100_v_250_f_050.odb
1020_2a_8_rd_2000_cal_10_v_250_f_0100,H:/Calculations_Abaqus_2022/Vel_250/1020_2a_8_rd_2000_cal_10_v_250_f_0100.odb
1020_2a_8_rd_2000_cal_10_v_250_f_025,H:/Calculations_Abaqus_2022/Vel_250/1020_2a_8_rd_2000_cal_10_v_250_f_025.odb
1020_2a_8_rd_2000_cal_10_v_250_f_050,H:/Calculations_Abaqus_2022/Vel_250/1020_2a_8_rd_2000_cal_10_v_250_f_050.odb
1020_2a_8_rd_2000_cal_30_v_250_f_0100,H:/Calculations_Abaqus_2022/Vel_250/1020_2a_8_rd_2000_cal_30_v_250_f_0100.odb
1020_2a_8_rd_2000_cal_30_v_250_f_025,H:/Calculations_Abaqus_2022/Vel_250/1020_2a_8_rd_2000_cal_30_v_250_f_025.odb
1020_2a_8_rd_2000_cal_30_v_250_f_050,H:/Calculations_Abaqus_2022/Vel_250/1020_2a_8_rd_2000_cal_30_v_250_f_050.odb
1020_2a_8_rd_2000_cal_50_v_250_f_0100,H:/Calculations_Abaqus_2022/Vel_250/1020_2a_8_rd_2000_cal_50_v_250_f_0100.odb
1020_2a_8_rd_2000_cal_50_v_250_f_025,H:/Calculations_Abaqus_2022/Vel_250/1020_2a_8_rd_2000_cal_50_v_250_f_025.odb
1020_2a_8_rd_2000_cal_50_v_250_f_050,H:/Calculations_Abaqus_2022/Vel_250/1020_2a_8_rd_2000_cal_50_v_250_f_050.odb
1020_2a_8_rd_2000_cal_75_v_250_f_0100,H:/Calculations_Abaqus_2022/Vel_250/1020_2a_8_rd_2000_cal_75_v_250_f_0100.odb
1020_2a_8_rd_2000_cal_75_v_250_f_025,H:/Calculations_Abaqus_2022/Vel_250/1020_2a_8_rd_2000_cal_75_v_250_f_025.odb
1020_2a_8_rd_2000_cal_75_v_250_f_050,H:/Calculations_Abaqus_2022/Vel_250/1020_2a_8_rd_2000_cal_75_v_250_f_050.odb
1020_2a_8_rd_2500_cal_0_v_250_f_0100,H:/Calculations_Abaqus_2022/Vel_250/1020_2a_8_rd_2500_cal_0_v_250_f_0100.odb
1020_2a_8_rd_2500_cal_0_v_250_f_025,H:/Calculations_Abaqus_2022/Vel_250/1020_2a_8_rd_2500_cal_0_v_250_f_025.odb
1020_2a_8_rd_2500_cal_0_v_250_f_050,H:/Calculations_Abaqus_2022/Vel_250/1020_2a_8_rd_2500_cal_0_v_250_f_050.odb
1020_2a_8_rd_2500_cal_100_v_250_f_0100,H:/Calculations_Abaqus_2022/Vel_250/1020_2a_8_rd_2500_cal_100_v_250_f_0100.odb
1020_2a_8_rd_2500_cal_100_v_250_f_025,H:/Calculations_Abaqus_2022/Vel_250/1020_2a_8_rd_2500_cal_100_v_250_f_025.odb
1020_2a_8_rd_2500_cal_100_v_250_f_050,H:/Calculations_Abaqus_2022/Vel_250/1020_2a_8_rd_2500_cal_100_v_250_f_050.odb
1020_2a_8_rd_2500_cal_10_v_250_f_0100,H:/Calculations_Abaqus_2022/Vel_250/1020_2a_8_rd_2500_cal_10_v_250_f_0100.odb
1020_2a_8_rd_2500_cal_10_v_250_f_025,H:/Calculations_Abaqus_2022/Vel_250/1020_2a_8_rd_2500_cal_10_v_250_f_025.odb
1020_2a_8_rd_2500_cal_10_v_250_f_050,H:/Calculations_Abaqus_2022/Vel_250/1020_2a_8_rd_2500_cal_10_v_250_f_050.odb
1020_2a_8_rd_2500_cal_30_v_250_f_0100,H:/Calculations_Abaqus_2022/Vel_250/1020_2a_8_rd_2500_cal_30_v_250_f_0100.odb
1020_2a_8_rd_2500_cal_30_v_250_f_025,H:/Calculations_Abaqus_2022/Vel_250/1020_2a_8_rd_2500_cal_30_v_250_f_025.odb
1020_2a_8_rd_2500_cal_30_v_250_f_050,H:/Calculations_Abaqus_2022/Vel_250/1020_2a_8_rd_2500_cal_30_v_250_f_050.odb
1020_2a_8_rd_2500_cal_50_v_250_f_0100,H:/Calculations_Abaqus_2022/Vel_250/1020_2a_8_rd_2500_cal_50_v_250_f_0100.odb
1020_2a_8_rd_2500_cal_50_v_250_f_025,H:/Calculations_Abaqus_2022/Vel_250/1020_2a_8_rd_2500_cal_50_v_250_f_025.odb
1020_2a_8_rd_2500_cal_50_v_250_f_050,H:/Calculations_Abaqus_2022/Vel_250/1020_2a_8_rd_2500_cal_50_v_250_f_050.odb
1020_2a_8_rd_2500_cal_75_v_250_f_0100,H:/Calculations_Abaqus_2022/Vel_250/1020_2a_8_rd_2500_cal_75_v_250_f_0100.odb
1020_2a_8_rd_2500_cal_75_v_250_f_025,H:/Calculations_Abaqus_2022/Vel_250/1020_2a_8_rd_2500_cal_75_v_250_f_025.odb
aisi_1020_2a_16_rd_1500_cal_100_v_40_fric_0100,E:/Abaqus_calc/Vel_40/odb/Correct/aisi_1020_2a_16_rd_1500_cal_100_v_40_fric_0100.odb
aisi_1020_2a_16_red_1000_cal_0_vel_40_fric_0100,E:/AISI_1020/Vel_40_updated/aisi_1020_2a_16_red_1000_cal_0_vel_40_fric_0100.odb
aisi_1020_2a_16_red_1000_cal_0_vel_40_fric_025,E:/AISI_1020/Vel_40_updated/aisi_1020_2a_16_red_1000_cal_0_vel_40_fric_025.odb
aisi_1020_2a_16_red_1000_cal_0_vel_40_fric_050,E:/AISI_1020/Vel_40_updated/aisi_1020_2a_16_red_1000_cal_0_vel_40_fric_050.odb
aisi_1020_2a_16_red_1000_cal_100_vel_40_fric_0100,E:/AISI_1020/Vel_40_updated/aisi_1020_2a_16_red_1000_cal_100_vel_40_fric_0100.odb
aisi_1020_2a_16_red_1000_cal_100_vel_40_fric_025,E:/AISI_1020/Vel_40_updated/aisi_1020_2a_16_red_1000_cal_100_vel_40_fric_025.odb
aisi_1020_2a_16_red_1000_cal_100_vel_40_fric_050,E:/AISI_1020/Vel_40_updated/aisi_1020_2a_16_red_1000_cal_100_vel_40_fric_050.odb
aisi_1020_2a_16_red_1000_cal_10_vel_40_fric_0100,E:/AISI_1020/Vel_40_updated/aisi_1020_2a_16_red_1000_cal_10_vel_40_fric_0100.odb
aisi_1020_2a_16_red_1000_cal_10_vel_40_fric_025,E:/AISI_1020/Vel_40_updated/aisi_1020_2a_16_red_1000_cal_10_vel_40_fric_025.odb
aisi_1020_2a_16_red_1000_cal_10_vel_40_fric_050,E:/AISI_1020/Vel_40_updated/aisi_1020_2a_16_red_1000_cal_10_vel_40_fric_050.odb
aisi_1020_2a_16_red_1000_cal_30_vel_40_fric_0100,E:/AISI_1020/Vel_40_updated/aisi_1020_2a_16_red_1000_cal_30_vel_40_fric_0100.odb
aisi_1020_2a_16_red_1000_cal_30_vel_40_fric_025,E:/AISI_1020/Vel_40_updated/aisi_1020_2a_16_red_1000_cal_30_vel_40_fric_025.odb
aisi_1020_2a_16_red_1000_cal_30_vel_40_fric_050,E:/AISI_1020/Vel_40_updated/aisi_1020_2a_16_red_1000_cal_30_vel_40_fric_050.odb
aisi_1020_2a_16_red_1000_cal_50_vel_40_fric_0100,E:/AISI_1020/Vel_40_updated/aisi_1020_2a_16_red_1000_cal_50_vel_40_fric_0100.odb
aisi_1020_2a_16_red_1000_cal_50_vel_40_fric_025,E:/AISI_1020/Vel_40_updated/aisi_1020_2a_16_red_1000_cal_50_vel_40_fric_025.odb
aisi_1020_2a_16_red_1000_cal_50_vel_40_fric_050,E:/AISI_1020/Vel_40_updated/aisi_1020_2a_16_red_1000_cal_50_vel_40_fric_050.odb
aisi_1020_2a_16_red_1000_cal_75_vel_40_fric_0100,E:/AISI_1020/Vel_40_updated/aisi_1020_2a_16_red_1000_cal_75_vel_40_fric_0100.odb
aisi_1020_2a_16_red_1000_cal_75_vel_40_fric_025,E:/AISI_1020/Vel_40_updated/aisi_1020_2a_16_red_1000_cal_75_vel_40_fric_025.odb
aisi_1020_2a_16_red_1000_cal_75_vel_40_fric_050,E:/AISI_1020/Vel_40_updated/aisi_1020_2a_16_red_1000_cal_75_vel_40_fric_050.odb
aisi_1020_2a_16_red_1500_cal_0_vel_40_fric_0100,E:/AISI_1020/Vel_40_updated/aisi_1020_2a_16_red_1500_cal_0_vel_40_fric_0100.odb
aisi_1020_2a_16_red_1500_cal_0_vel_40_fric_025,E:/AISI_1020/Vel_40_updated/aisi_1020_2a_16_red_1500_cal_0_vel_40_fric_025.odb
aisi_1020_2a_16_red_1500_cal_0_vel_40_fric_050,E:/AISI_1020/Vel_40_updated/aisi_1020_2a_16_red_1500_cal_0_vel_40_fric_050.odb
aisi_1020_2a_16_red_1500_cal_100_vel_40_fric_025,E:/AISI_1020/Vel_40_updated/aisi_1020_2a_16_red_1500_cal_100_vel_40_fric_025.odb
aisi_1020_2a_16_red_1500_cal_100_vel_40_fric_050,E:/AISI_1020/Vel_40_updated/aisi_1020_2a_16_red_1500_cal_100_vel_40_fric_050.odb
aisi_1020_2a_16_red_1500_cal_10_vel_40_fric_0100,E:/AISI_1020/Vel_40_updated/aisi_1020_2a_16_red_1500_cal_10_vel_40_fric_0100.odb
aisi_1020_2a_16_red_1500_cal_10_vel_40_fric_025,E:/AISI_1020/Vel_40_updated/aisi_1020_2a_16_red_1500_cal_10_vel_40_fric_025.odb
aisi_1020_2a_16_red_1500_cal_10_vel_40_fric_050,E:/AISI_1020/Vel_40_updated/aisi_1020_2a_16_red_1500_cal_10_vel_40_fric_050.odb
aisi_1020_2a_16_red_1500_cal_30_vel_40_fric_0100,E:/AISI_1020/Vel_40_updated/aisi_1020_2a_16_red_1500_cal_30_vel_40_fric_0100.odb
aisi_1020_2a_16_red_1500_cal_30_vel_40_fric_025,E:/AISI_1020/Vel_40_updated/aisi_1020_2a_16_red_1500_cal_30_vel_40_fric_025.odb
aisi_1020_2a_16_red_1500_cal_30_vel_40_fric_050,E:/AISI_1020/Vel_40_updated/aisi_1020_2a_16_red_1500_cal_30_vel_40_fric_050.odb
aisi_1020_2a_16_red_1500_cal_50_vel_40_fric_0100,E:/AISI_1020/Vel_40_updated/aisi_1020_2a_16_red_1500_cal_50_vel_40_fric_0100.odb
aisi_1020_2a_16_red_1500_cal_50_vel_40_fric_025,E:/AISI_1020/Vel_40_updated/aisi_1020_2a_16_red_1500_cal_50_vel_40_fric_025.odb
aisi_1020_2a_16_red_1500_cal_50_vel_40_fric_050,E:/AISI_1020/Vel_40_updated/aisi_1020_2a_16_red_1500_cal_50_vel_40_fric_050.odb
aisi_1020_2a_16_red_1500_cal_75_vel_40_fric_0100,E:/AISI_1020/Vel_40_updated/aisi_1020_2a_16_red_1500_cal_75_vel_40_fric_0100.odb
aisi_1020_2a_16_red_1500_cal_75_vel_40_fric_025,E:/AISI_1020/Vel_40_updated/aisi_1020_2a_16_red_1500_cal_75_vel_40_fric_025.odb
aisi_1020_2a_16_red_1500_cal_75_vel_40_fric_050,E:/AISI_1020/Vel_40_updated/aisi_1020_2a_16_red_1500_cal_75_vel_40_fric_050.odb
aisi_1020_2a_16_red_150_cal_0_vel_40_fric_0100,E:/AISI_1020/Vel_40_updated/aisi_1020_2a_16_red_150_cal_0_vel_40_fric_0100.odb
aisi_1020_2a_16_red_150_cal_0_vel_40_fric_025,E:/AISI_1020/Vel_40_updated/aisi_1020_2a_16_red_150_cal_0_vel_40_fric_025.odb
aisi_1020_2a_16_red_150_cal_0_vel_40_fric_050,E:/AISI_1020/Vel_40_updated/aisi_1020_2a_16_red_150_cal_0_vel_40_fric_050.odb
aisi_1020_2a_16_red_150_cal_100_vel_40_fric_0100,E:/AISI_1020/Vel_40_updated/aisi_1020_2a_16_red_150_cal_100_vel_40_fric_0100.odb
aisi_1020_2a_16_red_150_cal_100_vel_40_fric_025,E:/AISI_1020/Vel_40_updated/aisi_1020_2a_16_red_150_cal_100_vel_40_fric_025.odb
aisi_1020_2a_16_red_150_cal_100_vel_40_fric_050,E:/AISI_1020/Vel_40_updated/aisi_1020_2a_16_red_150_cal_100_vel_40_fric_050.odb
aisi_1020_2a_16_red_150_cal_10_vel_40_fric_0100,E:/AISI_1020/Vel_40_updated/aisi_1020_2a_16_red_150_cal_10_vel_40_fric_0100.odb
aisi_1020_2a_16_red_150_cal_10_vel_40_fric_025,E:/AISI_1020/Vel_40_updated/aisi_1020_2a_16_red_150_cal_10_vel_40_fric_025.odb
aisi_1020_2a_16_red_150_cal_10_vel_40_fric_050,E:/AISI_1020/Vel_40_updated/aisi_1020_2a_16_red_150_cal_10_vel_40_fric_050.odb
aisi_1020_2a_16_red_150_cal_30_vel_40_fric_0100,E:/AISI_1020/Vel_40_updated/aisi_1020_2a_16_red_150_cal_30_vel_40_fric_0100.odb
aisi_1020_2a_16_red_150_cal_30_vel_40_fric_025,E:/AISI_1020/Vel_40_updated/aisi_1020_2a_16_red_150_cal_30_vel_40_fric_025.odb
aisi_1020_2a_16_red_150_cal_30_vel_40_fric_050,E:/AISI_1020/Vel_40_updated/aisi_1020_2a_16_red_150_cal_30_vel_40_fric_050.odb
aisi_1020_2a_16_red_150_cal_50_vel_40_fric_0100,E:/AISI_1020/Vel_40_updated/aisi_1020_2a_16_red_150_cal_50_vel_40_fric_0100.odb
aisi_1020_2a_16_red_150_cal_50_vel_40_fric_025,E:/AISI_1020/Vel_40_updated/aisi_1020_2a_16_red_150_cal_50_vel_40_fric_025.odb
aisi_1020_2a_16_red_150_cal_50_vel_40_fric_050,E:/AISI_1020/Vel_40_updated/aisi_1020_2a_16_red_150_cal_50_vel_40_fric_050.odb
aisi_1020_2a_16_red_150_cal_75_vel_40_fric_025,E:/AISI_1020/Vel_40_updated/aisi_1020_2a_16_red_150_cal_75_vel_40_fric_025.odb
aisi_1020_2a_16_red_150_cal_75_vel_40_fric_050,E:/AISI_1020/Vel_40_updated/aisi_1020_2a_16_red_150_cal_75_vel_40_fric_050.odb
aisi_1020_2a_16_red_2000_cal_0_vel_40_fric_0100,E:/AISI_1020/Vel_40_updated/aisi_1020_2a_16_red_2000_cal_0_vel_40_fric_0100.odb
aisi_1020_2a_16_red_2000_cal_0_vel_40_fric_025,E:/AISI_1020/Vel_40_updated/aisi_1020_2a_16_red_2000_cal_0_vel_40_fric_025.odb
aisi_1020_2a_16_red_2000_cal_0_vel_40_fric_050,E:/AISI_1020/Vel_40_updated/aisi_1020_2a_16_red_2000_cal_0_vel_40_fric_050.odb
aisi_1020_2a_16_red_2000_cal_100_vel_40_fric_0100,E:/AISI_1020/Vel_40_updated/aisi_1020_2a_16_red_2000_cal_100_vel_40_fric_0100.odb
aisi_1020_2a_16_red_2000_cal_100_vel_40_fric_025,E:/AISI_1020/Vel_40_updated/aisi_1020_2a_16_red_2000_cal_100_vel_40_fric_025.odb
aisi_1020_2a_16_red_2000_cal_100_vel_40_fric_050,E:/AISI_1020/Vel_40_updated/aisi_1020_2a_16_red_2000_cal_100_vel_40_fric_050.odb
aisi_1020_2a_16_red_2000_cal_10_vel_40_fric_0100,E:/AISI_1020/Vel_40_updated/aisi_1020_2a_16_red_2000_cal_10_vel_40_fric_0100.odb
aisi_1020_2a_16_red_2000_cal_10_vel_40_fric_025,E:/AISI_1020/Vel_40_updated/aisi_1020_2a_16_red_2000_cal_10_vel_40_fric_025.odb
aisi_1020_2a_16_red_2000_cal_10_vel_40_fric_050,E:/AISI_1020/Vel_40_updated/aisi_1020_2a_16_red_2000_cal_10_vel_40_fric_050.odb
aisi_1020_2a_16_red_2000_cal_30_vel_40_fric_0100,E:/AISI_1020/Vel_40_updated/aisi_1020_2a_16_red_2000_cal_30_vel_40_fric_0100.odb
aisi_1020_2a_16_red_2000_cal_30_vel_40_fric_025,E:/AISI_1020/Vel_40_updated/aisi_1020_2a_16_red_2000_cal_30_vel_40_fric_025.odb
aisi_1020_2a_16_red_2000_cal_30_vel_40_fric_050,E:/AISI_1020/Vel_40_updated/aisi_1020_2a_16_red_2000_cal_30_vel_40_fric_050.odb
aisi_1020_2a_16_red_2000_cal_50_vel_40_fric_0100,E:/AISI_1020/Vel_40_updated/aisi_1020_2a_16_red_2000_cal_50_vel_40_fric_0100.odb
aisi_1020_2a_16_red_2000_cal_50_vel_40_fric_025,E:/AISI_1020/Vel_40_updated/aisi_1020_2a_16_red_2000_cal_50_vel_40_fric_025.odb
aisi_1020_2a_16_red_2000_cal_50_vel_40_fric_050,E:/AISI_1020/Vel_40_updated/aisi_1020_2a_16_red_2000_cal_50_vel_40_fric_050.odb
aisi_1020_2a_16_red_2000_cal_75_vel_40_fric_0100,E:/AISI_1020/Vel_40_updated/aisi_1020_2a_16_red_2000_cal_75_vel_40_fric_0100.odb
aisi_1020_2a_16_red_2000_cal_75_vel_40_fric_025,E:/AISI_1020/Vel_40_updated/aisi_1020_2a_16_red_2000_cal_75_vel_40_fric_025.odb
aisi_1020_2a_16_red_2000_cal_75_vel_40_fric_050,E:/AISI_1020/Vel_40_updated/aisi_1020_2a_16_red_2000_cal_75_vel_40_fric_050.odb
aisi_1020_2a_16_red_2500_cal_0_vel_40_fric_025,E:/AISI_1020/Vel_40_updated/aisi_1020_2a_16_red_2500_cal_0_vel_40_fric_025.odb
aisi_1020_2a_16_red_2500_cal_0_vel_40_fric_050,E:/AISI_1020/Vel_40_updated/aisi_1020_2a_16_red_2500_cal_0_vel_40_fric_050.odb
aisi_1020_2a_16_red_2500_cal_100_vel_40_fric_025,E:/AISI_1020/Vel_40_updated/aisi_1020_2a_16_red_2500_cal_100_vel_40_fric_025.odb
aisi_1020_2a_16_red_2500_cal_100_vel_40_fric_050,E:/AISI_1020/Vel_40_updated/aisi_1020_2a_16_red_2500_cal_100_vel_40_fric_050.odb
aisi_1020_2a_16_red_2500_cal_10_vel_40_fric_025,E:/AISI_1020/Vel_40_updated/aisi_1020_2a_16_red_2500_cal_10_vel_40_fric_025.odb
aisi_1020_2a_16_red_2500_cal_10_vel_40_fric_050,E:/AISI_1020/Vel_40_updated/aisi_1020_2a_16_red_2500_cal_10_vel_40_fric_050.odb
aisi_1020_2a_16_red_2500_cal_30_vel_40_fric_025,E:/AISI_1020/Vel_40_updated/aisi_1020_2a_16_red_2500_cal_30_vel_40_fric_025.odb
aisi_1020_2a_16_red_2500_cal_30_vel_40_fric_050,E:/AISI_1020/Vel_40_updated/aisi_1020_2a_16_red_2500_cal_30_vel_40_fric_050.odb
aisi_1020_2a_16_red_2500_cal_50_vel_40_fric_025,E:/AISI_1020/Vel_40_updated/aisi_1020_2a_16_red_2500_cal_50_vel_40_fric_025.odb
aisi_1020_2a_16_red_2500_cal_50_vel_40_fric_050,E:/AISI_1020/Vel_40_updated/aisi_1020_2a_16_red_2500_cal_50_vel_40_fric_050.odb
aisi_1020_2a_16_red_2500_cal_75_vel_40_fric_025,E:/AISI_1020/Vel_40_updated/aisi_1020_2a_16_red_2500_cal_75_vel_40_fric_025.odb
aisi_1020_2a_16_red_2500_cal_75_vel_40_fric_050,E:/AISI_1020/Vel_40_updated/aisi_1020_2a_16_red_2500_cal_75_vel_40_fric_050.odb
aisi_1020_2a_16_red_250_cal_0_vel_40_fric_0100,E:/AISI_1020/Vel_40_updated/aisi_1020_2a_16_red_250_cal_0_vel_40_fric_0100.odb
aisi_1020_2a_16_red_250_cal_0_vel_40_fric_025,E:/AISI_1020/Vel_40_updated/aisi_1020_2a_16_red_250_cal_0_vel_40_fric_025.odb
aisi_1020_2a_16_red_250_cal_0_vel_40_fric_050,E:/AISI_1020/Vel_40_updated/aisi_1020_2a_16_red_250_cal_0_vel_40_fric_050.odb
aisi_1020_2a_16_red_250_cal_100_vel_40_fric_0100,E:/AISI_1020/Vel_40_updated/aisi_1020_2a_16_red_250_cal_100_vel_40_fric_0100.odb
aisi_1020_2a_16_red_250_cal_100_vel_40_fric_025,E:/AISI_1020/Vel_40_updated/aisi_1020_2a_16_red_250_cal_100_vel_40_fric_025.odb
aisi_1020_2a_16_red_250_cal_100_vel_40_fric_050,E:/AISI_1020/Vel_40_updated/aisi_1020_2a_16_red_250_cal_100_vel_40_fric_050.odb
aisi_1020_2a_16_red_250_cal_10_vel_40_fric_0100,E:/AISI_1020/Vel_40_updated/aisi_1020_2a_16_red_250_cal_10_vel_40_fric_0100.odb
aisi_1020_2a_16_red_250_cal_10_vel_40_fric_025,E:/AISI_1020/Vel_40_updated/aisi_1020_2a_16_red_250_cal_10_vel_40_fric_025.odb
aisi_1020_2a_16_red_250_cal_10_vel_40_fric_050,E:/AISI_1020/Vel_40_updated/aisi_1020_2a_16_red_250_cal_10_vel_40_fric_050.odb
aisi_1020_2a_16_red_250_cal_30_vel_40_fric_050,E:/AISI_1020/Vel_40_updated/aisi_1020_2a_16_red_250_cal_30_vel_40_fric_050.odb
aisi_1020_2a_24_rd_1500_cal_50_v_40_fric_0100,E:/AISI_1020/Vel_40_updated/aisi_1020_2a_24_rd_1500_cal_50_v_40_fric_0100.odb
aisi_1020_2a_24_rd_150_cal_100_v_40_fric_0100,E:/AISI_1020/Vel_40_updated/aisi_1020_2a_24_rd_150_cal_100_v_40_fric_0100.odb
aisi_1020_2a_24_rd_150_cal_100_v_40_fric_025,E:/AISI_1020/Vel_40_updated/aisi_1020_2a_24_rd_150_cal_100_v_40_fric_025.odb
aisi_1020_2a_24_rd_150_cal_100_v_40_fric_050,E:/AISI_1020/Vel_40_updated/aisi_1020_2a_24_rd_150_cal_100_v_40_fric_050.odb
aisi_1020_2a_24_rd_500_cal_100_v_40_fric_0100,E:/AISI_1020/Vel_40_updated/aisi_1020_2a_24_rd_500_cal_100_v_40_fric_0100.odb
aisi_1020_2a_24_rd_500_cal_100_v_40_fric_025,E:/AISI_1020/Vel_40_updated/aisi_1020_2a_24_rd_500_cal_100_v_40_fric_025.odb
aisi_1020_2a_24_rd_500_cal_100_v_40_fric_050,E:/AISI_1020/Vel_40_updated/aisi_1020_2a_24_rd_500_cal_100_v_40_fric_050.odb
aisi_1020_2a_24_red_1000_cal_0_vel_40_fric_0100,E:/AISI_1020/Vel_40_updated/aisi_1020_2a_24_red_1000_cal_0_vel_40_fric_0100.odb
aisi_1020_2a_24_red_1000_cal_0_vel_40_fric_025,E:/AISI_1020/Vel_40_updated/aisi_1020_2a_24_red_1000_cal_0_vel_40_fric_025.odb
aisi_1020_2a_24_red_1000_cal_0_vel_40_fric_050,E:/AISI_1020/Vel_40_updated/aisi_1020_2a_24_red_1000_cal_0_vel_40_fric_050.odb
aisi_1020_2a_24_red_1000_cal_100_vel_40_fric_0100,E:/AISI_1020/Vel_40_updated/aisi_1020_2a_24_red_1000_cal_100_vel_40_fric_0100.odb
aisi_1020_2a_24_red_1000_cal_100_vel_40_fric_025,E:/AISI_1020/Vel_40_updated/aisi_1020_2a_24_red_1000_cal_100_vel_40_fric_025.odb
aisi_1020_2a_24_red_1000_cal_100_vel_40_fric_050,E:/AISI_1020/Vel_40_updated/aisi_1020_2a_24_red_1000_cal_100_vel_40_fric_050.odb
aisi_1020_2a_24_red_1000_cal_10_vel_40_fric_0100,E:/AISI_1020/Vel_40_updated/aisi_1020_2a_24_red_1000_cal_10_vel_40_fric_0100.odb
aisi_1020_2a_24_red_1000_cal_10_vel_40_fric_025,E:/AISI_1020/Vel_40_updated/aisi_1020_2a_24_red_1000_cal_10_vel_40_fric_025.odb
aisi_1020_2a_24_red_1000_cal_10_vel_40_fric_050,E:/AISI_1020/Vel_40_updated/aisi_1020_2a_24_red_1000_cal_10_vel_40_fric_050.odb
aisi_1020_2a_24_red_1000_cal_30_vel_40_fric_0100,E:/AISI_1020/Vel_40_updated/aisi_1020_2a_24_red_1000_cal_30_vel_40_fric_0100.odb
aisi_1020_2a_24_red_1000_cal_30_vel_40_fric_025,E:/AISI_1020/Vel_40_updated/aisi_1020_2a_24_red_1000_cal_30_vel_40_fric_025.odb
aisi_1020_2a_24_red_1000_cal_30_vel_40_fric_050,E:/AISI_1020/Vel_40_updated/aisi_1020_2a_24_red_1000_cal_30_vel_40_fric_050.odb
aisi_1020_2a_24_red_1000_cal_50_vel_40_fric_0100,E:/AISI_1020/Vel_40_updated/aisi_1020_2a_24_red_1000_cal_50_vel_40_fric_0100.odb
aisi_1020_2a_24_red_1000_cal_50_vel_40_fric_025,E:/AISI_1020/Vel_40_updated/aisi_1020_2a_24_red_1000_cal_50_vel_40_fric_025.odb
aisi_1020_2a_24_red_1000_cal_50_vel_40_fric_050,E:/AISI_1020/Vel_40_updated/aisi_1020_2a_24_red_1000_cal_50_vel_40_fric_050.odb
aisi_1020_2a_24_red_1000_cal_75_vel_40_fric_0100,E:/AISI_1020/Vel_40_updated/aisi_1020_2a_24_red_1000_cal_75_vel_40_fric_0100.odb
aisi_1020_2a_24_red_1000_cal_75_vel_40_fric_025,E:/AISI_1020/Vel_40_updated/aisi_1020_2a_24_red_1000_cal_75_vel_40_fric_025.odb
aisi_1020_2a_24_red_1000_cal_75_vel_40_fric_050,E:/AISI_1020/Vel_40_updated/aisi_1020_2a_24_red_1000_cal_75_vel_40_fric_050.odb
aisi_1020_2a_24_red_1500_cal_0_vel_40_fric_0100,E:/AISI_1020/Vel_40_updated/aisi_1020_2a_24_red_1500_cal_0_vel_40_fric_0100.odb
aisi_1020_2a_24_red_1500_cal_0_vel_40_fric_025,E:/AISI_1020/Vel_40_updated/aisi_1020_2a_24_red_1500_cal_0_vel_40_fric_025.odb
aisi_1020_2a_24_red_1500_cal_0_vel_40_fric_050,E:/AISI_1020/Vel_40_updated/aisi_1020_2a_24_red_1500_cal_0_vel_40_fric_050.odb
aisi_1020_2a_24_red_1500_cal_100_vel_40_fric_0100,E:/AISI_1020/Vel_40_updated/aisi_1020_2a_24_red_1500_cal_100_vel_40_fric_0100.odb
aisi_1020_2a_24_red_1500_cal_100_vel_40_fric_025,E:/AISI_1020/Vel_40_updated/aisi_1020_2a_24_red_1500_cal_100_vel_40_fric_025.odb
aisi_1020_2a_24_red_1500_cal_100_vel_40_fric_050,E:/AISI_1020/Vel_40_updated/aisi_1020_2a_24_red_1500_cal_100_vel_40_fric_050.odb
aisi_1020_2a_24_red_1500_cal_10_vel_40_fric_0100,E:/AISI_1020/Vel_40_updated/aisi_1020_2a_24_red_1500_cal_10_vel_40_fric_0100.odb
aisi_1020_2a_24_red_1500_cal_10_vel_40_fric_025,E:/AISI_1020/Vel_40_updated/aisi_1020_2a_24_red_1500_cal_10_vel_40_fric_025.odb
aisi_1020_2a_24_red_1500_cal_10_vel_40_fric_050,E:/AISI_1020/Vel_40_updated/aisi_1020_2a_24_red_1500_cal_10_vel_40_fric_050.odb
aisi_1020_2a_24_red_1500_cal_30_vel_40_fric_0100,E:/AISI_1020/Vel_40_updated/aisi_1020_2a_24_red_1500_cal_30_vel_40_fric_0100.odb
aisi_1020_2a_24_red_1500_cal_30_vel_40_fric_025,E:/AISI_1020/Vel_40_updated/aisi_1020_2a_24_red_1500_cal_30_vel_40_fric_025.odb
aisi_1020_2a_24_red_1500_cal_30_vel_40_fric_050,E:/AISI_1020/Vel_40_updated/aisi_1020_2a_24_red_1500_cal_30_vel_40_fric_050.odb
aisi_1020_2a_24_red_1500_cal_50_vel_40_fric_025,E:/AISI_1020/Vel_40_updated/aisi_1020_2a_24_red_1500_cal_50_vel_40_fric_025.odb
aisi_1020_2a_24_red_1500_cal_50_vel_40_fric_050,E:/AISI_1020/Vel_40_updated/aisi_1020_2a_24_red_1500_cal_50_vel_40_fric_050.odb
aisi_1020_2a_24_red_1500_cal_75_vel_40_fric_0100,E:/AISI_1020/Vel_40_updated/aisi_1020_2a_24_red_1500_cal_75_vel_40_fric_0100.odb
aisi_1020_2a_24_red_1500_cal_75_vel_40_fric_025,E:/AISI_1020/Vel_40_updated/aisi_1020_2a_24_red_1500_cal_75_vel_40_fric_025.odb
aisi_1020_2a_24_red_1500_cal_75_vel_40_fric_050,E:/AISI_1020/Vel_40_updated/aisi_1020_2a_24_red_1500_cal_75_vel_40_fric_050.odb
aisi_1020_2a_24_red_150_cal_0_vel_40_fric_0100,E:/AISI_1020/Vel_40_updated/aisi_1020_2a_24_red_150_cal_0_vel_40_fric_0100.odb
aisi_1020_2a_24_red_150_cal_0_vel_40_fric_025,E:/AISI_1020/Vel_40_updated/aisi_1020_2a_24_red_150_cal_0_vel_40_fric_025.odb
aisi_1020_2a_24_red_150_cal_0_vel_40_fric_050,E:/AISI_1020/Vel_40_updated/aisi_1020_2a_24_red_150_cal_0_vel_40_fric_050.odb
aisi_1020_2a_24_red_150_cal_10_vel_40_fric_0100,E:/AISI_1020/Vel_40_updated/aisi_1020_2a_24_red_150_cal_10_vel_40_fric_0100.odb
aisi_1020_2a_24_red_150_cal_10_vel_40_fric_025,E:/AISI_1020/Vel_40_updated/aisi_1020_2a_24_red_150_cal_10_vel_40_fric_025.odb
aisi_1020_2a_24_red_150_cal_10_vel_40_fric_050,E:/AISI_1020/Vel_40_updated/aisi_1020_2a_24_red_150_cal_10_vel_40_fric_050.odb
aisi_1020_2a_24_red_150_cal_30_vel_40_fric_0100,E:/AISI_1020/Vel_40_updated/aisi_1020_2a_24_red_150_cal_30_vel_40_fric_0100.odb
aisi_1020_2a_24_red_150_cal_30_vel_40_fric_025,E:/AISI_1020/Vel_40_updated/aisi_1020_2a_24_red_150_cal_30_vel_40_fric_025.odb
aisi_1020_2a_24_red_150_cal_30_vel_40_fric_050,E:/AISI_1020/Vel_40_updated/aisi_1020_2a_24_red_150_cal_30_vel_40_fric_050.odb
aisi_1020_2a_24_red_150_cal_50_vel_40_fric_0100,E:/AISI_1020/Vel_40_updated/aisi_1020_2a_24_red_150_cal_50_vel_40_fric_0100.odb
aisi_1020_2a_24_red_150_cal_50_vel_40_fric_025,E:/AISI_1020/Vel_40_updated/aisi_1020_2a_24_red_150_cal_50_vel_40_fric_025.odb
aisi_1020_2a_24_red_150_cal_50_vel_40_fric_050,E:/AISI_1020/Vel_40_updated/aisi_1020_2a_24_red_150_cal_50_vel_40_fric_050.odb
aisi_1020_2a_24_red_150_cal_75_vel_40_fric_0100,E:/AISI_1020/Vel_40_updated/aisi_1020_2a_24_red_150_cal_75_vel_40_fric_0100.odb
aisi_1020_2a_24_red_150_cal_75_vel_40_fric_025,E:/AISI_1020/Vel_40_updated/aisi_1020_2a_24_red_150_cal_75_vel_40_fric_025.odb
aisi_1020_2a_24_red_150_cal_75_vel_40_fric_050,E:/AISI_1020/Vel_40_updated/aisi_1020_2a_24_red_150_cal_75_vel_40_fric_050.odb
aisi_1020_2a_24_red_2000_cal_0_vel_40_fric_0100,E:/AISI_1020/Vel_40_updated/aisi_1020_2a_24_red_2000_cal_0_vel_40_fric_0100.odb
aisi_1020_2a_24_red_2000_cal_0_vel_40_fric_025,E:/AISI_1020/Vel_40_updated/aisi_1020_2a_24_red_2000_cal_0_vel_40_fric_025.odb
aisi_1020_2a_24_red_2000_cal_0_vel_40_fric_050,E:/AISI_1020/Vel_40_updated/aisi_1020_2a_24_red_2000_cal_0_vel_40_fric_050.odb
aisi_1020_2a_24_red_2000_cal_100_vel_40_fric_0100,E:/AISI_1020/Vel_40_updated/aisi_1020_2a_24_red_2000_cal_100_vel_40_fric_0100.odb
aisi_1020_2a_24_red_2000_cal_100_vel_40_fric_025,E:/AISI_1020/Vel_40_updated/aisi_1020_2a_24_red_2000_cal_100_vel_40_fric_025.odb
aisi_1020_2a_24_red_2000_cal_100_vel_40_fric_050,E:/AISI_1020/Vel_40_updated/aisi_1020_2a_24_red_2000_cal_100_vel_40_fric_050.odb
aisi_1020_2a_24_red_2000_cal_10_vel_40_fric_0100,E:/AISI_1020/Vel_40_updated/aisi_1020_2a_24_red_2000_cal_10_vel_40_fric_0100.odb
aisi_1020_2a_24_red_2000_cal_10_vel_40_fric_025,E:/AISI_1020/Vel_40_updated/aisi_1020_2a_24_red_2000_cal_10_vel_40_fric_025.odb
aisi_1020_2a_24_red_2000_cal_10_vel_40_fric_050,E:/AISI_1020/Vel_40_updated/aisi_1020_2a_24_red_2000_cal_10_vel_40_fric_050.odb
aisi_1020_2a_24_red_2000_cal_30_vel_40_fric_0100,E:/AISI_1020/Vel_40_updated/aisi_1020_2a_24_red_2000_cal_30_vel_40_fric_0100.odb
aisi_1020_2a_24_red_2000_cal_30_vel_40_fric_025,E:/AISI_1020/Vel_40_updated/aisi_1020_2a_24_red_2000_cal_30_vel_40_fric_025.odb
aisi_1020_2a_24_red_2000_cal_30_vel_40_fric_050,E:/AISI_1020/Vel_40_updated/aisi_1020_2a_24_red_2000_cal_30_vel_40_fric_050.odb
aisi_1020_2a_24_red_2000_cal_50_vel_40_fric_0100,E:/AISI_1020/Vel_40_updated/aisi_1020_2a_24_red_2000_cal_50_vel_40_fric_0100.odb
aisi_1020_2a_24_red_2000_cal_50_vel_40_fric_025,E:/AISI_1020/Vel_40_updated/aisi_1020_2a_24_red_2000_cal_50_vel_40_fric_025.odb
aisi_1020_2a_24_red_2000_cal_50_vel_40_fric_050,E:/AISI_1020/Vel_40_updated/aisi_1020_2a_24_red_2000_cal_50_vel_40_fric_050.odb
aisi_1020_2a_24_red_2000_cal_75_vel_40_fric_0100,E:/AISI_1020/Vel_40_updated/aisi_1020_2a_24_red_2000_cal_75_vel_40_fric_0100.odb
aisi_1020_2a_24_red_2000_cal_75_vel_40_fric_025,E:/AISI_1020/Vel_40_updated/aisi_1020_2a_24_red_2000_cal_75_vel_40_fric_025.odb
aisi_1020_2a_24_red_2000_cal_75_vel_40_fric_050,E:/AISI_1020/Vel_40_updated/aisi_1020_2a_24_red_2000_cal_75_vel_40_fric_050.odb
aisi_1020_2a_24_red_2500_cal_0_vel_40_fric_025,E:/AISI_1020/Vel_40_updated/aisi_1020_2a_24_red_2500_cal_0_vel_40_fric_025.odb
aisi_1020_2a_24_red_2500_cal_0_vel_40_fric_050,E:/AISI_1020/Vel_40_updated/aisi_1020_2a_24_red_2500_cal_0_vel_40_fric_050.odb
aisi_1020_2a_24_red_2500_cal_100_vel_40_fric_025,E:/AISI_1020/Vel_40_updated/aisi_1020_2a_24_red_2500_cal_100_vel_40_fric_025.odb
aisi_1020_2a_24_red_2500_cal_100_vel_40_fric_050,E:/AISI_1020/Vel_40_updated/aisi_1020_2a_24_red_2500_cal_100_vel_40_fric_050.odb
aisi_1020_2a_24_red_2500_cal_10_vel_40_fric_025,E:/AISI_1020/Vel_40_updated/aisi_1020_2a_24_red_2500_cal_10_vel_40_fric_025.odb
aisi_1020_2a_24_red_2500_cal_10_vel_40_fric_050,E:/Abaqus_calc/Vel_40/odb/Correct/aisi_1020_2a_24_red_2500_cal_10_vel_40_fric_050.odb
aisi_1020_2a_24_red_2500_cal_30_vel_40_fric_025,E:/Abaqus_calc/Vel_40/odb/Correct/aisi_1020_2a_24_red_2500_cal_30_vel_40_fric_025.odb
aisi_1020_2a_24_red_2500_cal_30_vel_40_fric_050,E:/Abaqus_calc/Vel_40/odb/Correct/aisi_1020_2a_24_red_2500_cal_30_vel_40_fric_050.odb
aisi_1020_2a_24_red_2500_cal_50_vel_40_fric_025,E:/Abaqus_calc/Vel_40/odb/Correct/aisi_1020_2a_24_red_2500_cal_50_vel_40_fric_025.odb
aisi_1020_2a_24_red_2500_cal_50_vel_40_fric_050,E:/Abaqus_calc/Vel_40/odb/Correct/aisi_1020_2a_24_red_2500_cal_50_vel_40_fric_050.odb
aisi_1020_2a_24_red_2500_cal_75_vel_40_fric_025,E:/Abaqus_calc/Vel_40/odb/Correct/aisi_1020_2a_24_red_2500_cal_75_vel_40_fric_025.odb
aisi_1020_2a_24_red_2500_cal_75_vel_40_fric_050,E:/Abaqus_calc/Vel_40/odb/Correct/aisi_1020_2a_24_red_2500_cal_75_vel_40_fric_050.odb
aisi_1020_2a_24_red_250_cal_0_vel_40_fric_0100,E:/Abaqus_calc/Vel_40/odb/Correct/aisi_1020_2a_24_red_250_cal_0_vel_40_fric_0100.odb
aisi_1020_2a_24_red_250_cal_0_vel_40_fric_025,E:/Abaqus_calc/Vel_40/odb/Correct/aisi_1020_2a_24_red_250_cal_0_vel_40_fric_025.odb
aisi_1020_2a_24_red_250_cal_0_vel_40_fric_050,E:/Abaqus_calc/Vel_40/odb/Correct/aisi_1020_2a_24_red_250_cal_0_vel_40_fric_050.odb
aisi_1020_2a_24_red_250_cal_100_vel_40_fric_0100,E:/Abaqus_calc/Vel_40/odb/Correct/aisi_1020_2a_24_red_250_cal_100_vel_40_fric_0100.odb
aisi_1020_2a_24_red_250_cal_100_vel_40_fric_025,E:/Abaqus_calc/Vel_40/odb/Correct/aisi_1020_2a_24_red_250_cal_100_vel_40_fric_025.odb
aisi_1020_2a_24_red_250_cal_100_vel_40_fric_050,E:/Abaqus_calc/Vel_40/odb/Correct/aisi_1020_2a_24_red_250_cal_100_vel_40_fric_050.odb
aisi_1020_2a_24_red_250_cal_10_vel_40_fric_0100,E:/Abaqus_calc/Vel_40/odb/Correct/aisi_1020_2a_24_red_250_cal_10_vel_40_fric_0100.odb
aisi_1020_2a_24_red_250_cal_10_vel_40_fric_025,E:/Abaqus_calc/Vel_40/odb/Correct/aisi_1020_2a_24_red_250_cal_10_vel_40_fric_025.odb
aisi_1020_2a_24_red_250_cal_10_vel_40_fric_050,E:/Abaqus_calc/Vel_40/odb/Correct/aisi_1020_2a_24_red_250_cal_10_vel_40_fric_050.odb
aisi_1020_2a_24_red_250_cal_30_vel_40_fric_025,E:/Abaqus_calc/Vel_40/odb/Correct/aisi_1020_2a_24_red_250_cal_30_vel_40_fric_025.odb
aisi_1020_2a_24_red_250_cal_30_vel_40_fric_050,E:/Abaqus_calc/Vel_40/odb/Correct/aisi_1020_2a_24_red_250_cal_30_vel_40_fric_050.odb
aisi_1020_2a_24_red_250_cal_50_vel_40_fric_0100,E:/Abaqus_calc/Vel_40/odb/Correct/aisi_1020_2a_24_red_250_cal_50_vel_40_fric_0100.odb
aisi_1020_2a_24_red_250_cal_50_vel_40_fric_025,E:/Abaqus_calc/Vel_40/odb/Correct/aisi_1020_2a_24_red_250_cal_50_vel_40_fric_025.odb
aisi_1020_2a_24_red_250_cal_50_vel_40_fric_050,E:/Abaqus_calc/Vel_40/odb/Correct/aisi_1020_2a_24_red_250_cal_50_vel_40_fric_050.odb
aisi_1020_2a_24_red_250_cal_75_vel_40_fric_0100,E:/Abaqus_calc/Vel_40/odb/Correct/aisi_1020_2a_24_red_250_cal_75_vel_40_fric_0100.odb
aisi_1020_2a_24_red_250_cal_75_vel_40_fric_025,E:/Abaqus_calc/Vel_40/odb/Correct/aisi_1020_2a_24_red_250_cal_75_vel_40_fric_025.odb
aisi_1020_2a_24_red_250_cal_75_vel_40_fric_050,E:/Abaqus_calc/Vel_40/odb/Correct/aisi_1020_2a_24_red_250_cal_75_vel_40_fric_050.odb
aisi_1020_2a_24_red_500_cal_0_vel_40_fric_0100,E:/Abaqus_calc/Vel_40/odb/Correct/aisi_1020_2a_24_red_500_cal_0_vel_40_fric_0100.odb
aisi_1020_2a_24_red_500_cal_0_vel_40_fric_025,E:/Abaqus_calc/Vel_40/odb/Correct/aisi_1020_2a_24_red_500_cal_0_vel_40_fric_025.odb
aisi_1020_2a_24_red_500_cal_0_vel_40_fric_050,E:/Abaqus_calc/Vel_40/odb/Correct/aisi_1020_2a_24_red_500_cal_0_vel_40_fric_050.odb
aisi_1020_2a_24_red_500_cal_10_vel_40_fric_0100,E:/Abaqus_calc/Vel_40/odb/Correct/aisi_1020_2a_24_red_500_cal_10_vel_40_fric_0100.odb
aisi_1020_2a_24_red_500_cal_10_vel_40_fric_025,E:/Abaqus_calc/Vel_40/odb/Correct/aisi_1020_2a_24_red_500_cal_10_vel_40_fric_025.odb
aisi_1020_2a_24_red_500_cal_10_vel_40_fric_050,E:/Abaqus_calc/Vel_40/odb/Correct/aisi_1020_2a_24_red_500_cal_10_vel_40_fric_050.odb
aisi_1020_2a_24_red_500_cal_30_vel_40_fric_0100,E:/Abaqus_calc/Vel_40/odb/Correct/aisi_1020_2a_24_red_500_cal_30_vel_40_fric_0100.odb
aisi_1020_2a_24_red_500_cal_30_vel_40_fric_025,E:/Abaqus_calc/Vel_40/odb/Correct/aisi_1020_2a_24_red_500_cal_30_vel_40_fric_025.odb
aisi_1020_2a_24_red_500_cal_30_vel_40_fric_050,E:/Abaqus_calc/Vel_40/odb/Correct/aisi_1020_2a_24_red_500_cal_30_vel_40_fric_050.odb
aisi_1020_2a_24_red_500_cal_50_vel_40_fric_050,E:/Abaqus_calc/Vel_40/odb/Correct/aisi_1020_2a_24_red_500_cal_50_vel_40_fric_050.odb
aisi_1020_2a_32_rd_1000_cal_100_v_40_fric_0100,E:/Abaqus_calc/Vel_40/odb/Correct/aisi_1020_2a_32_rd_1000_cal_100_v_40_fric_0100.odb
aisi_1020_2a_32_rd_1000_cal_100_v_40_fric_025,E:/Abaqus_calc/Vel_40/odb/Correct/aisi_1020_2a_32_rd_1000_cal_100_v_40_fric_025.odb
aisi_1020_2a_32_rd_1000_cal_100_v_40_fric_050,E:/Abaqus_calc/Vel_40/odb/Correct/aisi_1020_2a_32_rd_1000_cal_100_v_40_fric_050.odb
aisi_1020_2a_32_rd_1000_cal_50_v_40_fric_0100,E:/Abaqus_calc/Vel_40/odb/Correct/aisi_1020_2a_32_rd_1000_cal_50_v_40_fric_0100.odb
aisi_1020_2a_32_rd_1000_cal_75_v_40_fric_0100,E:/Abaqus_calc/Vel_40/odb/Correct/aisi_1020_2a_32_rd_1000_cal_75_v_40_fric_0100.odb
aisi_1020_2a_32_rd_1000_cal_75_v_40_fric_025,E:/Abaqus_calc/Vel_40/odb/Correct/aisi_1020_2a_32_rd_1000_cal_75_v_40_fric_025.odb
aisi_1020_2a_32_rd_1000_cal_75_v_40_fric_050,E:/Abaqus_calc/Vel_40/odb/Correct/aisi_1020_2a_32_rd_1000_cal_75_v_40_fric_050.odb
aisi_1020_2a_32_rd_1500_cal_100_v_40_fric_0100,E:/Abaqus_calc/Vel_40/odb/Correct/aisi_1020_2a_32_rd_1500_cal_100_v_40_fric_0100.odb
aisi_1020_2a_32_rd_1500_cal_100_v_40_fric_025,E:/Abaqus_calc/Vel_40/odb/Correct/aisi_1020_2a_32_rd_1500_cal_100_v_40_fric_025.odb
aisi_1020_2a_32_rd_1500_cal_100_v_40_fric_050,E:/Abaqus_calc/Vel_40/odb/Correct/aisi_1020_2a_32_rd_1500_cal_100_v_40_fric_050.odb
aisi_1020_2a_32_rd_1500_cal_50_v_40_fric_0100,E:/Abaqus_calc/Vel_40/odb/Correct/aisi_1020_2a_32_rd_1500_cal_50_v_40_fric_0100.odb
aisi_1020_2a_32_rd_1500_cal_75_v_40_fric_0100,E:/Abaqus_calc/Vel_40/odb/Correct/aisi_1020_2a_32_rd_1500_cal_75_v_40_fric_0100.odb
aisi_1020_2a_32_rd_1500_cal_75_v_40_fric_025,E:/Abaqus_calc/Vel_40/odb/Correct/aisi_1020_2a_32_rd_1500_cal_75_v_40_fric_025.odb
aisi_1020_2a_32_rd_1500_cal_75_v_40_fric_050,E:/Abaqus_calc/Vel_40/odb/Correct/aisi_1020_2a_32_rd_1500_cal_75_v_40_fric_050.odb
aisi_1020_2a_32_rd_150_cal_100_v_40_fric_0100,E:/Abaqus_calc/Vel_40/odb/Correct/aisi_1020_2a_32_rd_150_cal_100_v_40_fric_0100.odb
aisi_1020_2a_32_rd_150_cal_100_v_40_fric_025,E:/Abaqus_calc/Vel_40/odb/Correct/aisi_1020_2a_32_rd_150_cal_100_v_40_fric_025.odb
aisi_1020_2a_32_rd_150_cal_100_v_40_fric_050,E:/Abaqus_calc/Vel_40/odb/Correct/aisi_1020_2a_32_rd_150_cal_100_v_40_fric_050.odb
aisi_1020_2a_32_rd_2000_cal_100_v_40_fric_0100,E:/Abaqus_calc/Vel_40/odb/Correct/aisi_1020_2a_32_rd_2000_cal_100_v_40_fric_0100.odb
aisi_1020_2a_32_rd_2000_cal_75_v_40_fric_0100,E:/Abaqus_calc/Vel_40/odb/Correct/aisi_1020_2a_32_rd_2000_cal_75_v_40_fric_0100.odb
aisi_1020_2a_32_rd_250_cal_100_v_40_fric_0100,E:/Abaqus_calc/Vel_40/odb/Correct/aisi_1020_2a_32_rd_250_cal_100_v_40_fric_0100.odb
aisi_1020_2a_32_rd_250_cal_100_v_40_fric_025,E:/Abaqus_calc/Vel_40/odb/Correct/aisi_1020_2a_32_rd_250_cal_100_v_40_fric_025.odb
aisi_1020_2a_32_rd_250_cal_100_v_40_fric_050,E:/Abaqus_calc/Vel_40/odb/Correct/aisi_1020_2a_32_rd_250_cal_100_v_40_fric_050.odb
aisi_1020_2a_32_rd_500_cal_100_v_40_fric_0100,E:/Abaqus_calc/Vel_40/odb/Correct/aisi_1020_2a_32_rd_500_cal_100_v_40_fric_0100.odb
aisi_1020_2a_32_rd_500_cal_100_v_40_fric_025,E:/Abaqus_calc/Vel_40/odb/Correct/aisi_1020_2a_32_rd_500_cal_100_v_40_fric_025.odb
aisi_1020_2a_32_rd_500_cal_100_v_40_fric_050,E:/Abaqus_calc/Vel_40/odb/Correct/aisi_1020_2a_32_rd_500_cal_100_v_40_fric_050.odb
aisi_1020_2a_32_rd_500_cal_75_v_40_fric_0100,E:/Abaqus_calc/Vel_40/odb/Correct/aisi_1020_2a_32_rd_500_cal_75_v_40_fric_0100.odb
aisi_1020_2a_32_rd_500_cal_75_v_40_fric_025,E:/Abaqus_calc/Vel_40/odb/Correct/aisi_1020_2a_32_rd_500_cal_75_v_40_fric_025.odb
aisi_1020_2a_32_rd_500_cal_75_v_40_fric_050,E:/Abaqus_calc/Vel_40/odb/Correct/aisi_1020_2a_32_rd_500_cal_75_v_40_fric_050.odb
aisi_1020_2a_32_red_1000_cal_0_vel_40_fric_0100,E:/Abaqus_calc/Vel_40/odb/Correct/aisi_1020_2a_32_red_1000_cal_0_vel_40_fric_0100.odb
aisi_1020_2a_32_red_1000_cal_0_vel_40_fric_025,E:/Abaqus_calc/Vel_40/odb/Correct/aisi_1020_2a_32_red_1000_cal_0_vel_40_fric_025.odb
aisi_1020_2a_32_red_1000_cal_0_vel_40_fric_050,E:/Abaqus_calc/Vel_40/odb/Correct/aisi_1020_2a_32_red_1000_cal_0_vel_40_fric_050.odb
aisi_1020_2a_32_red_1000_cal_10_vel_40_fric_0100,E:/Abaqus_calc/Vel_40/odb/Correct/aisi_1020_2a_32_red_1000_cal_10_vel_40_fric_0100.odb
aisi_1020_2a_32_red_1000_cal_10_vel_40_fric_025,E:/Abaqus_calc/Vel_40/odb/Correct/aisi_1020_2a_32_red_1000_cal_10_vel_40_fric_025.odb
aisi_1020_2a_32_red_1000_cal_10_vel_40_fric_050,E:/Abaqus_calc/Vel_40/odb/Correct/aisi_1020_2a_32_red_1000_cal_10_vel_40_fric_050.odb
aisi_1020_2a_32_red_1000_cal_30_vel_40_fric_0100,E:/Abaqus_calc/Vel_40/odb/Correct/aisi_1020_2a_32_red_1000_cal_30_vel_40_fric_0100.odb
aisi_1020_2a_32_red_1000_cal_30_vel_40_fric_025,E:/Abaqus_calc/Vel_40/odb/Correct/aisi_1020_2a_32_red_1000_cal_30_vel_40_fric_025.odb
aisi_1020_2a_32_red_1000_cal_30_vel_40_fric_050,E:/Abaqus_calc/Vel_40/odb/Correct/aisi_1020_2a_32_red_1000_cal_30_vel_40_fric_050.odb
aisi_1020_2a_32_red_1000_cal_50_vel_40_fric_025,E:/Abaqus_calc/Vel_40/odb/Correct/aisi_1020_2a_32_red_1000_cal_50_vel_40_fric_025.odb
aisi_1020_2a_32_red_1000_cal_50_vel_40_fric_050,E:/Abaqus_calc/Vel_40/odb/Correct/aisi_1020_2a_32_red_1000_cal_50_vel_40_fric_050.odb
aisi_1020_2a_32_red_1500_cal_0_vel_40_fric_0100,E:/Abaqus_calc/Vel_40/odb/Correct/aisi_1020_2a_32_red_1500_cal_0_vel_40_fric_0100.odb
aisi_1020_2a_32_red_1500_cal_0_vel_40_fric_025,E:/Abaqus_calc/Vel_40/odb/Correct/aisi_1020_2a_32_red_1500_cal_0_vel_40_fric_025.odb
aisi_1020_2a_32_red_1500_cal_0_vel_40_fric_050,E:/Abaqus_calc/Vel_40/odb/Correct/aisi_1020_2a_32_red_1500_cal_0_vel_40_fric_050.odb
aisi_1020_2a_32_red_1500_cal_10_vel_40_fric_0100,E:/Abaqus_calc/Vel_40/odb/Correct/aisi_1020_2a_32_red_1500_cal_10_vel_40_fric_0100.odb
aisi_1020_2a_32_red_1500_cal_10_vel_40_fric_025,E:/Abaqus_calc/Vel_40/odb/Correct/aisi_1020_2a_32_red_1500_cal_10_vel_40_fric_025.odb
aisi_1020_2a_32_red_1500_cal_10_vel_40_fric_050,E:/Abaqus_calc/Vel_40/odb/Correct/aisi_1020_2a_32_red_1500_cal_10_vel_40_fric_050.odb
aisi_1020_2a_32_red_1500_cal_30_vel_40_fric_025,E:/Abaqus_calc/Vel_40/odb/Correct/aisi_1020_2a_32_red_1500_cal_30_vel_40_fric_025.odb
aisi_1020_2a_32_red_1500_cal_30_vel_40_fric_050,E:/Abaqus_calc/Vel_40/odb/Correct/aisi_1020_2a_32_red_1500_cal_30_vel_40_fric_050.odb
aisi_1020_2a_32_red_1500_cal_50_vel_40_fric_025,E:/Abaqus_calc/Vel_40/odb/Correct/aisi_1020_2a_32_red_1500_cal_50_vel_40_fric_025.odb
aisi_1020_2a_32_red_1500_cal_50_vel_40_fric_050,E:/Abaqus_calc/Vel_40/odb/Correct/aisi_1020_2a_32_red_1500_cal_50_vel_40_fric_050.odb
aisi_1020_2a_32_red_150_cal_0_vel_40_fric_0100,E:/Abaqus_calc/Vel_40/odb/Correct/aisi_1020_2a_32_red_150_cal_0_vel_40_fric_0100.odb
aisi_1020_2a_32_red_150_cal_0_vel_40_fric_025,E:/Abaqus_calc/Vel_40/odb/Correct/aisi_1020_2a_32_red_150_cal_0_vel_40_fric_025.odb
aisi_1020_2a_32_red_150_cal_0_vel_40_fric_050,E:/Abaqus_calc/Vel_40/odb/Correct/aisi_1020_2a_32_red_150_cal_0_vel_40_fric_050.odb
aisi_1020_2a_32_red_150_cal_10_vel_40_fric_0100,E:/Abaqus_calc/Vel_40/odb/Correct/aisi_1020_2a_32_red_150_cal_10_vel_40_fric_0100.odb
aisi_1020_2a_32_red_150_cal_10_vel_40_fric_025,E:/Abaqus_calc/Vel_40/odb/Correct/aisi_1020_2a_32_red_150_cal_10_vel_40_fric_025.odb
aisi_1020_2a_32_red_150_cal_10_vel_40_fric_050,E:/Abaqus_calc/Vel_40/odb/Correct/aisi_1020_2a_32_red_150_cal_10_vel_40_fric_050.odb
aisi_1020_2a_32_red_150_cal_30_vel_40_fric_0100,E:/Abaqus_calc/Vel_40/odb/Correct/aisi_1020_2a_32_red_150_cal_30_vel_40_fric_0100.odb
aisi_1020_2a_32_red_150_cal_30_vel_40_fric_025,E:/Abaqus_calc/Vel_40/odb/Correct/aisi_1020_2a_32_red_150_cal_30_vel_40_fric_025.odb
aisi_1020_2a_32_red_150_cal_30_vel_40_fric_050,E:/Abaqus_calc/Vel_40/odb/Correct/aisi_1020_2a_32_red_150_cal_30_vel_40_fric_050.odb
aisi_1020_2a_32_red_150_cal_50_vel_40_fric_0100,E:/Abaqus_calc/Vel_40/odb/Correct/aisi_1020_2a_32_red_150_cal_50_vel_40_fric_0100.odb
aisi_1020_2a_32_red_150_cal_50_vel_40_fric_025,E:/Abaqus_calc/Vel_40/odb/Correct/aisi_1020_2a_32_red_150_cal_50_vel_40_fric_025.odb
aisi_1020_2a_32_red_150_cal_50_vel_40_fric_050,E:/Abaqus_calc/Vel_40/odb/Correct/aisi_1020_2a_32_red_150_cal_50_vel_40_fric_050.odb
aisi_1020_2a_32_red_150_cal_75_vel_40_fric_0100,E:/Abaqus_calc/Vel_40/odb/Correct/aisi_1020_2a_32_red_150_cal_75_vel_40_fric_0100.odb
aisi_1020_2a_32_red_150_cal_75_vel_40_fric_025,E:/Abaqus_calc/Vel_40/odb/Correct/aisi_1020_2a_32_red_150_cal_75_vel_40_fric_025.odb
aisi_1020_2a_32_red_150_cal_75_vel_40_fric_050,E:/Abaqus_calc/Vel_40/odb/Correct/aisi_1020_2a_32_red_150_cal_75_vel_40_fric_050.odb
aisi_1020_2a_32_red_2000_cal_0_vel_40_fric_0100,E:/Abaqus_calc/Vel_40/odb/Correct/aisi_1020_2a_32_red_2000_cal_0_vel_40_fric_0100.odb
aisi_1020_2a_32_red_2000_cal_0_vel_40_fric_025,E:/Abaqus_calc/Vel_40/odb/Correct/aisi_1020_2a_32_red_2000_cal_0_vel_40_fric_025.odb
aisi_1020_2a_32_red_2000_cal_0_vel_40_fric_050,E:/Abaqus_calc/Vel_40/odb/Correct/aisi_1020_2a_32_red_2000_cal_0_vel_40_fric_050.odb
aisi_1020_2a_32_red_2000_cal_100_vel_40_fric_025,E:/Abaqus_calc/Vel_40/odb/Correct/aisi_1020_2a_32_red_2000_cal_100_vel_40_fric_025.odb
aisi_1020_2a_32_red_2000_cal_100_vel_40_fric_050,E:/Abaqus_calc/Vel_40/odb/Correct/aisi_1020_2a_32_red_2000_cal_100_vel_40_fric_050.odb
aisi_1020_2a_32_red_2000_cal_10_vel_40_fric_0100,E:/Abaqus_calc/Vel_40/odb/Correct/aisi_1020_2a_32_red_2000_cal_10_vel_40_fric_0100.odb
aisi_1020_2a_32_red_2000_cal_10_vel_40_fric_025,E:/Abaqus_calc/Vel_40/odb/Correct/aisi_1020_2a_32_red_2000_cal_10_vel_40_fric_025.odb
aisi_1020_2a_32_red_2000_cal_10_vel_40_fric_050,E:/Abaqus_calc/Vel_40/odb/Correct/aisi_1020_2a_32_red_2000_cal_10_vel_40_fric_050.odb
aisi_1020_2a_32_red_2000_cal_30_vel_40_fric_0100,E:/Abaqus_calc/Vel_40/odb/Correct/aisi_1020_2a_32_red_2000_cal_30_vel_40_fric_0100.odb
aisi_1020_2a_32_red_2000_cal_30_vel_40_fric_025,E:/Abaqus_calc/Vel_40/odb/Correct/aisi_1020_2a_32_red_2000_cal_30_vel_40_fric_025.odb
aisi_1020_2a_32_red_2000_cal_30_vel_40_fric_050,E:/Abaqus_calc/Vel_40/odb/Correct/aisi_1020_2a_32_red_2000_cal_30_vel_40_fric_050.odb
aisi_1020_2a_32_red_2000_cal_50_vel_40_fric_0100,E:/Abaqus_calc/Vel_40/odb/Correct/aisi_1020_2a_32_red_2000_cal_50_vel_40_fric_0100.odb
aisi_1020_2a_32_red_2000_cal_50_vel_40_fric_025,E:/Abaqus_calc/Vel_40/odb/Correct/aisi_1020_2a_32_red_2000_cal_50_vel_40_fric_025.odb
aisi_1020_2a_32_red_2000_cal_50_vel_40_fric_050,E:/Abaqus_calc/Vel_40/odb/Correct/aisi_1020_2a_32_red_2000_cal_50_vel_40_fric_050.odb
aisi_1020_2a_32_red_2000_cal_75_vel_40_fric_025,E:/Abaqus_calc/Vel_40/odb/Correct/aisi_1020_2a_32_red_2000_cal_75_vel_40_fric_025.odb
aisi_1020_2a_32_red_2000_cal_75_vel_40_fric_050,E:/Abaqus_calc/Vel_40/odb/Correct/aisi_1020_2a_32_red_2000_cal_75_vel_40_fric_050.odb
aisi_1020_2a_32_red_2500_cal_0_vel_40_fric_025,E:/Abaqus_calc/Vel_40/odb/Correct/aisi_1020_2a_32_red_2500_cal_0_vel_40_fric_025.odb
aisi_1020_2a_32_red_2500_cal_0_vel_40_fric_050,E:/Abaqus_calc/Vel_40/odb/Correct/aisi_1020_2a_32_red_2500_cal_0_vel_40_fric_050.odb
aisi_1020_2a_32_red_2500_cal_100_vel_40_fric_025,E:/Abaqus_calc/Vel_40/odb/Correct/aisi_1020_2a_32_red_2500_cal_100_vel_40_fric_025.odb
aisi_1020_2a_32_red_2500_cal_100_vel_40_fric_050,E:/Abaqus_calc/Vel_40/odb/Correct/aisi_1020_2a_32_red_2500_cal_100_vel_40_fric_050.odb
aisi_1020_2a_32_red_2500_cal_10_vel_40_fric_025,E:/Abaqus_calc/Vel_40/odb/Correct/aisi_1020_2a_32_red_2500_cal_10_vel_40_fric_025.odb
aisi_1020_2a_32_red_2500_cal_10_vel_40_fric_050,E:/Abaqus_calc/Vel_40/odb/Correct/aisi_1020_2a_32_red_2500_cal_10_vel_40_fric_050.odb
aisi_1020_2a_32_red_2500_cal_30_vel_40_fric_025,E:/Abaqus_calc/Vel_40/odb/Correct/aisi_1020_2a_32_red_2500_cal_30_vel_40_fric_025.odb
aisi_1020_2a_32_red_2500_cal_30_vel_40_fric_050,E:/Abaqus_calc/Vel_40/odb/Correct/aisi_1020_2a_32_red_2500_cal_30_vel_40_fric_050.odb
aisi_1020_2a_32_red_2500_cal_50_vel_40_fric_025,E:/Abaqus_calc/Vel_40/odb/Correct/aisi_1020_2a_32_red_2500_cal_50_vel_40_fric_025.odb
aisi_1020_2a_32_red_2500_cal_50_vel_40_fric_050,E:/Abaqus_calc/Vel_40/odb/Correct/aisi_1020_2a_32_red_2500_cal_50_vel_40_fric_050.odb
aisi_1020_2a_32_red_2500_cal_75_vel_40_fric_025,E:/Abaqus_calc/Vel_40/odb/Correct/aisi_1020_2a_32_red_2500_cal_75_vel_40_fric_025.odb
aisi_1020_2a_32_red_2500_cal_75_vel_40_fric_050,E:/Abaqus_calc/Vel_40/odb/Correct/aisi_1020_2a_32_red_2500_cal_75_vel_40_fric_050.odb
aisi_1020_2a_32_red_250_cal_0_vel_40_fric_0100,E:/Abaqus_calc/Vel_40/odb/Correct/aisi_1020_2a_32_red_250_cal_0_vel_40_fric_0100.odb
aisi_1020_2a_32_red_250_cal_0_vel_40_fric_025,E:/Abaqus_calc/Vel_40/odb/Correct/aisi_1020_2a_32_red_250_cal_0_vel_40_fric_025.odb
aisi_1020_2a_32_red_250_cal_0_vel_40_fric_050,E:/Abaqus_calc/Vel_40/odb/Correct/aisi_1020_2a_32_red_250_cal_0_vel_40_fric_050.odb
aisi_1020_2a_32_red_250_cal_10_vel_40_fric_0100,E:/Abaqus_calc/Vel_40/odb/Correct/aisi_1020_2a_32_red_250_cal_10_vel_40_fric_0100.odb
aisi_1020_2a_32_red_250_cal_10_vel_40_fric_025,E:/Abaqus_calc/Vel_40/odb/Correct/aisi_1020_2a_32_red_250_cal_10_vel_40_fric_025.odb
aisi_1020_2a_32_red_250_cal_10_vel_40_fric_050,E:/Abaqus_calc/Vel_40/odb/Correct/aisi_1020_2a_32_red_250_cal_10_vel_40_fric_050.odb
aisi_1020_2a_32_red_250_cal_30_vel_40_fric_0100,E:/Abaqus_calc/Vel_40/odb/Correct/aisi_1020_2a_32_red_250_cal_30_vel_40_fric_0100.odb
aisi_1020_2a_32_red_250_cal_30_vel_40_fric_025,E:/Abaqus_calc/Vel_40/odb/Correct/aisi_1020_2a_32_red_250_cal_30_vel_40_fric_025.odb
aisi_1020_2a_32_red_250_cal_30_vel_40_fric_050,E:/Abaqus_calc/Vel_40/odb/Correct/aisi_1020_2a_32_red_250_cal_30_vel_40_fric_050.odb
aisi_1020_2a_32_red_250_cal_50_vel_40_fric_0100,E:/Abaqus_calc/Vel_40/odb/Correct/aisi_1020_2a_32_red_250_cal_50_vel_40_fric_0100.odb
aisi_1020_2a_32_red_250_cal_50_vel_40_fric_025,E:/Abaqus_calc/Vel_40/odb/Correct/aisi_1020_2a_32_red_250_cal_50_vel_40_fric_025.odb
aisi_1020_2a_32_red_250_cal_50_vel_40_fric_050,E:/Abaqus_calc/Vel_40/odb/Correct/aisi_1020_2a_32_red_250_cal_50_vel_40_fric_050.odb
aisi_1020_2a_32_red_250_cal_75_vel_40_fric_0100,E:/Abaqus_calc/Vel_40/odb/Correct/aisi_1020_2a_32_red_250_cal_75_vel_40_fric_0100.odb
aisi_1020_2a_32_red_250_cal_75_vel_40_fric_025,E:/Abaqus_calc/Vel_40/odb/Correct/aisi_1020_2a_32_red_250_cal_75_vel_40_fric_025.odb
aisi_1020_2a_32_red_250_cal_75_vel_40_fric_050,E:/Abaqus_calc/Vel_40/odb/Correct/aisi_1020_2a_32_red_250_cal_75_vel_40_fric_050.odb
aisi_1020_2a_32_red_500_cal_0_vel_40_fric_0100,E:/Abaqus_calc/Vel_40/odb/Correct/aisi_1020_2a_32_red_500_cal_0_vel_40_fric_0100.odb
aisi_1020_2a_32_red_500_cal_0_vel_40_fric_025,E:/Abaqus_calc/Vel_40/odb/Correct/aisi_1020_2a_32_red_500_cal_0_vel_40_fric_025.odb
aisi_1020_2a_32_red_500_cal_0_vel_40_fric_050,E:/Abaqus_calc/Vel_40/odb/Correct/aisi_1020_2a_32_red_500_cal_0_vel_40_fric_050.odb
aisi_1020_2a_32_red_500_cal_10_vel_40_fric_0100,E:/Abaqus_calc/Vel_40/odb/Correct/aisi_1020_2a_32_red_500_cal_10_vel_40_fric_0100.odb
aisi_1020_2a_32_red_500_cal_10_vel_40_fric_025,E:/Abaqus_calc/Vel_40/odb/Correct/aisi_1020_2a_32_red_500_cal_10_vel_40_fric_025.odb
aisi_1020_2a_32_red_500_cal_10_vel_40_fric_050,E:/Abaqus_calc/Vel_40/odb/Correct/aisi_1020_2a_32_red_500_cal_10_vel_40_fric_050.odb
aisi_1020_2a_32_red_500_cal_30_vel_40_fric_0100,E:/Abaqus_calc/Vel_40/odb/Correct/aisi_1020_2a_32_red_500_cal_30_vel_40_fric_0100.odb
aisi_1020_2a_32_red_500_cal_30_vel_40_fric_025,E:/Abaqus_calc/Vel_40/odb/Correct/aisi_1020_2a_32_red_500_cal_30_vel_40_fric_025.odb
aisi_1020_2a_32_red_500_cal_30_vel_40_fric_050,E:/Abaqus_calc/Vel_40/odb/Correct/aisi_1020_2a_32_red_500_cal_30_vel_40_fric_050.odb
aisi_1020_2a_32_red_500_cal_50_vel_40_fric_0100,E:/Abaqus_calc/Vel_40/odb/Correct/aisi_1020_2a_32_red_500_cal_50_vel_40_fric_0100.odb
aisi_1020_2a_32_red_500_cal_50_vel_40_fric_025,E:/Abaqus_calc/Vel_40/odb/Correct/aisi_1020_2a_32_red_500_cal_50_vel_40_fric_025.odb
aisi_1020_2a_32_red_500_cal_50_vel_40_fric_050,E:/Abaqus_calc/Vel_40/odb/Correct/aisi_1020_2a_32_red_500_cal_50_vel_40_fric_050.odb
aisi_1020_2a_40_rd_1000_cal_100_v_40_fric_0100,E:/Abaqus_calc/Vel_40/odb/Correct/aisi_1020_2a_40_rd_1000_cal_100_v_40_fric_0100.odb
aisi_1020_2a_40_rd_1000_cal_100_v_40_fric_025,E:/Abaqus_calc/Vel_40/odb/Correct/aisi_1020_2a_40_rd_1000_cal_100_v_40_fric_025.odb
aisi_1020_2a_40_rd_1000_cal_100_v_40_fric_050,E:/Abaqus_calc/Vel_40/odb/Correct/aisi_1020_2a_40_rd_1000_cal_100_v_40_fric_050.odb
aisi_1020_2a_40_rd_1000_cal_50_v_40_fric_0100,E:/Abaqus_calc/Vel_40/odb/Correct/aisi_1020_2a_40_rd_1000_cal_50_v_40_fric_0100.odb
aisi_1020_2a_40_rd_1000_cal_50_v_40_fric_025,E:/Abaqus_calc/Vel_40/odb/Correct/aisi_1020_2a_40_rd_1000_cal_50_v_40_fric_025.odb
aisi_1020_2a_40_rd_1000_cal_50_v_40_fric_050,E:/Abaqus_calc/Vel_40/odb/Correct/aisi_1020_2a_40_rd_1000_cal_50_v_40_fric_050.odb
aisi_1020_2a_40_rd_1000_cal_75_v_40_fric_0100,E:/Abaqus_calc/Vel_40/odb/Correct/aisi_1020_2a_40_rd_1000_cal_75_v_40_fric_0100.odb
aisi_1020_2a_40_rd_1000_cal_75_v_40_fric_025,E:/Abaqus_calc/Vel_40/odb/Correct/aisi_1020_2a_40_rd_1000_cal_75_v_40_fric_025.odb
aisi_1020_2a_40_rd_1000_cal_75_v_40_fric_050,E:/Abaqus_calc/Vel_40/odb/Correct/aisi_1020_2a_40_rd_1000_cal_75_v_40_fric_050.odb
aisi_1020_2a_40_rd_1500_cal_100_v_40_fric_0100,E:/Abaqus_calc/Vel_40/odb/Correct/aisi_1020_2a_40_rd_1500_cal_100_v_40_fric_0100.odb
aisi_1020_2a_40_rd_1500_cal_100_v_40_fric_025,E:/Abaqus_calc/Vel_40/odb/Correct/aisi_1020_2a_40_rd_1500_cal_100_v_40_fric_025.odb
aisi_1020_2a_40_rd_1500_cal_100_v_40_fric_050,E:/Abaqus_calc/Vel_40/odb/Correct/aisi_1020_2a_40_rd_1500_cal_100_v_40_fric_050.odb
aisi_1020_2a_40_rd_1500_cal_30_v_40_fric_0100,E:/Abaqus_calc/Vel_40/odb/Correct/aisi_1020_2a_40_rd_1500_cal_30_v_40_fric_0100.odb
aisi_1020_2a_40_rd_1500_cal_30_v_40_fric_050,E:/Abaqus_calc/Vel_40/odb/Correct/aisi_1020_2a_40_rd_1500_cal_30_v_40_fric_050.odb
aisi_1020_2a_40_rd_1500_cal_50_v_40_fric_0100,E:/Abaqus_calc/Vel_40/odb/Correct/aisi_1020_2a_40_rd_1500_cal_50_v_40_fric_0100.odb
aisi_1020_2a_40_rd_1500_cal_50_v_40_fric_025,E:/Abaqus_calc/Vel_40/odb/Correct/aisi_1020_2a_40_rd_1500_cal_50_v_40_fric_025.odb
aisi_1020_2a_40_rd_1500_cal_50_v_40_fric_050,E:/Abaqus_calc/Vel_40/odb/Correct/aisi_1020_2a_40_rd_1500_cal_50_v_40_fric_050.odb
aisi_1020_2a_40_rd_1500_cal_75_v_40_fric_0100,E:/Abaqus_calc/Vel_40/odb/Correct/aisi_1020_2a_40_rd_1500_cal_75_v_40_fric_0100.odb
aisi_1020_2a_40_rd_1500_cal_75_v_40_fric_025,E:/Abaqus_calc/Vel_40/odb/Correct/aisi_1020_2a_40_rd_1500_cal_75_v_40_fric_025.odb
aisi_1020_2a_40_rd_1500_cal_75_v_40_fric_050,E:/Abaqus_calc/Vel_40/odb/Correct/aisi_1020_2a_40_rd_1500_cal_75_v_40_fric_050.odb
aisi_1020_2a_40_rd_150_cal_100_v_40_fric_0100,E:/Abaqus_calc/Vel_40/odb/Correct/aisi_1020_2a_40_rd_150_cal_100_v_40_fric_0100.odb
aisi_1020_2a_40_rd_150_cal_100_v_40_fric_025,E:/Abaqus_calc/Vel_40/odb/Correct/aisi_1020_2a_40_rd_150_cal_100_v_40_fric_025.odb
aisi_1020_2a_40_rd_150_cal_100_v_40_fric_050,E:/Abaqus_calc/Vel_40/odb/Correct/aisi_1020_2a_40_rd_150_cal_100_v_40_fric_050.odb
aisi_1020_2a_40_rd_2000_cal_0_v_40_fric_0100,E:/Abaqus_calc/Vel_40/odb/Correct/aisi_1020_2a_40_rd_2000_cal_0_v_40_fric_0100.odb
aisi_1020_2a_40_rd_2000_cal_100_v_40_fric_0100,E:/Abaqus_calc/Vel_40/odb/Correct/aisi_1020_2a_40_rd_2000_cal_100_v_40_fric_0100.odb
aisi_1020_2a_40_rd_2000_cal_100_v_40_fric_025,E:/Abaqus_calc/Vel_40/odb/Correct/aisi_1020_2a_40_rd_2000_cal_100_v_40_fric_025.odb
aisi_1020_2a_40_rd_2000_cal_100_v_40_fric_050,E:/Abaqus_calc/Vel_40/odb/Correct/aisi_1020_2a_40_rd_2000_cal_100_v_40_fric_050.odb
aisi_1020_2a_40_rd_2000_cal_10_v_40_fric_0100,E:/Abaqus_calc/Vel_40/odb/Correct/aisi_1020_2a_40_rd_2000_cal_10_v_40_fric_0100.odb
aisi_1020_2a_40_rd_2000_cal_30_v_40_fric_0100,E:/Abaqus_calc/Vel_40/odb/Correct/aisi_1020_2a_40_rd_2000_cal_30_v_40_fric_0100.odb
aisi_1020_2a_40_rd_2000_cal_30_v_40_fric_025,E:/Abaqus_calc/Vel_40/odb/Correct/aisi_1020_2a_40_rd_2000_cal_30_v_40_fric_025.odb
aisi_1020_2a_40_rd_2000_cal_30_v_40_fric_050,E:/Abaqus_calc/Vel_40/odb/Correct/aisi_1020_2a_40_rd_2000_cal_30_v_40_fric_050.odb
aisi_1020_2a_40_rd_2000_cal_50_v_40_fric_0100,E:/Abaqus_calc/Vel_40/odb/Correct/aisi_1020_2a_40_rd_2000_cal_50_v_40_fric_0100.odb
aisi_1020_2a_40_rd_2000_cal_50_v_40_fric_025,E:/Abaqus_calc/Vel_40/odb/Correct/aisi_1020_2a_40_rd_2000_cal_50_v_40_fric_025.odb
aisi_1020_2a_40_rd_2000_cal_50_v_40_fric_050,E:/Abaqus_calc/Vel_40/odb/Correct/aisi_1020_2a_40_rd_2000_cal_50_v_40_fric_050.odb
aisi_1020_2a_40_rd_2000_cal_75_v_40_fric_0100,E:/Abaqus_calc/Vel_40/odb/Correct/aisi_1020_2a_40_rd_2000_cal_75_v_40_fric_0100.odb
aisi_1020_2a_40_rd_2000_cal_75_v_40_fric_025,E:/Abaqus_calc/Vel_40/odb/Correct/aisi_1020_2a_40_rd_2000_cal_75_v_40_fric_025.odb
aisi_1020_2a_40_rd_2000_cal_75_v_40_fric_050,E:/Abaqus_calc/Vel_40/odb/Correct/aisi_1020_2a_40_rd_2000_cal_75_v_40_fric_050.odb
aisi_1020_2a_40_rd_250_cal_100_v_40_fric_0100,E:/Abaqus_calc/Vel_40/odb/Correct/aisi_1020_2a_40_rd_250_cal_100_v_40_fric_0100.odb
aisi_1020_2a_40_rd_250_cal_100_v_40_fric_025,E:/Abaqus_calc/Vel_40/odb/Correct/aisi_1020_2a_40_rd_250_cal_100_v_40_fric_025.odb
aisi_1020_2a_40_rd_250_cal_100_v_40_fric_050,E:/Abaqus_calc/Vel_40/odb/Correct/aisi_1020_2a_40_rd_250_cal_100_v_40_fric_050.odb
aisi_1020_2a_40_rd_500_cal_100_v_40_fric_0100,E:/Abaqus_calc/Vel_40/odb/Correct/aisi_1020_2a_40_rd_500_cal_100_v_40_fric_0100.odb
aisi_1020_2a_40_rd_500_cal_100_v_40_fric_02,E:/Abaqus_calc/Vel_40/odb/Correct/aisi_1020_2a_40_rd_500_cal_100_v_40_fric_02.odb
aisi_1020_2a_40_rd_500_cal_100_v_40_fric_050,E:/Abaqus_calc/Vel_40/odb/Correct/aisi_1020_2a_40_rd_500_cal_100_v_40_fric_050.odb
aisi_1020_2a_40_rd_500_cal_75_v_40_fric_0100,E:/Abaqus_calc/Vel_40/odb/Correct/aisi_1020_2a_40_rd_500_cal_75_v_40_fric_0100.odb
aisi_1020_2a_40_rd_500_cal_75_v_40_fric_025,E:/Abaqus_calc/Vel_40/odb/Correct/aisi_1020_2a_40_rd_500_cal_75_v_40_fric_025.odb
aisi_1020_2a_40_rd_500_cal_75_v_40_fric_050,E:/Abaqus_calc/Vel_40/odb/Correct/aisi_1020_2a_40_rd_500_cal_75_v_40_fric_050.odb
aisi_1020_2a_40_red_1000_cal_0_vel_40_fric_025,E:/Abaqus_calc/Vel_40/odb/Correct/aisi_1020_2a_40_red_1000_cal_0_vel_40_fric_025.odb
aisi_1020_2a_40_red_1000_cal_0_vel_40_fric_050,E:/Abaqus_calc/Vel_40/odb/Correct/aisi_1020_2a_40_red_1000_cal_0_vel_40_fric_050.odb
aisi_1020_2a_40_red_1000_cal_10_vel_40_fric_025,E:/Abaqus_calc/Vel_40/odb/Correct/aisi_1020_2a_40_red_1000_cal_10_vel_40_fric_025.odb
aisi_1020_2a_40_red_1000_cal_10_vel_40_fric_050,E:/Abaqus_calc/Vel_40/odb/Correct/aisi_1020_2a_40_red_1000_cal_10_vel_40_fric_050.odb
aisi_1020_2a_40_red_1000_cal_30_vel_40_fric_0100,E:/Abaqus_calc/Vel_40/odb/Correct/aisi_1020_2a_40_red_1000_cal_30_vel_40_fric_0100.odb
aisi_1020_2a_40_red_1000_cal_30_vel_40_fric_025,E:/Abaqus_calc/Vel_40/odb/Correct/aisi_1020_2a_40_red_1000_cal_30_vel_40_fric_025.odb
aisi_1020_2a_40_red_1000_cal_30_vel_40_fric_050,E:/Abaqus_calc/Vel_40/odb/Correct/aisi_1020_2a_40_red_1000_cal_30_vel_40_fric_050.odb
aisi_1020_2a_40_red_1500_cal_0_vel_40_fric_0100,E:/Abaqus_calc/Vel_40/odb/Correct/aisi_1020_2a_40_red_1500_cal_0_vel_40_fric_0100.odb
aisi_1020_2a_40_red_1500_cal_0_vel_40_fric_025,E:/Abaqus_calc/Vel_40/odb/Correct/aisi_1020_2a_40_red_1500_cal_0_vel_40_fric_025.odb
aisi_1020_2a_40_red_1500_cal_0_vel_40_fric_050,E:/Abaqus_calc/Vel_40/odb/Correct/aisi_1020_2a_40_red_1500_cal_0_vel_40_fric_050.odb
aisi_1020_2a_40_red_1500_cal_10_vel_40_fric_0100,E:/Abaqus_calc/Vel_40/odb/Correct/aisi_1020_2a_40_red_1500_cal_10_vel_40_fric_0100.odb
aisi_1020_2a_40_red_1500_cal_10_vel_40_fric_025,E:/Abaqus_calc/Vel_40/odb/Correct/aisi_1020_2a_40_red_1500_cal_10_vel_40_fric_025.odb
aisi_1020_2a_40_red_1500_cal_10_vel_40_fric_050,E:/Abaqus_calc/Vel_40/odb/Correct/aisi_1020_2a_40_red_1500_cal_10_vel_40_fric_050.odb
aisi_1020_2a_40_red_1500_cal_30_vel_40_fric_025,E:/Abaqus_calc/Vel_40/odb/Correct/aisi_1020_2a_40_red_1500_cal_30_vel_40_fric_025.odb
aisi_1020_2a_40_red_150_cal_0_vel_40_fric_0100,E:/Abaqus_calc/Vel_40/odb/Correct/aisi_1020_2a_40_red_150_cal_0_vel_40_fric_0100.odb
aisi_1020_2a_40_red_150_cal_0_vel_40_fric_025,E:/Abaqus_calc/Vel_40/odb/Correct/aisi_1020_2a_40_red_150_cal_0_vel_40_fric_025.odb
aisi_1020_2a_40_red_150_cal_0_vel_40_fric_050,E:/Abaqus_calc/Vel_40/odb/Correct/aisi_1020_2a_40_red_150_cal_0_vel_40_fric_050.odb
aisi_1020_2a_40_red_150_cal_10_vel_40_fric_0100,E:/Abaqus_calc/Vel_40/odb/Correct/aisi_1020_2a_40_red_150_cal_10_vel_40_fric_0100.odb
aisi_1020_2a_40_red_150_cal_10_vel_40_fric_025,E:/Abaqus_calc/Vel_40/odb/Correct/aisi_1020_2a_40_red_150_cal_10_vel_40_fric_025.odb
aisi_1020_2a_40_red_150_cal_10_vel_40_fric_050,E:/Abaqus_calc/Vel_40/odb/Correct/aisi_1020_2a_40_red_150_cal_10_vel_40_fric_050.odb
aisi_1020_2a_40_red_150_cal_30_vel_40_fric_0100,E:/Abaqus_calc/Vel_40/odb/Correct/aisi_1020_2a_40_red_150_cal_30_vel_40_fric_0100.odb
aisi_1020_2a_40_red_150_cal_30_vel_40_fric_025,E:/Abaqus_calc/Vel_40/odb/Correct/aisi_1020_2a_40_red_150_cal_30_vel_40_fric_025.odb
aisi_1020_2a_40_red_150_cal_30_vel_40_fric_050,E:/Abaqus_calc/Vel_40/odb/Correct/aisi_1020_2a_40_red_150_cal_30_vel_40_fric_050.odb
aisi_1020_2a_40_red_150_cal_50_vel_40_fric_0100,E:/Abaqus_calc/Vel_40/odb/Correct/aisi_1020_2a_40_red_150_cal_50_vel_40_fric_0100.odb
aisi_1020_2a_40_red_150_cal_50_vel_40_fric_025,E:/Abaqus_calc/Vel_40/odb/Correct/aisi_1020_2a_40_red_150_cal_50_vel_40_fric_025.odb
aisi_1020_2a_40_red_150_cal_50_vel_40_fric_050,E:/Abaqus_calc/Vel_40/odb/Correct/aisi_1020_2a_40_red_150_cal_50_vel_40_fric_050.odb
aisi_1020_2a_40_red_150_cal_75_vel_40_fric_0100,E:/Abaqus_calc/Vel_40/odb/Correct/aisi_1020_2a_40_red_150_cal_75_vel_40_fric_0100.odb
aisi_1020_2a_40_red_150_cal_75_vel_40_fric_025,E:/Abaqus_calc/Vel_40/odb/Correct/aisi_1020_2a_40_red_150_cal_75_vel_40_fric_025.odb
aisi_1020_2a_40_red_150_cal_75_vel_40_fric_050,E:/Abaqus_calc/Vel_40/odb/Correct/aisi_1020_2a_40_red_150_cal_75_vel_40_fric_050.odb
aisi_1020_2a_40_red_2000_cal_0_vel_40_fric_025,E:/Abaqus_calc/Vel_40/odb/Correct/aisi_1020_2a_40_red_2000_cal_0_vel_40_fric_025.odb
aisi_1020_2a_40_red_2000_cal_0_vel_40_fric_050,E:/Abaqus_calc/Vel_40/odb/Correct/aisi_1020_2a_40_red_2000_cal_0_vel_40_fric_050.odb
aisi_1020_2a_40_red_2000_cal_10_vel_40_fric_025,E:/Abaqus_calc/Vel_40/odb/Correct/aisi_1020_2a_40_red_2000_cal_10_vel_40_fric_025.odb
aisi_1020_2a_40_red_2000_cal_10_vel_40_fric_050,E:/Abaqus_calc/Vel_40/odb/Correct/aisi_1020_2a_40_red_2000_cal_10_vel_40_fric_050.odb
aisi_1020_2a_40_red_2500_cal_0_vel_40_fric_025,E:/Abaqus_calc/Vel_40/odb/Correct/aisi_1020_2a_40_red_2500_cal_0_vel_40_fric_025.odb
aisi_1020_2a_40_red_2500_cal_100_vel_40_fric_025,E:/Abaqus_calc/Vel_40/odb/Correct/aisi_1020_2a_40_red_2500_cal_100_vel_40_fric_025.odb
aisi_1020_2a_40_red_2500_cal_10_vel_40_fric_025,E:/Abaqus_calc/Vel_40/odb/Correct/aisi_1020_2a_40_red_2500_cal_10_vel_40_fric_025.odb
aisi_1020_2a_40_red_2500_cal_30_vel_40_fric_025,E:/Abaqus_calc/Vel_40/odb/Correct/aisi_1020_2a_40_red_2500_cal_30_vel_40_fric_025.odb
aisi_1020_2a_40_red_2500_cal_50_vel_40_fric_025,E:/Abaqus_calc/Vel_40/odb/Correct/aisi_1020_2a_40_red_2500_cal_50_vel_40_fric_025.odb
aisi_1020_2a_40_red_2500_cal_75_vel_40_fric_025,E:/Abaqus_calc/Vel_40/odb/Correct/aisi_1020_2a_40_red_2500_cal_75_vel_40_fric_025.odb
aisi_1020_2a_40_red_250_cal_0_vel_40_fric_0100,E:/Abaqus_calc/Vel_40/odb/Correct/aisi_1020_2a_40_red_250_cal_0_vel_40_fric_0100.odb
aisi_1020_2a_40_red_250_cal_0_vel_40_fric_025,E:/Abaqus_calc/Vel_40/odb/Correct/aisi_1020_2a_40_red_250_cal_0_vel_40_fric_025.odb
aisi_1020_2a_40_red_250_cal_0_vel_40_fric_050,E:/Abaqus_calc/Vel_40/odb/Correct/aisi_1020_2a_40_red_250_cal_0_vel_40_fric_050.odb
aisi_1020_2a_40_red_250_cal_10_vel_40_fric_0100,E:/Abaqus_calc/Vel_40/odb/Correct/aisi_1020_2a_40_red_250_cal_10_vel_40_fric_0100.odb
aisi_1020_2a_40_red_250_cal_10_vel_40_fric_025,E:/Abaqus_calc/Vel_40/odb/Correct/aisi_1020_2a_40_red_250_cal_10_vel_40_fric_025.odb
aisi_1020_2a_40_red_250_cal_10_vel_40_fric_050,E:/Abaqus_calc/Vel_40/odb/Correct/aisi_1020_2a_40_red_250_cal_10_vel_40_fric_050.odb
aisi_1020_2a_40_red_250_cal_30_vel_40_fric_0100,E:/Abaqus_calc/Vel_40/odb/Correct/aisi_1020_2a_40_red_250_cal_30_vel_40_fric_0100.odb
aisi_1020_2a_40_red_250_cal_30_vel_40_fric_025,E:/Abaqus_calc/Vel_40/odb/Correct/aisi_1020_2a_40_red_250_cal_30_vel_40_fric_025.odb
aisi_1020_2a_40_red_250_cal_30_vel_40_fric_050,E:/Abaqus_calc/Vel_40/odb/Correct/aisi_1020_2a_40_red_250_cal_30_vel_40_fric_050.odb
aisi_1020_2a_40_red_250_cal_50_vel_40_fric_0100,E:/Abaqus_calc/Vel_40/odb/Correct/aisi_1020_2a_40_red_250_cal_50_vel_40_fric_0100.odb
aisi_1020_2a_40_red_250_cal_50_vel_40_fric_025,E:/Abaqus_calc/Vel_40/odb/Correct/aisi_1020_2a_40_red_250_cal_50_vel_40_fric_025.odb
aisi_1020_2a_40_red_250_cal_50_vel_40_fric_050,E:/Abaqus_calc/Vel_40/odb/Correct/aisi_1020_2a_40_red_250_cal_50_vel_40_fric_050.odb
aisi_1020_2a_40_red_250_cal_75_vel_40_fric_0100,E:/Abaqus_calc/Vel_40/odb/Correct/aisi_1020_2a_40_red_250_cal_75_vel_40_fric_0100.odb
aisi_1020_2a_40_red_250_cal_75_vel_40_fric_025,E:/Abaqus_calc/Vel_40/odb/Correct/aisi_1020_2a_40_red_250_cal_75_vel_40_fric_025.odb
aisi_1020_2a_40_red_250_cal_75_vel_40_fric_050,E:/Abaqus_calc/Vel_40/odb/Correct/aisi_1020_2a_40_red_250_cal_75_vel_40_fric_050.odb
aisi_1020_2a_40_red_500_cal_0_vel_40_fric_0100,E:/Abaqus_calc/Vel_40/odb/Correct/aisi_1020_2a_40_red_500_cal_0_vel_40_fric_0100.odb
aisi_1020_2a_40_red_500_cal_0_vel_40_fric_025,E:/Abaqus_calc/Vel_40/odb/Correct/aisi_1020_2a_40_red_500_cal_0_vel_40_fric_025.odb
aisi_1020_2a_40_red_500_cal_0_vel_40_fric_050,E:/Abaqus_calc/Vel_40/odb/Correct/aisi_1020_2a_40_red_500_cal_0_vel_40_fric_050.odb
aisi_1020_2a_40_red_500_cal_10_vel_40_fric_0100,E:/Abaqus_calc/Vel_40/odb/Correct/aisi_1020_2a_40_red_500_cal_10_vel_40_fric_0100.odb
aisi_1020_2a_40_red_500_cal_10_vel_40_fric_025,E:/Abaqus_calc/Vel_40/odb/Correct/aisi_1020_2a_40_red_500_cal_10_vel_40_fric_025.odb
aisi_1020_2a_40_red_500_cal_10_vel_40_fric_050,E:/Abaqus_calc/Vel_40/odb/Correct/aisi_1020_2a_40_red_500_cal_10_vel_40_fric_050.odb
aisi_1020_2a_40_red_500_cal_30_vel_40_fric_0100,E:/Abaqus_calc/Vel_40/odb/Correct/aisi_1020_2a_40_red_500_cal_30_vel_40_fric_0100.odb
aisi_1020_2a_40_red_500_cal_30_vel_40_fric_025,E:/Abaqus_calc/Vel_40/odb/Correct/aisi_1020_2a_40_red_500_cal_30_vel_40_fric_025.odb
aisi_1020_2a_40_red_500_cal_30_vel_40_fric_050,E:/Abaqus_calc/Vel_40/odb/Correct/aisi_1020_2a_40_red_500_cal_30_vel_40_fric_050.odb
aisi_1020_2a_40_red_500_cal_50_vel_40_fric_0100,E:/Abaqus_calc/Vel_40/odb/Correct/aisi_1020_2a_40_red_500_cal_50_vel_40_fric_0100.odb
aisi_1020_2a_40_red_500_cal_50_vel_40_fric_025,E:/Abaqus_calc/Vel_40/odb/Correct/aisi_1020_2a_40_red_500_cal_50_vel_40_fric_025.odb
aisi_1020_2a_40_red_500_cal_50_vel_40_fric_050,E:/Abaqus_calc/Vel_40/odb/Correct/aisi_1020_2a_40_red_500_cal_50_vel_40_fric_050.odb
aisi_1020_2a_8_rd_1000_cal_100_v_40_fric_0100,E:/Abaqus_calc/Vel_40/odb/Correct/aisi_1020_2a_8_rd_1000_cal_100_v_40_fric_0100.odb
aisi_1020_2a_8_rd_1000_cal_100_v_40_fric_025,E:/Abaqus_calc/Vel_40/odb/Correct/aisi_1020_2a_8_rd_1000_cal_100_v_40_fric_025.odb
aisi_1020_2a_8_rd_1000_cal_100_v_40_fric_050,E:/Abaqus_calc/Vel_40/odb/Correct/aisi_1020_2a_8_rd_1000_cal_100_v_40_fric_050.odb
aisi_1020_2a_8_rd_250_cal_100_v_40_fric_0100,E:/Abaqus_calc/Vel_40/odb/Correct/aisi_1020_2a_8_rd_250_cal_100_v_40_fric_0100.odb
aisi_1020_2a_8_rd_250_cal_100_v_40_fric_025,E:/Abaqus_calc/Vel_40/odb/Correct/aisi_1020_2a_8_rd_250_cal_100_v_40_fric_025.odb
aisi_1020_2a_8_rd_250_cal_100_v_40_fric_050,E:/Abaqus_calc/Vel_40/odb/Correct/aisi_1020_2a_8_rd_250_cal_100_v_40_fric_050.odb
aisi_1020_2a_8_rd_500_cal_100_v_40_fric_0100,E:/Abaqus_calc/Vel_40/odb/Correct/aisi_1020_2a_8_rd_500_cal_100_v_40_fric_0100.odb
aisi_1020_2a_8_rd_500_cal_100_v_40_fric_025,E:/Abaqus_calc/Vel_40/odb/Correct/aisi_1020_2a_8_rd_500_cal_100_v_40_fric_025.odb
aisi_1020_2a_8_rd_500_cal_100_v_40_fric_050,E:/Abaqus_calc/Vel_40/odb/Correct/aisi_1020_2a_8_rd_500_cal_100_v_40_fric_050.odb
aisi_1020_2a_8_red_1000_cal_0_vel_40_fric_0100,E:/Abaqus_calc/Vel_40/odb/Correct/aisi_1020_2a_8_red_1000_cal_0_vel_40_fric_0100.odb
aisi_1020_2a_8_red_1000_cal_0_vel_40_fric_025,E:/Abaqus_calc/Vel_40/odb/Correct/aisi_1020_2a_8_red_1000_cal_0_vel_40_fric_025.odb
aisi_1020_2a_8_red_1000_cal_0_vel_40_fric_050,E:/Abaqus_calc/Vel_40/odb/Correct/aisi_1020_2a_8_red_1000_cal_0_vel_40_fric_050.odb
aisi_1020_2a_8_red_1000_cal_10_vel_40_fric_0100,E:/Abaqus_calc/Vel_40/odb/Correct/aisi_1020_2a_8_red_1000_cal_10_vel_40_fric_0100.odb
aisi_1020_2a_8_red_1000_cal_10_vel_40_fric_025,E:/Abaqus_calc/Vel_40/odb/Correct/aisi_1020_2a_8_red_1000_cal_10_vel_40_fric_025.odb
aisi_1020_2a_8_red_1000_cal_10_vel_40_fric_050,E:/Abaqus_calc/Vel_40/odb/Correct/aisi_1020_2a_8_red_1000_cal_10_vel_40_fric_050.odb
aisi_1020_2a_8_red_1000_cal_30_vel_40_fric_0100,E:/Abaqus_calc/Vel_40/odb/Correct/aisi_1020_2a_8_red_1000_cal_30_vel_40_fric_0100.odb
aisi_1020_2a_8_red_1000_cal_30_vel_40_fric_025,E:/Abaqus_calc/Vel_40/odb/Correct/aisi_1020_2a_8_red_1000_cal_30_vel_40_fric_025.odb
aisi_1020_2a_8_red_1000_cal_30_vel_40_fric_050,E:/Abaqus_calc/Vel_40/odb/Correct/aisi_1020_2a_8_red_1000_cal_30_vel_40_fric_050.odb
aisi_1020_2a_8_red_1000_cal_50_vel_40_fric_050,E:/Abaqus_calc/Vel_40/odb/Correct/aisi_1020_2a_8_red_1000_cal_50_vel_40_fric_050.odb
aisi_1020_2a_8_red_1000_cal_75_vel_40_fric_0100,E:/Abaqus_calc/Vel_40/odb/Correct/aisi_1020_2a_8_red_1000_cal_75_vel_40_fric_0100.odb
aisi_1020_2a_8_red_1000_cal_75_vel_40_fric_025,E:/Abaqus_calc/Vel_40/odb/Correct/aisi_1020_2a_8_red_1000_cal_75_vel_40_fric_025.odb
aisi_1020_2a_8_red_1000_cal_75_vel_40_fric_050,E:/Abaqus_calc/Vel_40/odb/Correct/aisi_1020_2a_8_red_1000_cal_75_vel_40_fric_050.odb
aisi_1020_2a_8_red_1500_cal_0_vel_40_fric_0100,E:/Abaqus_calc/Vel_40/odb/Correct/aisi_1020_2a_8_red_1500_cal_0_vel_40_fric_0100.odb
aisi_1020_2a_8_red_1500_cal_0_vel_40_fric_025,E:/Abaqus_calc/Vel_40/odb/Correct/aisi_1020_2a_8_red_1500_cal_0_vel_40_fric_025.odb
aisi_1020_2a_8_red_1500_cal_0_vel_40_fric_050,E:/Abaqus_calc/Vel_40/odb/Correct/aisi_1020_2a_8_red_1500_cal_0_vel_40_fric_050.odb
aisi_1020_2a_8_red_1500_cal_100_vel_40_fric_0100,E:/Abaqus_calc/Vel_40/odb/Correct/aisi_1020_2a_8_red_1500_cal_100_vel_40_fric_0100.odb
aisi_1020_2a_8_red_1500_cal_100_vel_40_fric_025,E:/Abaqus_calc/Vel_40/odb/Correct/aisi_1020_2a_8_red_1500_cal_100_vel_40_fric_025.odb
aisi_1020_2a_8_red_1500_cal_100_vel_40_fric_050,E:/Abaqus_calc/Vel_40/odb/Correct/aisi_1020_2a_8_red_1500_cal_100_vel_40_fric_050.odb
aisi_1020_2a_8_red_1500_cal_10_vel_40_fric_0100,E:/Abaqus_calc/Vel_40/odb/Correct/aisi_1020_2a_8_red_1500_cal_10_vel_40_fric_0100.odb
aisi_1020_2a_8_red_1500_cal_10_vel_40_fric_025,E:/Abaqus_calc/Vel_40/odb/Correct/aisi_1020_2a_8_red_1500_cal_10_vel_40_fric_025.odb
aisi_1020_2a_8_red_1500_cal_10_vel_40_fric_050,E:/Abaqus_calc/Vel_40/odb/Correct/aisi_1020_2a_8_red_1500_cal_10_vel_40_fric_050.odb
aisi_1020_2a_8_red_1500_cal_30_vel_40_fric_0100,E:/Abaqus_calc/Vel_40/odb/Correct/aisi_1020_2a_8_red_1500_cal_30_vel_40_fric_0100.odb
aisi_1020_2a_8_red_1500_cal_30_vel_40_fric_025,E:/Abaqus_calc/Vel_40/odb/Correct/aisi_1020_2a_8_red_1500_cal_30_vel_40_fric_025.odb
aisi_1020_2a_8_red_1500_cal_30_vel_40_fric_050,E:/Abaqus_calc/Vel_40/odb/Correct/aisi_1020_2a_8_red_1500_cal_30_vel_40_fric_050.odb
aisi_1020_2a_8_red_1500_cal_50_vel_40_fric_025,E:/Abaqus_calc/Vel_40/odb/Correct/aisi_1020_2a_8_red_1500_cal_50_vel_40_fric_025.odb
aisi_1020_2a_8_red_1500_cal_50_vel_40_fric_050,E:/Abaqus_calc/Vel_40/odb/Correct/aisi_1020_2a_8_red_1500_cal_50_vel_40_fric_050.odb
aisi_1020_2a_8_red_1500_cal_75_vel_40_fric_0100,E:/Abaqus_calc/Vel_40/odb/Correct/aisi_1020_2a_8_red_1500_cal_75_vel_40_fric_0100.odb
aisi_1020_2a_8_red_1500_cal_75_vel_40_fric_025,E:/Abaqus_calc/Vel_40/odb/Correct/aisi_1020_2a_8_red_1500_cal_75_vel_40_fric_025.odb
aisi_1020_2a_8_red_1500_cal_75_vel_40_fric_050,E:/Abaqus_calc/Vel_40/odb/Correct/aisi_1020_2a_8_red_1500_cal_75_vel_40_fric_050.odb
aisi_1020_2a_8_red_150_cal_0_vel_40_fric_0100,E:/Abaqus_calc/Vel_40/odb/Correct/aisi_1020_2a_8_red_150_cal_0_vel_40_fric_0100.odb
aisi_1020_2a_8_red_150_cal_0_vel_40_fric_025,E:/Abaqus_calc/Vel_40/odb/Correct/aisi_1020_2a_8_red_150_cal_0_vel_40_fric_025.odb
aisi_1020_2a_8_red_150_cal_100_vel_40_fric_0100,E:/Abaqus_calc/Vel_40/odb/Correct/aisi_1020_2a_8_red_150_cal_100_vel_40_fric_0100.odb
aisi_1020_2a_8_red_150_cal_100_vel_40_fric_025,E:/Abaqus_calc/Vel_40/odb/Correct/aisi_1020_2a_8_red_150_cal_100_vel_40_fric_025.odb
aisi_1020_2a_8_red_150_cal_100_vel_40_fric_050,E:/Abaqus_calc/Vel_40/odb/Correct/aisi_1020_2a_8_red_150_cal_100_vel_40_fric_050.odb
aisi_1020_2a_8_red_150_cal_10_vel_40_fric_0100,E:/Abaqus_calc/Vel_40/odb/Correct/aisi_1020_2a_8_red_150_cal_10_vel_40_fric_0100.odb
aisi_1020_2a_8_red_150_cal_10_vel_40_fric_025,E:/Abaqus_calc/Vel_40/odb/Correct/aisi_1020_2a_8_red_150_cal_10_vel_40_fric_025.odb
aisi_1020_2a_8_red_150_cal_10_vel_40_fric_050,E:/Abaqus_calc/Vel_40/odb/Correct/aisi_1020_2a_8_red_150_cal_10_vel_40_fric_050.odb
aisi_1020_2a_8_red_150_cal_30_vel_40_fric_0100,E:/Abaqus_calc/Vel_40/odb/Correct/aisi_1020_2a_8_red_150_cal_30_vel_40_fric_0100.odb
aisi_1020_2a_8_red_150_cal_30_vel_40_fric_025,E:/Abaqus_calc/Vel_40/odb/Correct/aisi_1020_2a_8_red_150_cal_30_vel_40_fric_025.odb
aisi_1020_2a_8_red_150_cal_30_vel_40_fric_050,E:/Abaqus_calc/Vel_40/odb/Correct/aisi_1020_2a_8_red_150_cal_30_vel_40_fric_050.odb
aisi_1020_2a_8_red_150_cal_50_vel_40_fric_0100,E:/Abaqus_calc/Vel_40/odb/Correct/aisi_1020_2a_8_red_150_cal_50_vel_40_fric_0100.odb
aisi_1020_2a_8_red_150_cal_50_vel_40_fric_025,E:/Abaqus_calc/Vel_40/odb/Correct/aisi_1020_2a_8_red_150_cal_50_vel_40_fric_025.odb
aisi_1020_2a_8_red_150_cal_50_vel_40_fric_050,E:/Abaqus_calc/Vel_40/odb/Correct/aisi_1020_2a_8_red_150_cal_50_vel_40_fric_050.odb
aisi_1020_2a_8_red_150_cal_75_vel_40_fric_0100,E:/Abaqus_calc/Vel_40/odb/Correct/aisi_1020_2a_8_red_150_cal_75_vel_40_fric_0100.odb
aisi_1020_2a_8_red_150_cal_75_vel_40_fric_025,E:/Abaqus_calc/Vel_40/odb/Correct/aisi_1020_2a_8_red_150_cal_75_vel_40_fric_025.odb
aisi_1020_2a_8_red_150_cal_75_vel_40_fric_050,E:/Abaqus_calc/Vel_40/odb/Correct/aisi_1020_2a_8_red_150_cal_75_vel_40_fric_050.odb
aisi_1020_2a_8_red_2000_cal_0_vel_40_fric_0100,E:/Abaqus_calc/Vel_40/odb/Correct/aisi_1020_2a_8_red_2000_cal_0_vel_40_fric_0100.odb
aisi_1020_2a_8_red_2000_cal_0_vel_40_fric_025,E:/Abaqus_calc/Vel_40/odb/Correct/aisi_1020_2a_8_red_2000_cal_0_vel_40_fric_025.odb
aisi_1020_2a_8_red_2000_cal_0_vel_40_fric_050,E:/Abaqus_calc/Vel_40/odb/Correct/aisi_1020_2a_8_red_2000_cal_0_vel_40_fric_050.odb
aisi_1020_2a_8_red_2000_cal_100_vel_40_fric_0100,E:/Abaqus_calc/Vel_40/odb/Correct/aisi_1020_2a_8_red_2000_cal_100_vel_40_fric_0100.odb
aisi_1020_2a_8_red_2000_cal_100_vel_40_fric_025,E:/Abaqus_calc/Vel_40/odb/Correct/aisi_1020_2a_8_red_2000_cal_100_vel_40_fric_025.odb
aisi_1020_2a_8_red_2000_cal_100_vel_40_fric_050,E:/Abaqus_calc/Vel_40/odb/Correct/aisi_1020_2a_8_red_2000_cal_100_vel_40_fric_050.odb
aisi_1020_2a_8_red_2000_cal_10_vel_40_fric_0100,E:/Abaqus_calc/Vel_40/odb/Correct/aisi_1020_2a_8_red_2000_cal_10_vel_40_fric_0100.odb
aisi_1020_2a_8_red_2000_cal_10_vel_40_fric_025,E:/Abaqus_calc/Vel_40/odb/Correct/aisi_1020_2a_8_red_2000_cal_10_vel_40_fric_025.odb
aisi_1020_2a_8_red_2000_cal_10_vel_40_fric_050,E:/Abaqus_calc/Vel_40/odb/Correct/aisi_1020_2a_8_red_2000_cal_10_vel_40_fric_050.odb
aisi_1020_2a_8_red_2000_cal_30_vel_40_fric_0100,E:/Abaqus_calc/Vel_40/odb/Correct/aisi_1020_2a_8_red_2000_cal_30_vel_40_fric_0100.odb
aisi_1020_2a_8_red_2000_cal_30_vel_40_fric_025,E:/Abaqus_calc/Vel_40/odb/Correct/aisi_1020_2a_8_red_2000_cal_30_vel_40_fric_025.odb
aisi_1020_2a_8_red_2000_cal_30_vel_40_fric_050,E:/Abaqus_calc/Vel_40/odb/Correct/aisi_1020_2a_8_red_2000_cal_30_vel_40_fric_050.odb
aisi_1020_2a_8_red_2000_cal_50_vel_40_fric_0100,E:/Abaqus_calc/Vel_40/odb/Correct/aisi_1020_2a_8_red_2000_cal_50_vel_40_fric_0100.odb
aisi_1020_2a_8_red_2000_cal_50_vel_40_fric_025,E:/Abaqus_calc/Vel_40/odb/Correct/aisi_1020_2a_8_red_2000_cal_50_vel_40_fric_025.odb
aisi_1020_2a_8_red_2000_cal_50_vel_40_fric_050,E:/Abaqus_calc/Vel_40/odb/Correct/aisi_1020_2a_8_red_2000_cal_50_vel_40_fric_050.odb
aisi_1020_2a_8_red_2000_cal_75_vel_40_fric_0100,E:/Abaqus_calc/Vel_40/odb/Correct/aisi_1020_2a_8_red_2000_cal_75_vel_40_fric_0100.odb
aisi_1020_2a_8_red_2000_cal_75_vel_40_fric_025,E:/Abaqus_calc/Vel_40/odb/Correct/aisi_1020_2a_8_red_2000_cal_75_vel_40_fric_025.odb
aisi_1020_2a_8_red_2000_cal_75_vel_40_fric_050,E:/Abaqus_calc/Vel_40/odb/Correct/aisi_1020_2a_8_red_2000_cal_75_vel_40_fric_050.odb
aisi_1020_2a_8_red_2500_cal_0_vel_40_fric_025,E:/Abaqus_calc/Vel_40/odb/Correct/aisi_1020_2a_8_red_2500_cal_0_vel_40_fric_025.odb
aisi_1020_2a_8_red_2500_cal_0_vel_40_fric_050,E:/Abaqus_calc/Vel_40/odb/Correct/aisi_1020_2a_8_red_2500_cal_0_vel_40_fric_050.odb
aisi_1020_2a_8_red_2500_cal_100_vel_40_fric_025,E:/Abaqus_calc/Vel_40/odb/Correct/aisi_1020_2a_8_red_2500_cal_100_vel_40_fric_025.odb
aisi_1020_2a_8_red_2500_cal_100_vel_40_fric_050,E:/Abaqus_calc/Vel_40/odb/Correct/aisi_1020_2a_8_red_2500_cal_100_vel_40_fric_050.odb
aisi_1020_2a_8_red_2500_cal_10_vel_40_fric_025,E:/Abaqus_calc/Vel_40/odb/Correct/aisi_1020_2a_8_red_2500_cal_10_vel_40_fric_025.odb
aisi_1020_2a_8_red_2500_cal_10_vel_40_fric_050,E:/Abaqus_calc/Vel_40/odb/Correct/aisi_1020_2a_8_red_2500_cal_10_vel_40_fric_050.odb
aisi_1020_2a_8_red_2500_cal_30_vel_40_fric_025,E:/Abaqus_calc/Vel_40/odb/Correct/aisi_1020_2a_8_red_2500_cal_30_vel_40_fric_025.odb
aisi_1020_2a_8_red_2500_cal_30_vel_40_fric_050,E:/Abaqus_calc/Vel_40/odb/Correct/aisi_1020_2a_8_red_2500_cal_30_vel_40_fric_050.odb
aisi_1020_2a_8_red_2500_cal_50_vel_40_fric_025,E:/Abaqus_calc/Vel_40/odb/Correct/aisi_1020_2a_8_red_2500_cal_50_vel_40_fric_025.odb
aisi_1020_2a_8_red_2500_cal_50_vel_40_fric_050,E:/Abaqus_calc/Vel_40/odb/Correct/aisi_1020_2a_8_red_2500_cal_50_vel_40_fric_050.odb
aisi_1020_2a_8_red_2500_cal_75_vel_40_fric_025,E:/Abaqus_calc/Vel_40/odb/Correct/aisi_1020_2a_8_red_2500_cal_75_vel_40_fric_025.odb
aisi_1020_2a_8_red_2500_cal_75_vel_40_fric_050,E:/Abaqus_calc/Vel_40/odb/Correct/aisi_1020_2a_8_red_2500_cal_75_vel_40_fric_050.odb
aisi_1020_2a_8_red_250_cal_0_vel_40_fric_0100,E:/Abaqus_calc/Vel_40/odb/Correct/aisi_1020_2a_8_red_250_cal_0_vel_40_fric_0100.odb
aisi_1020_2a_8_red_250_cal_0_vel_40_fric_025,E:/Abaqus_calc/Vel_40/odb/Correct/aisi_1020_2a_8_red_250_cal_0_vel_40_fric_025.odb
aisi_1020_2a_8_red_250_cal_0_vel_40_fric_050,E:/Abaqus_calc/Vel_40/odb/Correct/aisi_1020_2a_8_red_250_cal_0_vel_40_fric_050.odb
aisi_1020_2a_8_red_250_cal_10_vel_40_fric_0100,E:/Abaqus_calc/Vel_40/odb/Correct/aisi_1020_2a_8_red_250_cal_10_vel_40_fric_0100.odb
aisi_1020_2a_8_red_250_cal_10_vel_40_fric_025,E:/Abaqus_calc/Vel_40/odb/Correct/aisi_1020_2a_8_red_250_cal_10_vel_40_fric_025.odb
aisi_1020_2a_8_red_250_cal_10_vel_40_fric_050,E:/Abaqus_calc/Vel_40/odb/Correct/aisi_1020_2a_8_red_250_cal_10_vel_40_fric_050.odb
aisi_1020_2a_8_red_250_cal_30_vel_40_fric_0100,E:/Abaqus_calc/Vel_40/odb/Correct/aisi_1020_2a_8_red_250_cal_30_vel_40_fric_0100.odb
aisi_1020_2a_8_red_250_cal_30_vel_40_fric_025,E:/Abaqus_calc/Vel_40/odb/Correct/aisi_1020_2a_8_red_250_cal_30_vel_40_fric_025.odb
aisi_1020_2a_8_red_250_cal_30_vel_40_fric_050,E:/Abaqus_calc/Vel_40/odb/Correct/aisi_1020_2a_8_red_250_cal_30_vel_40_fric_050.odb
aisi_1020_2a_8_red_250_cal_50_vel_40_fric_0100,E:/Abaqus_calc/Vel_40/odb/Correct/aisi_1020_2a_8_red_250_cal_50_vel_40_fric_0100.odb
aisi_1020_2a_8_red_250_cal_50_vel_40_fric_025,E:/Abaqus_calc/Vel_40/odb/Correct/aisi_1020_2a_8_red_250_cal_50_vel_40_fric_025.odb
aisi_1020_2a_8_red_250_cal_50_vel_40_fric_050,E:/Abaqus_calc/Vel_40/odb/Correct/aisi_1020_2a_8_red_250_cal_50_vel_40_fric_050.odb
aisi_1020_2a_8_red_250_cal_75_vel_40_fric_0100,E:/Abaqus_calc/Vel_40/odb/Correct/aisi_1020_2a_8_red_250_cal_75_vel_40_fric_0100.odb
aisi_1020_2a_8_red_250_cal_75_vel_40_fric_025,E:/Abaqus_calc/Vel_40/odb/Correct/aisi_1020_2a_8_red_250_cal_75_vel_40_fric_025.odb
aisi_1020_2a_8_red_250_cal_75_vel_40_fric_050,E:/Abaqus_calc/Vel_40/odb/Correct/aisi_1020_2a_8_red_250_cal_75_vel_40_fric_050.odb
aisi_1020_2a_8_red_500_cal_0_vel_40_fric_0100,E:/Abaqus_calc/Vel_40/odb/Correct/aisi_1020_2a_8_red_500_cal_0_vel_40_fric_0100.odb
aisi_1020_2a_8_red_500_cal_0_vel_40_fric_025,E:/Abaqus_calc/Vel_40/odb/Correct/aisi_1020_2a_8_red_500_cal_0_vel_40_fric_025.odb
aisi_1020_2a_8_red_500_cal_0_vel_40_fric_050,E:/Abaqus_calc/Vel_40/odb/Correct/aisi_1020_2a_8_red_500_cal_0_vel_40_fric_050.odb
aisi_1020_2a_8_red_500_cal_10_vel_40_fric_0100,E:/Abaqus_calc/Vel_40/odb/Correct/aisi_1020_2a_8_red_500_cal_10_vel_40_fric_0100.odb
aisi_1020_2a_8_red_500_cal_10_vel_40_fric_025,E:/Abaqus_calc/Vel_40/odb/Correct/aisi_1020_2a_8_red_500_cal_10_vel_40_fric_025.odb
aisi_1020_2a_8_red_500_cal_10_vel_40_fric_050,E:/Abaqus_calc/Vel_40/odb/Correct/aisi_1020_2a_8_red_500_cal_10_vel_40_fric_050.odb
aisi_1020_2a_8_red_500_cal_30_vel_40_fric_0100,E:/Abaqus_calc/Vel_40/odb/Correct/aisi_1020_2a_8_red_500_cal_30_vel_40_fric_0100.odb
aisi_1020_2a_8_red_500_cal_30_vel_40_fric_025,E:/Abaqus_calc/Vel_40/odb/Correct/aisi_1020_2a_8_red_500_cal_30_vel_40_fric_025.odb
aisi_1020_2a_8_red_500_cal_30_vel_40_fric_050,E:/Abaqus_calc/Vel_40/odb/Correct/aisi_1020_2a_8_red_500_cal_30_vel_40_fric_050.odb
aisi_1020_2a_8_red_500_cal_50_vel_40_fric_0100,E:/Abaqus_calc/Vel_40/odb/Correct/aisi_1020_2a_8_red_500_cal_50_vel_40_fric_0100.odb
aisi_1020_2a_8_red_500_cal_50_vel_40_fric_025,E:/Abaqus_calc/Vel_40/odb/Correct/aisi_1020_2a_8_red_500_cal_50_vel_40_fric_025.odb
aisi_1020_2a_8_red_500_cal_50_vel_40_fric_050,E:/Abaqus_calc/Vel_40/odb/Correct/aisi_1020_2a_8_red_500_cal_50_vel_40_fric_050.odb
aisi_1020_2a_8_red_500_cal_75_vel_40_fric_0100,E:/Abaqus_calc/Vel_40/odb/Correct/aisi_1020_2a_8_red_500_cal_75_vel_40_fric_0100.odb
aisi_1020_2a_8_red_500_cal_75_vel_40_fric_025,E:/Abaqus_calc/Vel_40/odb/Correct/aisi_1020_2a_8_red_500_cal_75_vel_40_fric_025.odb
aisi_1020_2a_8_red_500_cal_75_vel_40_fric_050,E:/Abaqus_calc/Vel_40/odb/Correct/aisi_1020_2a_8_red_500_cal_75_vel_40_fric_050.odb
1020_2a_16_rd_1000_cal_0_v_5_f_0100,E:/AISI_1020/Vel_5_updated/1020_2a_16_rd_1000_cal_0_v_5_f_0100.odb
1020_2a_16_rd_1000_cal_0_v_5_f_025,E:/AISI_1020/Vel_5_updated/1020_2a_16_rd_1000_cal_0_v_5_f_025.odb
1020_2a_16_rd_1000_cal_0_v_5_f_050,E:/AISI_1020/Vel_5_updated/1020_2a_16_rd_1000_cal_0_v_5_f_050.odb
1020_2a_16_rd_1000_cal_100_v_5_f_0100,E:/AISI_1020/Vel_5_updated/1020_2a_16_rd_1000_cal_100_v_5_f_0100.odb
1020_2a_16_rd_1000_cal_100_v_5_f_025,E:/AISI_1020/Vel_5_updated/1020_2a_16_rd_1000_cal_100_v_5_f_025.odb
1020_2a_16_rd_1000_cal_100_v_5_f_050,E:/AISI_1020/Vel_5_updated/1020_2a_16_rd_1000_cal_100_v_5_f_050.odb
1020_2a_16_rd_1000_cal_10_v_5_f_0100,E:/AISI_1020/Vel_5_updated/1020_2a_16_rd_1000_cal_10_v_5_f_0100.odb
1020_2a_16_rd_1000_cal_10_v_5_f_025,E:/AISI_1020/Vel_5_updated/1020_2a_16_rd_1000_cal_10_v_5_f_025.odb
1020_2a_16_rd_1000_cal_10_v_5_f_050,E:/AISI_1020/Vel_5_updated/1020_2a_16_rd_1000_cal_10_v_5_f_050.odb
1020_2a_16_rd_1000_cal_30_v_5_f_0100,E:/AISI_1020/Vel_5_updated/1020_2a_16_rd_1000_cal_30_v_5_f_0100.odb
1020_2a_16_rd_1000_cal_30_v_5_f_025,E:/AISI_1020/Vel_5_updated/1020_2a_16_rd_1000_cal_30_v_5_f_025.odb
1020_2a_16_rd_1000_cal_30_v_5_f_050,E:/AISI_1020/Vel_5_updated/1020_2a_16_rd_1000_cal_30_v_5_f_050.odb
1020_2a_16_rd_1000_cal_50_v_5_f_0100,E:/AISI_1020/Vel_5_updated/1020_2a_16_rd_1000_cal_50_v_5_f_0100.odb
1020_2a_16_rd_1000_cal_50_v_5_f_025,E:/AISI_1020/Vel_5_updated/1020_2a_16_rd_1000_cal_50_v_5_f_025.odb
1020_2a_16_rd_1000_cal_50_v_5_f_050,E:/AISI_1020/Vel_5_updated/1020_2a_16_rd_1000_cal_50_v_5_f_050.odb
1020_2a_16_rd_1000_cal_75_v_5_f_0100,E:/AISI_1020/Vel_5_updated/1020_2a_16_rd_1000_cal_75_v_5_f_0100.odb
1020_2a_16_rd_1000_cal_75_v_5_f_025,E:/AISI_1020/Vel_5_updated/1020_2a_16_rd_1000_cal_75_v_5_f_025.odb
1020_2a_16_rd_1000_cal_75_v_5_f_050,E:/AISI_1020/Vel_5_updated/1020_2a_16_rd_1000_cal_75_v_5_f_050.odb
1020_2a_16_rd_1500_cal_0_v_5_f_0100,E:/AISI_1020/Vel_5_updated/1020_2a_16_rd_1500_cal_0_v_5_f_0100.odb
1020_2a_16_rd_1500_cal_0_v_5_f_025,E:/AISI_1020/Vel_5_updated/1020_2a_16_rd_1500_cal_0_v_5_f_025.odb
1020_2a_16_rd_1500_cal_0_v_5_f_050,E:/AISI_1020/Vel_5_updated/1020_2a_16_rd_1500_cal_0_v_5_f_050.odb
1020_2a_16_rd_1500_cal_100_v_5_f_0100,E:/AISI_1020/Vel_5_updated/1020_2a_16_rd_1500_cal_100_v_5_f_0100.odb
1020_2a_16_rd_1500_cal_100_v_5_f_025,E:/AISI_1020/Vel_5_updated/1020_2a_16_rd_1500_cal_100_v_5_f_025.odb
1020_2a_16_rd_1500_cal_100_v_5_f_050,E:/AISI_1020/Vel_5_updated/1020_2a_16_rd_1500_cal_100_v_5_f_050.odb
1020_2a_16_rd_1500_cal_10_v_5_f_0100,E:/AISI_1020/Vel_5_updated/1020_2a_16_rd_1500_cal_10_v_5_f_0100.odb
1020_2a_16_rd_1500_cal_10_v_5_f_025,E:/AISI_1020/Vel_5_updated/1020_2a_16_rd_1500_cal_10_v_5_f_025.odb
1020_2a_16_rd_1500_cal_10_v_5_f_050,E:/AISI_1020/Vel_5_updated/1020_2a_16_rd_1500_cal_10_v_5_f_050.odb
1020_2a_16_rd_1500_cal_30_v_5_f_0100,E:/AISI_1020/Vel_5_updated/1020_2a_16_rd_1500_cal_30_v_5_f_0100.odb
1020_2a_16_rd_1500_cal_30_v_5_f_025,E:/AISI_1020/Vel_5_updated/1020_2a_16_rd_1500_cal_30_v_5_f_025.odb
1020_2a_16_rd_1500_cal_30_v_5_f_050,E:/AISI_1020/Vel_5_updated/1020_2a_16_rd_1500_cal_30_v_5_f_050.odb
1020_2a_16_rd_1500_cal_50_v_5_f_0100,E:/AISI_1020/Vel_5_updated/1020_2a_16_rd_1500_cal_50_v_5_f_0100.odb
1020_2a_16_rd_1500_cal_50_v_5_f_025,E:/AISI_1020/Vel_5_updated/1020_2a_16_rd_1500_cal_50_v_5_f_025.odb
1020_2a_16_rd_1500_cal_50_v_5_f_050,E:/AISI_1020/Vel_5_updated/1020_2a_16_rd_1500_cal_50_v_5_f_050.odb
1020_2a_16_rd_1500_cal_75_v_5_f_0100,E:/AISI_1020/Vel_5_updated/1020_2a_16_rd_1500_cal_75_v_5_f_0100.odb
1020_2a_16_rd_1500_cal_75_v_5_f_025,E:/AISI_1020/Vel_5_updated/1020_2a_16_rd_1500_cal_75_v_5_f_025.odb
1020_2a_16_rd_1500_cal_75_v_5_f_050,E:/AISI_1020/Vel_5_updated/1020_2a_16_rd_1500_cal_75_v_5_f_050.odb
1020_2a_16_rd_150_cal_0_v_5_f_0100,E:/AISI_1020/Vel_5_updated/1020_2a_16_rd_150_cal_0_v_5_f_0100.odb
1020_2a_16_rd_150_cal_0_v_5_f_025,E:/AISI_1020/Vel_5_updated/1020_2a_16_rd_150_cal_0_v_5_f_025.odb
1020_2a_16_rd_150_cal_0_v_5_f_050,E:/AISI_1020/Vel_5_updated/1020_2a_16_rd_150_cal_0_v_5_f_050.odb
1020_2a_16_rd_150_cal_100_v_5_f_0100,E:/AISI_1020/Vel_5_updated/1020_2a_16_rd_150_cal_100_v_5_f_0100.odb
1020_2a_16_rd_150_cal_100_v_5_f_025,E:/AISI_1020/Vel_5_updated/1020_2a_16_rd_150_cal_100_v_5_f_025.odb
1020_2a_16_rd_150_cal_100_v_5_f_050,E:/AISI_1020/Vel_5_updated/1020_2a_16_rd_150_cal_100_v_5_f_050.odb
1020_2a_16_rd_150_cal_10_v_5_f_0100,E:/AISI_1020/Vel_5_updated/1020_2a_16_rd_150_cal_10_v_5_f_0100.odb
1020_2a_16_rd_150_cal_10_v_5_f_025,E:/AISI_1020/Vel_5_updated/1020_2a_16_rd_150_cal_10_v_5_f_025.odb
1020_2a_16_rd_150_cal_10_v_5_f_050,E:/AISI_1020/Vel_5_updated/1020_2a_16_rd_150_cal_10_v_5_f_050.odb
1020_2a_16_rd_150_cal_30_v_5_f_0100,E:/AISI_1020/Vel_5_updated/1020_2a_16_rd_150_cal_30_v_5_f_0100.odb
1020_2a_16_rd_150_cal_30_v_5_f_025,E:/AISI_1020/Vel_5_updated/1020_2a_16_rd_150_cal_30_v_5_f_025.odb
1020_2a_16_rd_150_cal_30_v_5_f_050,E:/AISI_1020/Vel_5_updated/1020_2a_16_rd_150_cal_30_v_5_f_050.odb
1020_2a_16_rd_150_cal_50_v_5_f_0100,E:/AISI_1020/Vel_5_updated/1020_2a_16_rd_150_cal_50_v_5_f_0100.odb
1020_2a_16_rd_150_cal_50_v_5_f_025,E:/AISI_1020/Vel_5_updated/1020_2a_16_rd_150_cal_50_v_5_f_025.odb
1020_2a_16_rd_150_cal_50_v_5_f_050,E:/AISI_1020/Vel_5_updated/1020_2a_16_rd_150_cal_50_v_5_f_050.odb
1020_2a_16_rd_150_cal_75_v_5_f_0100,E:/AISI_1020/Vel_5_updated/1020_2a_16_rd_150_cal_75_v_5_f_0100.odb
1020_2a_16_rd_150_cal_75_v_5_f_025,E:/AISI_1020/Vel_5_updated/1020_2a_16_rd_150_cal_75_v_5_f_025.odb
1020_2a_16_rd_150_cal_75_v_5_f_050,E:/AISI_1020/Vel_5_updated/1020_2a_16_rd_150_cal_75_v_5_f_050.odb
1020_2a_16_rd_2000_cal_0_v_5_f_0100,E:/AISI_1020/Vel_5_updated/1020_2a_16_rd_2000_cal_0_v_5_f_0100.odb
1020_2a_16_rd_2000_cal_0_v_5_f_025,E:/AISI_1020/Vel_5_updated/1020_2a_16_rd_2000_cal_0_v_5_f_025.odb
1020_2a_16_rd_2000_cal_0_v_5_f_050,E:/AISI_1020/Vel_5_updated/1020_2a_16_rd_2000_cal_0_v_5_f_050.odb
1020_2a_16_rd_2000_cal_100_v_5_f_0100,E:/AISI_1020/Vel_5_updated/1020_2a_16_rd_2000_cal_100_v_5_f_0100.odb
1020_2a_16_rd_2000_cal_100_v_5_f_025,E:/AISI_1020/Vel_5_updated/1020_2a_16_rd_2000_cal_100_v_5_f_025.odb
1020_2a_16_rd_2000_cal_100_v_5_f_050,E:/AISI_1020/Vel_5_updated/1020_2a_16_rd_2000_cal_100_v_5_f_050.odb
1020_2a_16_rd_2000_cal_10_v_5_f_0100,E:/AISI_1020/Vel_5_updated/1020_2a_16_rd_2000_cal_10_v_5_f_0100.odb
1020_2a_16_rd_2000_cal_10_v_5_f_025,E:/AISI_1020/Vel_5_updated/1020_2a_16_rd_2000_cal_10_v_5_f_025.odb
1020_2a_16_rd_2000_cal_10_v_5_f_050,E:/AISI_1020/Vel_5_updated/1020_2a_16_rd_2000_cal_10_v_5_f_050.odb
1020_2a_16_rd_2000_cal_30_v_5_f_0100,E:/AISI_1020/Vel_5_updated/1020_2a_16_rd_2000_cal_30_v_5_f_0100.odb
1020_2a_16_rd_2000_cal_30_v_5_f_025,E:/AISI_1020/Vel_5_updated/1020_2a_16_rd_2000_cal_30_v_5_f_025.odb
1020_2a_16_rd_2000_cal_30_v_5_f_050,E:/AISI_1020/Vel_5_updated/1020_2a_16_rd_2000_cal_30_v_5_f_050.odb
1020_2a_16_rd_2000_cal_50_v_5_f_0100,E:/AISI_1020/Vel_5_updated/1020_2a_16_rd_2000_cal_50_v_5_f_0100.odb
1020_2a_16_rd_2000_cal_50_v_5_f_025,E:/AISI_1020/Vel_5_updated/1020_2a_16_rd_2000_cal_50_v_5_f_025.odb
1020_2a_16_rd_2000_cal_50_v_5_f_050,E:/AISI_1020/Vel_5_updated/1020_2a_16_rd_2000_cal_50_v_5_f_050.odb
1020_2a_16_rd_2000_cal_75_v_5_f_0100,E:/AISI_1020/Vel_5_updated/1020_2a_16_rd_2000_cal_75_v_5_f_0100.odb
1020_2a_16_rd_2000_cal_75_v_5_f_025,E:/AISI_1020/Vel_5_updated/1020_2a_16_rd_2000_cal_75_v_5_f_025.odb
1020_2a_16_rd_2000_cal_75_v_5_f_050,E:/AISI_1020/Vel_5_updated/1020_2a_16_rd_2000_cal_75_v_5_f_050.odb
1020_2a_24_rd_1000_cal_0_v_5_f_0100,E:/AISI_1020/Vel_5_updated/1020_2a_24_rd_1000_cal_0_v_5_f_0100.odb
1020_2a_24_rd_1000_cal_0_v_5_f_025,E:/AISI_1020/Vel_5_updated/1020_2a_24_rd_1000_cal_0_v_5_f_025.odb
1020_2a_24_rd_1000_cal_0_v_5_f_050,E:/AISI_1020/Vel_5_updated/1020_2a_24_rd_1000_cal_0_v_5_f_050.odb
1020_2a_24_rd_1000_cal_100_v_5_f_0100,E:/AISI_1020/Vel_5_updated/1020_2a_24_rd_1000_cal_100_v_5_f_0100.odb
1020_2a_24_rd_1000_cal_100_v_5_f_025,E:/AISI_1020/Vel_5_updated/1020_2a_24_rd_1000_cal_100_v_5_f_025.odb
1020_2a_24_rd_1000_cal_100_v_5_f_050,E:/AISI_1020/Vel_5_updated/1020_2a_24_rd_1000_cal_100_v_5_f_050.odb
1020_2a_24_rd_1000_cal_10_v_5_f_0100,E:/AISI_1020/Vel_5_updated/1020_2a_24_rd_1000_cal_10_v_5_f_0100.odb
1020_2a_24_rd_1000_cal_10_v_5_f_025,E:/AISI_1020/Vel_5_updated/1020_2a_24_rd_1000_cal_10_v_5_f_025.odb
1020_2a_24_rd_1000_cal_10_v_5_f_050,E:/AISI_1020/Vel_5_updated/1020_2a_24_rd_1000_cal_10_v_5_f_050.odb
1020_2a_24_rd_1000_cal_30_v_5_f_0100,E:/AISI_1020/Vel_5_updated/1020_2a_24_rd_1000_cal_30_v_5_f_0100.odb
1020_2a_24_rd_1000_cal_30_v_5_f_025,E:/AISI_1020/Vel_5_updated/1020_2a_24_rd_1000_cal_30_v_5_f_025.odb
1020_2a_24_rd_1000_cal_30_v_5_f_050,E:/AISI_1020/Vel_5_updated/1020_2a_24_rd_1000_cal_30_v_5_f_050.odb
1020_2a_24_rd_1000_cal_50_v_5_f_0100,E:/AISI_1020/Vel_5_updated/1020_2a_24_rd_1000_cal_50_v_5_f_0100.odb
1020_2a_24_rd_1000_cal_50_v_5_f_025,E:/AISI_1020/Vel_5_updated/1020_2a_24_rd_1000_cal_50_v_5_f_025.odb
1020_2a_24_rd_1000_cal_50_v_5_f_050,E:/AISI_1020/Vel_5_updated/1020_2a_24_rd_1000_cal_50_v_5_f_050.odb
1020_2a_24_rd_1000_cal_75_v_5_f_0100,E:/AISI_1020/Vel_5_updated/1020_2a_24_rd_1000_cal_75_v_5_f_0100.odb
1020_2a_24_rd_1000_cal_75_v_5_f_025,E:/AISI_1020/Vel_5_updated/1020_2a_24_rd_1000_cal_75_v_5_f_025.odb
1020_2a_24_rd_1000_cal_75_v_5_f_050,E:/AISI_1020/Vel_5_updated/1020_2a_24_rd_1000_cal_75_v_5_f_050.odb
1020_2a_24_rd_1500_cal_0_v_5_f_0100,E:/AISI_1020/Vel_5_updated/1020_2a_24_rd_1500_cal_0_v_5_f_0100.odb
1020_2a_24_rd_1500_cal_0_v_5_f_025,E:/AISI_1020/Vel_5_updated/1020_2a_24_rd_1500_cal_0_v_5_f_025.odb
1020_2a_24_rd_1500_cal_0_v_5_f_050,E:/AISI_1020/Vel_5_updated/1020_2a_24_rd_1500_cal_0_v_5_f_050.odb
1020_2a_24_rd_1500_cal_100_v_5_f_0100,E:/AISI_1020/Vel_5_updated/1020_2a_24_rd_1500_cal_100_v_5_f_0100.odb
1020_2a_24_rd_1500_cal_100_v_5_f_025,E:/AISI_1020/Vel_5_updated/1020_2a_24_rd_1500_cal_100_v_5_f_025.odb
1020_2a_24_rd_1500_cal_100_v_5_f_050,E:/AISI_1020/Vel_5_updated/1020_2a_24_rd_1500_cal_100_v_5_f_050.odb
1020_2a_32_rd_1000_cal_0_v_5_f_0100,E:/AISI_1020/Vel_5_updated/1020_2a_32_rd_1000_cal_0_v_5_f_0100.odb
1020_2a_32_rd_1000_cal_0_v_5_f_025,E:/AISI_1020/Vel_5_updated/1020_2a_32_rd_1000_cal_0_v_5_f_025.odb
1020_2a_32_rd_1000_cal_0_v_5_f_050,E:/AISI_1020/Vel_5_updated/1020_2a_32_rd_1000_cal_0_v_5_f_050.odb
1020_2a_32_rd_1000_cal_100_v_5_f_0100,E:/AISI_1020/Vel_5_updated/1020_2a_32_rd_1000_cal_100_v_5_f_0100.odb
1020_2a_32_rd_1000_cal_100_v_5_f_025,E:/AISI_1020/Vel_5_updated/1020_2a_32_rd_1000_cal_100_v_5_f_025.odb
1020_2a_40_rd_1000_cal_0_v_5_f_0100,E:/AISI_1020/Vel_5_updated/1020_2a_40_rd_1000_cal_0_v_5_f_0100.odb
1020_2a_40_rd_1000_cal_0_v_5_f_025,E:/AISI_1020/Vel_5_updated/1020_2a_40_rd_1000_cal_0_v_5_f_025.odb
1020_2a_40_rd_1000_cal_0_v_5_f_050,E:/AISI_1020/Vel_5_updated/1020_2a_40_rd_1000_cal_0_v_5_f_050.odb
1020_2a_40_rd_1000_cal_100_v_5_f_0100,E:/AISI_1020/Vel_5_updated/1020_2a_40_rd_1000_cal_100_v_5_f_0100.odb
1020_2a_40_rd_1000_cal_100_v_5_f_025,E:/AISI_1020/Vel_5_updated/1020_2a_40_rd_1000_cal_100_v_5_f_025.odb
1020_2a_40_rd_1000_cal_100_v_5_f_050,E:/AISI_1020/Vel_5_updated/1020_2a_40_rd_1000_cal_100_v_5_f_050.odb
1020_2a_40_rd_1000_cal_10_v_5_f_0100,E:/AISI_1020/Vel_5_updated/1020_2a_40_rd_1000_cal_10_v_5_f_0100.odb
1020_2a_40_rd_1000_cal_10_v_5_f_025,E:/AISI_1020/Vel_5_updated/1020_2a_40_rd_1000_cal_10_v_5_f_025.odb
1020_2a_40_rd_1000_cal_10_v_5_f_050,E:/AISI_1020/Vel_5_updated/1020_2a_40_rd_1000_cal_10_v_5_f_050.odb
1020_2a_40_rd_1000_cal_30_v_5_f_0100,E:/AISI_1020/Vel_5_updated/1020_2a_40_rd_1000_cal_30_v_5_f_0100.odb
1020_2a_40_rd_1000_cal_30_v_5_f_025,E:/AISI_1020/Vel_5_updated/1020_2a_40_rd_1000_cal_30_v_5_f_025.odb
1020_2a_40_rd_1000_cal_30_v_5_f_050,E:/AISI_1020/Vel_5_updated/1020_2a_40_rd_1000_cal_30_v_5_f_050.odb
1020_2a_40_rd_1000_cal_50_v_5_f_0100,E:/AISI_1020/Vel_5_updated/1020_2a_40_rd_1000_cal_50_v_5_f_0100.odb
1020_2a_40_rd_1000_cal_50_v_5_f_025,E:/AISI_1020/Vel_5_updated/1020_2a_40_rd_1000_cal_50_v_5_f_025.odb
1020_2a_40_rd_1000_cal_50_v_5_f_050,E:/AISI_1020/Vel_5_updated/1020_2a_40_rd_1000_cal_50_v_5_f_050.odb
1020_2a_40_rd_1000_cal_75_v_5_f_0100,E:/AISI_1020/Vel_5_updated/1020_2a_40_rd_1000_cal_75_v_5_f_0100.odb
1020_2a_40_rd_1000_cal_75_v_5_f_025,E:/AISI_1020/Vel_5_updated/1020_2a_40_rd_1000_cal_75_v_5_f_025.odb
1020_2a_40_rd_1000_cal_75_v_5_f_050,E:/AISI_1020/Vel_5_updated/1020_2a_40_rd_1000_cal_75_v_5_f_050.odb
1020_2a_40_rd_1500_cal_0_v_5_f_0100,E:/AISI_1020/Vel_5_updated/1020_2a_40_rd_1500_cal_0_v_5_f_0100.odb
1020_2a_40_rd_1500_cal_0_v_5_f_025,E:/AISI_1020/Vel_5_updated/1020_2a_40_rd_1500_cal_0_v_5_f_025.odb
1020_2a_40_rd_1500_cal_0_v_5_f_050,E:/AISI_1020/Vel_5_updated/1020_2a_40_rd_1500_cal_0_v_5_f_050.odb
