stage,family,backend,split,seed,frac,corrupt_rate,n_train,n_test,epochs,seconds,macro_rmse,macro_nrmse,macro_r2,rmse_normal_only,rmse_sigma_rr,rmse_sigma_tt,rmse_sigma_zz,rmse_tau_rz,nrmse_sigma_rr,nrmse_sigma_tt,nrmse_sigma_zz,nrmse_tau_rz,r2_sigma_rr,r2_sigma_tt,r2_sigma_zz,r2_tau_rz,eq_res_median,bc_sigma_rr,bc_tau_rz,lambda_physics,lambda_bc,learning_rate,n_units,n_layers,eq_r_reduced,eq_z_full,eq_z_reduced,phys_gain,macro_nrmse_global,macro_r2_global,r2_normal_only,r2_normal_only_global,nrmse_sigma_rr_global,nrmse_sigma_tt_global,nrmse_sigma_zz_global,nrmse_tau_rz_global,error
main,mlp,torch,random,2,,,1571,277,328,64.1,12.272441355343872,0.3075691121999903,0.843556339799828,15.95078479906303,5.247272013268008,11.318681123172311,31.286401260748764,1.2374110241863996,0.1208631130318568,0.162897523036908,0.2118338697683156,0.7346819429628807,0.985392107908248,0.9734643969884392,0.9551264116189796,0.4602424426836455,1884.905326984478,4.218023915230496,0.3493089441711698,0.0,0.0,0.003,96,3,,,,,,,,,,,,,
main,mlp,torch,random,3,,,1571,277,800,156.0,11.008540539550866,0.2357100640951559,0.921311575861364,14.400428696547564,4.817824044694742,10.166853229145136,28.216608815802807,0.8328760685607787,0.1109714172638979,0.1463205112048742,0.1910489284905127,0.4944993994213388,0.9876853445504412,0.9785903080007436,0.9635003069226264,0.7554703439716449,1876.7309160759617,4.3654907773094696,0.3259427471647668,0.0,0.0,0.003,96,3,,,,,,,,,,,,,
main,mlp,torch,random,1,,,1571,277,800,157.7,11.371456315162916,0.2624920275654729,0.8960451194873146,14.834450612751963,5.041672163889243,10.934686997410566,28.526992676956084,0.9824734223957716,0.1161274260364113,0.1573711113228037,0.1931504745863309,0.5833190983163457,0.9865144209221572,0.975234333321025,0.9626928941670746,0.6597388295390014,2001.197187205708,5.074242800940685,0.5523654942592069,0.0,0.0,0.003,96,3,,,,,,,,,,,,,
main,mlp,torch,random,0,,,1571,277,800,157.6,11.30399402753358,0.2656927499849114,0.8901958709949636,14.732491288024882,4.772840574450573,10.653185559743646,28.771447729880425,1.0185022460596744,0.1099352898752398,0.1533197659029393,0.1948056301094543,0.6047103140520121,0.9879142320400464,0.9764930493834671,0.962050766477658,0.6343254360786826,1981.550918694912,4.804846288500134,0.6135294732625778,0.0,0.0,0.003,96,3,,,,,,,,,,,,,
main,mlp,torch,random,4,,,1571,277,800,155.9,11.209057471633589,0.2642686372395785,0.8909917304313175,14.606737079577488,4.798766428099774,10.379061477664646,28.64238333296804,1.0160186478018949,0.1105324533865134,0.1493745947748282,0.1939317612864023,0.6032357395105702,0.9877825767483576,0.9776872304358551,0.9623904719643532,0.6361066425767035,1933.547386117115,4.056405808351455,0.6338432715256691,0.0,0.0,0.003,96,3,,,,,,,,,,,,,
main,mlp,torch,extrap:alpha_max,0,,,1461,387,800,99.3,21.5729593992962,0.8676807774540543,-0.6589161204276439,28.12891503839035,9.97565542108984,18.140510506835277,56.27057918724594,1.90509248201374,0.2697331462014475,0.2814724262098159,0.4057449027571139,2.5137726346478395,0.9272440298402644,0.9207732732835572,0.8353710738866178,-5.319052858721015,4166.574424064091,7.581768913134685,1.4232497812607217,0.0,0.0,0.003,96,3,,,,,,,,,,,,,
main,mlp,torch,extrap:alpha_max,1,,,1461,387,800,85.2,18.63118098982696,0.7378511002483108,-0.1586056511641291,24.31252525624961,9.668204268458776,16.799377187263445,46.46999431302662,1.587148190558988,0.2614199313597325,0.2606630862968917,0.335076759400696,2.0942446239359227,0.931659619487869,0.9320547554421772,0.8877235653095265,-3.385860544896089,3811.693577760549,5.756555187090554,0.5646377385103415,0.0,0.0,0.003,96,3,,,,,,,,,,,,,
main,mlp,torch,extrap:alpha_max,3,,,1461,387,800,84.4,24.14268207112608,0.8935035310601086,-0.647659251643689,31.562273875003573,12.912526610484573,17.989059851971497,63.785235162554656,1.8839066594936047,0.349143618242119,0.279122482239964,0.459930116451269,2.4858179073070823,0.8780987338407948,0.9220906399081986,0.788464287981119,-5.179290668304868,3924.6853083833953,6.955027515922229,1.2263009776949214,0.0,0.0,0.003,96,3,,,,,,,,,,,,,
main,mlp,torch,extrap:alpha_max,2,,,1461,387,800,102.1,23.365988922001453,0.9308920528100316,-0.860525087219155,30.48374358154885,12.470712282184415,19.39404043185494,59.5864780306072,2.012724943359254,0.3371973386465614,0.300922491255612,0.4296545385416517,2.655793842796302,0.88629795480967,0.9094456542565134,0.8153969775105576,-6.053240935453361,3656.731758178651,3.771623576250777,0.7230063511146797,0.0,0.0,0.003,96,3,,,,,,,,,,,,,
main,mlp,torch,extrap:alpha_max,4,,,1461,387,800,143.8,19.595336118511348,0.6976186742997138,0.0533218602799931,25.65449368322625,11.460536282590612,16.543320818899588,48.95962394818853,1.4178634243666646,0.3098830480976342,0.256690055481541,0.353028494549158,1.870873099070522,0.903972496501714,0.9341102154168812,0.8753708820363533,-2.500166152834976,3745.747753263134,5.378717740982435,0.8158777502867737,0.0,0.0,0.003,96,3,,,,,,,,,,,,,
main,mlp,torch,matched:alpha_max,0,,,1461,387,800,85.2,10.912836812558696,0.235704277560704,0.9208449713352226,14.31568097365978,5.139253626651339,9.462165534883887,28.34562375944412,0.7043043292554392,0.1165959345144046,0.1374648352203148,0.1911850348068787,0.497571305701218,0.986405388054712,0.9811034190778511,0.963448282465892,0.7524227957424352,1891.352121744337,5.677889428769293,0.2642671358845469,0.0,0.0,0.003,96,3,,,,,,,,,,,,,
main,mlp,torch,matched:alpha_max,1,,,1461,387,800,98.5,10.99983159278566,0.2340432765610846,0.922693894889692,14.435626368131722,4.961963538259688,9.736108980976583,28.60880658515889,0.6924472667474817,0.1125736960654267,0.1414446420138005,0.1929601454243718,0.4891946227407394,0.9873271629541684,0.9799934132455872,0.9627663822778048,0.7606886210812075,1812.8290409318183,3.514511731492559,0.4202147392527847,0.0,0.0,0.003,96,3,,,,,,,,,,,,,
main,mlp,torch,matched:alpha_max,2,,,1461,387,686,80.4,11.154424769902104,0.2478987274553729,0.9104798127947248,14.620472671874763,5.116771577420251,10.26504408956195,28.479602348642093,0.7562810639841251,0.1160858768814628,0.1491289271043402,0.1920886910981133,0.5342914147375751,0.9865240691886612,0.9777605631007076,0.9631019347522132,0.7145326841373171,1765.0622039506989,3.7709346356714506,0.3742367622378531,0.0,0.0,0.003,96,3,,,,,,,,,,,,,
main,mlp,torch,matched:alpha_max,4,,,1461,387,577,60.9,11.802224585597592,0.2568335156240076,0.9041542774336822,15.47636157669209,5.187882121656006,10.350104702391889,30.89109790602837,0.7798136123141024,0.1176991851478614,0.1503646741522331,0.2083537013864095,0.5509165018095263,0.9861469018155288,0.977390464767092,0.9565887351185824,0.6964910080335254,1956.0881406259716,3.723826694879549,0.3751858724147247,0.0,0.0,0.003,96,3,,,,,,,,,,,,,
main,mlp,torch,matched:alpha_max,3,,,1461,387,800,115.3,10.683776640809416,0.23532994809424,0.9194842823718,14.006341306848114,4.842653286974899,9.612425634605511,27.56394499896393,0.7160826426933193,0.1098668652187143,0.1396477900388784,0.1859127824726745,0.5058923546466928,0.9879292719270124,0.9804984947372568,0.9654364373132676,0.7440729255096632,1817.6297825757736,3.856011199549196,0.3424024107482348,0.0,0.0,0.003,96,3,,,,,,,,,,,,,
main,mlp,torch,interp:alpha_mid,0,,,1469,379,475,46.9,23.004738746315383,0.5356465533888821,0.5186650460734578,30.119412577326425,6.792697641610024,19.88227092041488,63.683269169954364,1.6607172532822554,0.1505483192761876,0.2895971185350052,0.421303982774339,1.2811367929699964,0.977335203563114,0.9161335089362196,0.8225029540984772,-0.6413114823039798,2765.7046671468115,3.527520368508444,0.4626307442623604,0.0,0.0,0.003,96,3,,,,,,,,,,,,,
main,mlp,torch,interp:alpha_mid,1,,,1469,379,690,69.0,21.377414026200576,0.4850567543674859,0.6173128418782714,28.01362787505877,6.517519372870182,18.848989854251663,58.67437439805446,1.468772479625993,0.1444494719483835,0.2745467643478287,0.3881670640168042,1.133063717156927,0.9791343500538322,0.9246240741861356,0.8493263304125722,-0.283833387139454,2329.290238182208,2.313423382830598,0.407881748534125,0.0,0.0,0.003,96,3,,,,,,,,,,,,,
main,mlp,torch,interp:alpha_mid,2,,,1469,379,704,72.7,23.195113526171895,0.5716435672796527,0.4346539139945228,30.32035786213822,7.394144359366131,20.92004933805601,62.64687988899252,1.819380518272943,0.1638783388456881,0.3047129793252383,0.4144476304314874,1.403535320516197,0.9731438900571766,0.9071500002307342,0.8282331616297229,-0.9699113959395425,2738.462926516456,4.448776488584632,0.8666190935653602,0.0,0.0,0.003,96,3,,,,,,,,,,,,,
main,mlp,torch,interp:alpha_mid,3,,,1469,379,716,72.9,22.07575618404816,0.5103636687089309,0.5649369935181827,28.909253837536934,6.0948869855749415,19.839240133079866,60.79363439395599,1.5752632235818358,0.1350825607540409,0.2889703494868219,0.4021872719685168,1.215214492626344,0.98175270178013,0.9164961371174616,0.8382453982665202,-0.4767462630913808,2517.9085061077103,3.690997770331972,0.6863071216853887,0.0,0.0,0.003,96,3,,,,,,,,,,,,,
main,mlp,torch,interp:alpha_mid,4,,,1469,379,540,57.1,22.069271676544854,0.4910848857347848,0.6189088995551573,28.941460819016417,6.577811788195612,21.00700424529652,59.23956642355712,1.4527042491301818,0.1457857483839402,0.3059795293425943,0.39190615678764,1.1206681084249646,0.9787465155681336,0.9063765276232816,0.8464095642719397,-0.2558970092427257,2440.620308569185,5.006983840507608,0.5800642080289278,0.0,0.0,0.003,96,3,,,,,,,,,,,,,
main,pinn,torch,random,2,,,1571,277,676,343.7,12.134801772648295,0.3067081655098536,0.8412096595049159,15.762607580412029,4.799742551178184,11.234739924135386,31.253340265922514,1.2513843493570953,0.11055493693104108,0.161689448239583,0.21161002048587285,0.7429782563829173,0.9877776059201729,0.9738565223279785,0.9552211992299678,0.4479833105415445,899.2508536413948,0.5742813396962195,0.05333609456358994,0.3,0.5,0.003,96,3,,,,0.1345,0.36239475731335974,0.7446367549912238,0.972285109159373,0.9725922393949163,0.10810248627871318,0.16147708924449533,0.21086081647555288,0.9691386372546776,
main,pinn,torch,random,0,,,1571,277,769,368.3,11.86816019968165,0.2695088610418994,0.8880161066113489,15.483423612485032,4.5861256258742005,10.751772938185283,31.112372273395607,1.0223699612715083,0.10563458850556402,0.154738627303493,0.21065555483411666,0.6070066735244238,0.9888413337112596,0.97605595722023,0.9556242372175299,0.631542898296376,891.9110429849902,0.7090607768232324,0.059043763285110296,0.3,0.5,0.003,96,3,,,,0.21459,0.31487853028051166,0.8236189221525337,0.9735071760496732,0.9737958754420962,0.10329128640906468,0.1545353973478392,0.209909730103721,0.7917777072614218,
main,pinn,torch,random,1,,,1571,277,800,381.0,11.960833403654615,0.2772977142836887,0.8798085315655683,15.59289165167383,4.62788991860005,11.164414925211014,30.986370111210427,1.0646586595969705,0.10659656692399866,0.16067733666865974,0.20980241978057032,0.6321145337615262,0.988637171920017,0.9741827934810654,0.9559829446542167,0.600431216206974,936.5449298596777,0.6035087247778526,0.04045241789444265,0.3,0.5,0.003,96,3,,,,0.1709,0.32457154337285854,0.8099583468011542,0.9729343033517663,0.9732267824150668,0.10423192516899735,0.16046630695633268,0.2090596155697228,0.8245283257963812,
main,pinn,torch,random,3,,,1571,277,800,386.1,11.809679132548172,0.2735319891832235,0.8840255568483678,15.398227252962535,4.7245359411112675,11.107256857039117,30.36288896073722,1.044034771305088,0.10882266443015363,0.159854722476648,0.20558095551781924,0.6198696143082731,0.9881576277063217,0.9744464677019131,0.9577364707283799,0.6157616612568564,968.9455039663853,0.7815422508054355,0.05910608465176794,0.3,0.5,0.003,96,3,,,,0.12422,0.3198656501525817,0.8168657516917394,0.9734468553788717,0.973741985342995,0.10640864094302288,0.15964477316582557,0.20485309737591406,0.8085560891255644,
main,vpinn,torch,random,2,,,1571,277,676,273.2,11.469624444200377,0.2975125804055188,0.8499401712343803,14.886148528962046,5.005258856608433,10.746763550254306,28.9064231800234,1.220052189915372,0.11528869961578435,0.15466653260650426,0.19571952147360358,0.7243755679261831,0.9867085157409008,0.9760782636914804,0.9616938689141431,0.4752800365909967,1524.5514733425011,0.803552322994532,0.05720783092136215,0.3,0.5,0.003,96,3,,,,7.56304,0.3517736399998923,0.7581529303622164,0.9748268827821748,0.9751324535105746,0.11273123945681264,0.15446339733827485,0.19502657767987752,0.9448733455246042,
main,pinn,torch,random,4,,,1571,277,688,329.0,11.57673182136017,0.28186157921772736,0.8709032369281817,15.063258982274624,4.530564467138751,11.089716740785647,29.569495738899473,1.1171503386168125,0.10435481978165499,0.15960228657352676,0.20020905112302725,0.6632801593927005,0.9891100715883377,0.9745271101205011,0.9599163358484165,0.5600594301554713,902.8129608805175,0.5416557413538735,0.04978311241602078,0.3,0.5,0.003,96,3,,,,0.1684,0.3315283658673651,0.7939609746219005,0.9745178391857517,0.9747938332896755,0.10203990691614709,0.15939266880588968,0.19950021217646263,0.8651806755709611,
main,vpinn,torch,random,1,,,1571,277,667,314.4,11.592221385407285,0.2605842329562435,0.8994381329244088,15.136527266405755,5.149952120675057,10.702229840847044,29.55739983769516,0.9593037424118729,0.11862149392978469,0.1540256071422082,0.20012715223222516,0.5695626785207559,0.9859289411778654,0.9762761123444734,0.9599491229394193,0.6755983552358769,1702.5033494696713,0.6071486478286239,0.03841873151207927,0.3,0.5,0.003,96,3,,,,4.78569,0.3030419725119088,0.8427907991379904,0.9740513921539193,0.974372301692045,0.1159901020784224,0.1538233136499203,0.19941860324819297,0.7429358710710996,
main,vpinn,torch,random,0,,,1571,277,800,347.2,10.691324783031204,0.23867520771571968,0.9156816496231089,13.962676743431123,4.534396300610753,10.036233395753902,27.317400533928712,0.8772689018314529,0.10444308037132423,0.14444064136073095,0.18496057181153336,0.5208565373192902,0.9890916429625486,0.9791369011233001,0.9657895868751502,0.7287084675314367,1517.6990279555448,0.3846816094192599,0.04257106698682011,0.3,0.5,0.003,96,3,,,,5.51359,0.2775216477227581,0.86830097125202,0.9780060436536663,0.9782644353967646,0.10212620961278397,0.14425093652975313,0.18430572001465673,0.6794037247338387,
main,vpinn,torch,random,3,,,1571,277,800,332.2,10.903108945915474,0.24635140635985103,0.9092433546655735,14.232877186212791,4.645974546545651,10.260593445079145,27.792063567013578,0.9138042250235185,0.10701311945377061,0.1476696126433213,0.1881744188211759,0.5425484745211363,0.9885481922647725,0.9781936855017709,0.9645903881013123,0.7056411527944384,1576.144428160904,0.6611662229005142,0.043796844597053915,0.3,0.5,0.003,96,3,,,,3.86304,0.2868304290076554,0.8578262238555707,0.9771107552892851,0.9773807456511591,0.1046392372744904,0.14747566695986852,0.1875081884182075,0.7076986233780551,
main,vpinn,torch,random,4,,,1571,277,654,336.0,11.16013029329377,0.2556735652222964,0.9005874155574218,14.559575951607632,4.742692116707713,10.337666671512618,28.59836906660256,0.9617933183521868,0.10924086495373822,0.148778844146696,0.1936337496265918,0.5710408021621596,0.9880664334241586,0.9778648555343725,0.9625059710055458,0.67391240226561,1703.3407455866525,0.4688240298807107,0.052164360000336155,0.3,0.5,0.003,96,3,,,,2.75589,0.2983032819443121,0.8436154221541565,0.976145753321359,0.9764279881922469,0.10681756448472551,0.14858344162552167,0.1929481904955996,0.7448639311714017,
main,pinn,torch,extrap:alpha_max,0,,,1461,387,800,345.7,22.486124215122047,0.9865335091004837,-1.3127578569689176,29.227043426367544,9.951506340300277,15.659302146407356,62.070321792395006,2.263366581385554,0.26908017581862226,0.2429734139092208,0.44756455404436896,2.9865158926297224,0.9275958589814154,0.9409639201332967,0.7996859699630622,-7.919277176953445,1570.7531727843975,1.6948608807430667,0.2119330645736195,0.3,0.5,0.003,96,3,,,,0.20437,0.6552134781938779,0.1627934502894427,0.8894152496925914,0.9079108054851027,0.2241333917671829,0.22507138992775017,0.41877759691227634,1.752871534168302,
main,pinn,torch,extrap:alpha_max,1,,,1461,387,800,336.6,25.229267354496443,1.0022612421665855,-1.3268567563622027,32.88523545129184,9.17972627079312,15.86693422508503,73.60904585799739,2.2613630641102374,0.2482119062627564,0.24619508206031124,0.5307657320233609,2.983872248319914,0.9383908495894053,0.9393879815693148,0.7182877377097018,-7.903493594317233,1680.2224772202417,1.4850982927555803,0.43461125973079834,0.3,0.5,0.003,96,3,,,,0.17658,0.6706884676682345,0.1478711318179936,0.8653555229561407,0.8862019775325192,0.20675092937790288,0.22805568897917972,0.4966273485502461,1.7513199037656093,
main,vpinn,torch,extrap:alpha_max,0,,,1461,387,800,259.5,19.630670480940335,0.7402050421329662,-0.15289217672715993,25.647607613199572,9.696812403347494,15.545558399216436,51.70045203703479,1.5798590841626152,0.2621934707318098,0.24120853918444607,0.37279152244837954,2.084626636167229,0.9312545839056038,0.9418184406245037,0.8610264807906174,-3.3456682122293646,2699.6255002237067,1.048800826114884,0.3534624048975218,0.3,0.5,0.003,96,3,,,,5.40788,0.5035436088486233,0.5709223757070726,0.9113665017735749,0.926902569103051,0.2183970324664218,0.22343654930480936,0.34881390071995017,1.2235269529033117,
main,pinn,torch,extrap:alpha_max,2,,,1461,387,800,331.7,24.884424997232813,1.1529505626684198,-2.2673991190510296,32.280106084499856,10.656510054211001,17.21993457139786,68.9638736278907,2.6973817354316836,0.28814287012889445,0.26718855355031684,0.49727123130882284,3.5591995956856453,0.9169736863938786,0.9286102768516873,0.7527213225126037,-11.667901761962288,1850.1123600456235,2.5946840539380847,0.1959996606590947,0.3,0.5,0.003,96,3,,,,0.1344,0.7604493538010113,-0.17481486186827222,0.8661017619193899,0.8882149011768843,0.24001187972707733,0.2475023837086266,0.4652871845621474,2.088995967206194,
main,pinn,torch,extrap:alpha_max,4,,,1461,387,800,320.3,24.147535891392216,0.7821871143440335,-0.1734233162570995,31.673247504643324,11.929752125639565,16.242282333444315,66.84770805484608,1.5704010516388973,0.32257024109405497,0.25201907156123204,0.4820123978819304,2.072146746838917,0.8959484395605176,0.9364863875694126,0.7676640482881083,-3.2937921404464365,1514.2741160859919,1.4560031002787226,0.3874492524327123,0.3,0.5,0.003,96,3,,,,0.17105,0.5423377644752421,0.5476874496396695,0.8666996251393462,0.8899658220699701,0.2686885497960377,0.23345057309759862,0.4510097858350685,1.2162021491722632,
main,pinn,torch,extrap:alpha_max,3,,,1461,387,800,352.8,24.637670693947523,1.038005365820731,-1.4545799595179694,32.07533751207171,11.400703177925855,19.830921763763026,64.99438759452626,2.3246702395749557,0.30826521238790167,0.30770124472077,0.4686488366602134,3.0674061695140398,0.9049725588314367,0.9053199439972859,0.7803682678970254,-8.408980608797625,1834.3584777873311,1.5747238974296944,0.2636226171492124,0.3,0.5,0.003,96,3,,,,0.12938,0.6951643157041082,0.10482098962631581,0.8635535902419159,0.8868460461067439,0.2567730134935853,0.28503014267098914,0.4385057570775411,1.8003483495743173,
main,vpinn,torch,extrap:alpha_max,1,,,1461,387,800,259.1,17.972124188801562,0.6525166717570892,0.16611934884821278,23.518567451996276,9.975622564918371,17.444917735753748,43.13516205531671,1.3327943992174194,0.2697322577988185,0.2706794452263671,0.3110306022496696,1.7586243817535014,0.9272445091027478,0.9267326379319439,0.9032599644642064,-2.092759716106047,2475.2202338478446,2.5243462382410606,0.11819551789108765,0.3,0.5,0.003,96,3,,,,4.97563,0.449656230464518,0.6841365679400208,0.9190790371662994,0.9339853646352845,0.2246765508664625,0.2507360701806346,0.29102538840326075,1.0321869124077143,
main,vpinn,torch,extrap:alpha_max,3,,,1461,387,800,228.7,22.52918819546578,0.7885011171137026,-0.19440590025257687,29.50890286946111,12.59227204676514,20.21775187714201,55.716684684476185,1.5900441734797959,0.34048421017207,0.3137033917112185,0.40175098845215945,2.0980658781193626,0.8840705026234954,0.9015901820288748,0.8385961432777105,-3.4018804289403883,3061.305463512637,2.047409048854087,0.22658766571139252,0.3,0.5,0.003,96,3,,,,3.86335,0.5453814498432027,0.5443578320700713,0.8747522759766936,0.8979379357217369,0.2836101940132408,0.29059005782366354,0.3759107194276342,1.2314148281082722,
main,vpinn,torch,extrap:alpha_max,2,,,1461,387,800,283.3,24.47527479838232,0.9204420250621486,-0.84022297208119,31.966735382416875,9.620909324758978,19.182101413834758,67.09719540865689,2.0008930462786503,0.26014111674304113,0.29763399562103826,0.4838113525678996,2.640181635316615,0.9323265993796798,0.911414004650653,0.7659265751264162,-5.970559067481509,2845.1352925897677,2.316893825347492,0.259124901541655,0.3,0.5,0.003,96,3,,,,7.1198,0.6236708080295437,0.31771208735986955,0.8698890597189163,0.8907008324016991,0.2166875008771467,0.27570463783006827,0.4526930333432471,1.5495980600677128,
main,vpinn,torch,extrap:alpha_max,4,,,1461,387,800,257.9,20.17348398494,0.7419596138199356,-0.12705725779567612,26.37888747538189,10.31672694003659,16.594133399445354,52.22580208666373,1.5572735136143216,0.27895542684385194,0.2574784754283121,0.37657961398535894,2.0548249390222195,0.9221838698343602,0.93370483469111,0.858187794330636,-3.2223055300388106,2871.026285047934,2.062759729186321,0.27054089748440174,0.3,0.5,0.003,96,3,,,,2.68676,0.5073151647246873,0.5776113292885201,0.9046921662853687,0.9216556361540166,0.23235909438575494,0.23850773386581223,0.3523583455523323,1.2060354850948498,
main,pinn,torch,matched:alpha_max,3,,,1461,387,422,180.9,13.238064301004917,0.3128077807369788,0.8461408600422033,17.312074415260735,5.663631611635269,11.928518754953535,34.344072879193405,1.0160339582374596,0.12849267004053588,0.17329562234214752,0.23164326262641885,0.7177995679388128,0.9834896337458532,0.9699686272770469,0.9463413988797872,0.48476378026612577,1056.2377718755674,0.7544077870886473,0.04651637992000343,0.3,0.5,0.003,96,3,,,,0.128,0.32939811991545614,0.820369291088089,0.9665998866342291,0.9668809239863202,0.12755947887959102,0.17144878302080546,0.2317134484437436,0.7868707693176845,
main,pinn,torch,matched:alpha_max,0,,,1461,387,800,331.9,10.803836860264022,0.24930066547454519,0.9066684627594532,14.144658531067973,4.943616186329843,10.299752830072835,27.19060657680124,0.7813718478521733,0.11215744366779626,0.14963317016344163,0.1833946964414177,0.5520173516255251,0.9874207078299045,0.9776099143868379,0.9663663853171598,0.6952768435039108,942.2448482093803,0.4909339671540176,0.06371937986818367,0.3,0.5,0.003,96,3,,,,0.19873,0.2619919000375138,0.8914609634670292,0.977132335844634,0.9773444543025311,0.11134288875947393,0.14803850540099714,0.18345026337877143,0.6051359426108128,
main,pinn,torch,matched:alpha_max,1,,,1461,387,800,316.1,10.932890036859593,0.2592345216887305,0.8964009029443951,14.300345655084712,5.012448123569459,10.397888907276846,27.49069993440783,0.8305231821842374,0.11371905642908726,0.15105887547712307,0.18541876052645,0.5867413943222616,0.9870679762048775,0.9771812161395864,0.9656198832448345,0.655734536188282,980.6204528160699,0.8447742075334103,0.04793682302880893,0.3,0.5,0.003,96,3,,,,0.17503,0.2727546173298291,0.8792027983321362,0.9766230251964328,0.9768397240482168,0.11289316014833338,0.14944901674383057,0.18547494073694842,0.643201351690204,
main,pinn,torch,matched:alpha_max,2,,,1461,387,800,339.9,10.47975398464776,0.24662127329513206,0.9070743253286574,13.711485961609364,4.914395021282901,9.819516049401528,26.400546814143663,0.7845580537629451,0.11149449350153488,0.14265636663169853,0.17806591607993855,0.5542683169673562,0.9875689779188357,0.9796491610594418,0.9682925295306118,0.6927866328057402,988.4270435005283,0.5420258245473447,0.04295321625222558,0.3,0.5,0.003,96,3,,,,0.13012,0.25938604665056697,0.8917301966193901,0.9785035561696298,0.9787009372944051,0.1106847533366147,0.14113605478668817,0.1781198684449504,0.6076035100340146,
main,pinn,torch,matched:alpha_max,4,,,1461,387,487,205.5,12.520267269261183,0.2991280663878714,0.8576811121293346,16.36693385316767,5.207518778875148,11.53600370409632,32.35727907653154,0.9802675175417197,0.11814468843793678,0.1675932261423919,0.21824277281749574,0.6925315781536613,0.9860418325939022,0.9719125105511843,0.9523700921129303,0.5204000132593217,934.2829246164438,0.629951757651113,0.07032136456416722,0.3,0.5,0.003,96,3,,,,0.16915,0.31514351033287896,0.8336879845272949,0.9701081450860056,0.9703643509255091,0.11728665055197733,0.16580715817456265,0.21830889840738663,0.7591713341975892,
main,vpinn,torch,matched:alpha_max,2,,,1461,387,541,157.7,12.46460884995991,0.28315941382256804,0.8780483438599829,16.321348936146833,5.3733697058584,10.903186147270105,32.68749095531199,0.8943885913991432,0.12190740287596552,0.15839975337414092,0.2204699797427712,0.6318605192973944,0.9851385851240364,0.9749095181310106,0.9513929880322214,0.6007522841526629,1694.3870608007037,0.7994211607869439,0.040096515979120104,0.3,0.5,0.003,96,3,,,,7.34253,0.29773315079890805,0.8580944581992165,0.9704803637624227,0.9707195500075007,0.1210220378914749,0.1567116617243434,0.22053678015625344,0.6926621234235605,
main,vpinn,torch,matched:alpha_max,1,,,1461,387,654,250.6,12.0098426031902,0.2682220806753967,0.8916654981102143,15.733358304803536,5.18554648176619,10.140553118419751,31.87397531422467,0.839295498350197,0.11764619571876808,0.14732034208525674,0.21498299460964632,0.5929387902879157,0.9861593726329007,0.9782967168078823,0.9537823120286681,0.6484235909714063,1606.9090601344842,0.686241565655394,0.042048661859364844,0.3,0.5,0.003,96,3,,,,4.85098,0.2818963340969587,0.8740942984014175,0.9727461338231503,0.9729569412882549,0.11679177818717729,0.14575032550365238,0.21504813251616917,0.6499951001808361,
main,vpinn,torch,matched:alpha_max,3,,,1461,387,472,157.8,12.599892105162649,0.2937836305028669,0.8656318299119389,16.484377130659055,5.553038224798746,10.847033352064926,33.05305981511349,0.9464370286734305,0.12598360155976515,0.15758397450073372,0.2229356617746289,0.6686312841763398,0.9841281321380296,0.9751672909805513,0.9502996907091076,0.5529322058200671,1621.7149935770258,0.6646237716952472,0.059179777983585216,0.3,0.5,0.003,96,3,,,,3.94513,0.3092369054930155,0.8432685959960132,0.9698650379425628,0.9701070562356232,0.1250686327653391,0.1559045767376055,0.22300320926750689,0.7329712032016106,
main,vpinn,torch,matched:alpha_max,0,,,1461,387,800,275.9,10.89373122064217,0.24273851231627216,0.913072980744938,14.275653010968142,4.888364339589306,9.73211722930119,28.206477464013933,0.7479658496642556,0.11090392687871396,0.14138665048064936,0.1902465234669685,0.5284169484387569,0.9877003190028804,0.9800098150658622,0.9638062603087317,0.7207755286022777,1570.3145006542798,0.941282639030137,0.04179111005057434,0.3,0.5,0.003,96,3,,,,5.35296,0.25488676805095717,0.8991372103880144,0.9771721314591582,0.9773654239263708,0.11009847576430687,0.13987987020489048,0.19030416644605336,0.5792645597885779,
main,vpinn,torch,matched:alpha_max,4,,,1461,387,800,282.9,10.388856517221166,0.2410225809383215,0.9118729826460714,13.597904439514148,4.783248207116896,9.579746610716551,26.430718500709002,0.7617127503422181,0.10851912266617181,0.13917303437988096,0.17826941750912317,0.53812874919811,0.9882236000157638,0.9806308665014959,0.9682200147809575,0.7104174492860684,1597.567722490513,0.5729886977468208,0.039565910653215325,0.3,0.5,0.003,96,3,,,,2.74986,0.2534137898007491,0.8974103585521299,0.9790248270994057,0.979212097947778,0.10773099143632331,0.13768984496696096,0.17832343153323085,0.5899108912664812,
main,pinn,torch,interp:alpha_mid,2,,,1469,379,674,292.9,24.463831065593304,0.5660628360862348,0.45585900954468694,32.0300646353138,6.0544421826042445,21.728167304360877,68.30758441897628,1.765130356431828,0.1341861720978764,0.31648369884792416,0.45189667151991325,1.3616848018792251,0.9819940712177183,0.8998380683635335,0.7957893982692209,-0.8541854996717251,1536.5736311446024,1.1932952157361827,0.2749131625161761,0.3,0.5,0.003,96,3,,,,0.13679,0.5691327543157882,0.4506911547308049,0.8925405126168243,0.8904944605047845,0.1363615331429763,0.3122992819253557,0.46085931614045805,1.3670108860543628,
main,pinn,torch,interp:alpha_mid,1,,,1469,379,705,311.6,23.395186558397704,0.5529653289113348,0.4795031772717924,30.616022717394504,6.501143845690042,20.94375416484019,64.40317014165328,1.7326780814072966,0.144086536893078,0.30505825424677757,0.42606657035084117,1.3366499541546426,0.9792390698861587,0.9069394615159058,0.8184672776294694,-0.7866330999443643,1417.516654237574,1.3938222740048,0.5386470943177193,0.3,0.5,0.003,96,3,,,,0.16838,0.5559605828233705,0.4746256647522054,0.9015486030105113,0.8997131801482107,0.1464223978434293,0.30102489983994357,0.4345169164042988,1.3418781172058103,
main,pinn,torch,interp:alpha_mid,0,,,1469,379,800,351.2,23.316336766486817,0.5762194010995988,0.4158863080315224,30.471123884925152,6.379752161042454,21.666924907852604,63.3666945858804,1.8519754111718092,0.14139610150760604,0.3155916668646579,0.41920964724706655,1.4286801887790646,0.9800071424784499,0.9004018998055838,0.8242632716549878,-1.0411270818129323,1316.1694378626498,1.3372061297301787,0.7144794645575704,0.3,0.5,0.003,96,3,,,,0.21039,0.5792249264805965,0.41061736530570714,0.9015574379796739,0.8998650233007429,0.14368834642628722,0.31141904402102577,0.42752399724469387,1.4342683182303793,
main,pinn,torch,interp:alpha_mid,3,,,1469,379,568,244.0,23.219323471283573,0.4726722553998144,0.6609333502514003,30.513376210682424,5.786591258926154,20.577374892805004,65.17616248031611,1.337165253087019,0.12824972261876297,0.2997217219212172,0.4311803899643347,1.0315371870949428,0.9835520086482097,0.9101668894085779,0.8140834713102019,-0.06406896836138842,1745.508353184439,1.3859058270553668,0.5140069235624616,0.3,0.5,0.003,96,3,,,,0.12459,0.47534796611085106,0.6574418616499734,0.9026007897889965,0.9007255592060073,0.13032884482836163,0.29575892494357214,0.4397321604157529,1.0355719342557175,
main,pinn,torch,interp:alpha_mid,4,,,1469,379,474,197.5,22.988449665937686,0.49195160948862116,0.6210369402309399,30.172280391649593,6.144798255163146,20.745238300314906,63.62680461947073,1.4369574888019694,0.13618875716464168,0.30216675243694263,0.42093043505428035,1.10852049329862,0.9814526224219494,0.9086952537217088,0.8228175688450119,-0.228817684064911,1388.6741080328704,1.2786492910663798,0.17783677962770558,0.3,0.5,0.003,96,3,,,,0.17828,0.49467586948652476,0.6173026046650019,0.9043218149962234,0.9025532265875863,0.1383965831461477,0.29817162827434796,0.4292789141140483,1.1128563524115551,
main,vpinn,torch,interp:alpha_mid,0,,,1469,379,704,229.6,23.61223990952719,0.6096001182477266,0.33950855357441345,30.822522385995214,7.768679461467684,22.310600087663953,62.38828760885401,1.9813924801231213,0.17217925743595813,0.32496717925416413,0.41273688349658527,1.5285171528041992,0.9703543033088008,0.894396332407589,0.829648265001524,-1.3363646864202599,2883.8347383503824,3.6678747156765295,1.071642689832694,0.3,0.5,0.003,96,3,,,,5.559,0.6127649454106687,0.3336755787406257,0.8981329669059712,0.8964598751961942,0.17497054392654532,0.32067059725294117,0.42092285662209894,1.5344957838410895,
main,vpinn,torch,interp:alpha_mid,1,,,1469,379,800,270.2,22.669320792717173,0.49787957201224897,0.6112543449167794,29.738350157949935,6.6422598610150745,21.385672380518077,61.18711823231666,1.4622326970188935,0.14721412773415962,0.3114950562801429,0.4047904095024312,1.1280186945322621,0.9783280005954695,0.9029708299130278,0.8361447243748519,-0.2724261752162316,1987.6186883001517,1.4070956367704586,0.2782503649333026,0.3,0.5,0.003,96,3,,,,4.81532,0.5005567211625086,0.6075800896446064,0.9058145182944498,0.9042399726259939,0.14960069166809212,0.3073765971318841,0.41281877708029513,1.132430818769763,
main,vpinn,torch,interp:alpha_mid,4,,,1469,379,538,173.0,22.753997797033126,0.498486958725045,0.607577139032166,29.848220891361517,6.6394977524195005,20.53976650923298,62.36539841243207,1.4713285140479606,0.147152910405101,0.299173933413616,0.4125854573882721,1.1350355336931908,0.9783460209593073,0.9104949575658227,0.8297732403517081,-0.28830566274817393,2134.9853669752592,1.2756400977229776,0.3126439578449874,0.3,0.5,0.003,96,3,,,,2.81478,0.5012500979370871,0.6037586925355181,0.9062047396256127,0.9044794272470608,0.1495384819134293,0.2952183790696659,0.42076842722015556,1.1394751035450974,
main,vpinn,torch,interp:alpha_mid,2,,,1469,379,800,260.0,24.09222862639091,0.566371618685265,0.4705270414736142,31.543441815702668,7.529512280011351,22.789063044928135,64.31175012216852,1.7385890584556292,0.1668785331738166,0.331936277216066,0.4254617707101153,1.3412098936410621,0.9721515551657541,0.8898183078679358,0.8189822816642109,-0.7988439788034445,2903.9546988906072,3.1071265165845463,0.5090600289418227,0.3,0.5,0.003,96,3,,,,7.5339,0.569371863378641,0.46568528009402804,0.8936507148993004,0.8918948635244192,0.16958388689733545,0.3275475526762132,0.4339001215341586,1.3464558924068568,
main,vpinn,torch,interp:alpha_mid,3,,,1469,379,800,235.0,21.948821369052148,0.469929063057228,0.6593257089492015,28.811594780490434,6.709007124777503,19.377207600392662,60.34856961630113,1.3605011347372877,0.14869346464946154,0.2822405704454219,0.39924289480536956,1.0495393223286589,0.9778902535705384,0.9203402603946406,0.8406051109474265,-0.10153278911579955,2125.5403783223896,1.477725293523009,0.132763734638924,0.3,0.5,0.003,96,3,,,,3.84098,0.4726046580422363,0.6559133501579513,0.9129452083042019,0.9112733656676856,0.1511040108749209,0.2785089020419422,0.4071612363399131,1.053644482912169,
twod,mlp2d,torch,random,2,,,1571,277,300,284.8,18.281864994388233,0.32625966135823836,0.874362871427245,22.014990077661746,11.928559218287313,18.519736052105525,35.59667496259239,7.08248974456769,0.260381207059062,0.2491879220564613,0.23000037720556965,0.5654691391118604,0.9322016270104629,0.9379053795011814,0.947099826485295,0.6802446527120405,1599.0459380995144,5.130387670755261,1.7906878063003873,0.0,0.0,0.002,96,3,1651.122732578353,607.97583008011,494.0822339326777,1.0,0.33414151460108343,0.8651737875227671,0.9390689443323131,0.9391222192554259,0.2577759728748178,0.2515072481212476,0.23006302220183247,0.5972198152064359,
twod,mlp2d,torch,random,0,,,1571,277,300,287.2,18.321517781729497,0.3216087070784871,0.8793951345277887,22.140679177940218,11.94443012330987,17.970347341194703,36.50726006931609,6.864033593097339,0.26072764331605414,0.24179575237931403,0.23588393004426356,0.5480275025743168,0.9320210960108535,0.9415348141313199,0.9443587715468723,0.6996658564221092,1566.866966118943,6.2248724950737575,1.7690774295514868,0.0,0.0,0.002,96,3,1595.8651108705485,599.3361482290318,473.636452434787,1.0,0.32922805989248605,0.8707840957181168,0.9393048938963485,0.9393814947458469,0.25811894287712295,0.2440462755435984,0.23594817753853126,0.5787988436106914,
twod,mlp2d,torch,random,1,,,1571,277,300,290.4,18.65921019128019,0.3236962586924659,0.878837639753995,22.602802585312332,11.766929358657995,18.67988765047172,37.36159074680727,6.828433009183766,0.2568530879310998,0.2513428039564307,0.2414040068010886,0.5451851360812444,0.9340264912202558,0.9368267948993175,0.9417241055003792,0.7027731673960276,1689.2238745258387,7.036080291179515,1.634557517744709,0.0,0.0,0.002,96,3,1718.6829923572059,565.7929378268864,435.1849186458779,1.0,0.3313079947495326,0.870283933581798,0.9375257972066509,0.9375592605751445,0.2542831542075228,0.2536821866664825,0.24146975779370708,0.5757968803304181,
twod,pinn2d_reduced,torch,random,0,,,1571,277,300,752.7,18.899186368888667,0.33139552821717355,0.8734922300031511,22.886556598228726,12.713689617268145,18.976398714984494,36.969581462433545,6.93707568086849,0.2775193372593951,0.2553324383564462,0.23887112182324188,0.553859215429611,0.9229830174471028,0.9348053459229498,0.9429405871589052,0.6932399694836467,881.9392087406827,1.1569055092096698,0.4864167314563508,0.3,0.5,0.002,96,3,932.9294486941553,639.4182584309694,495.20633352898767,0.21246,0.3390864421747781,0.86470905457398,0.9335763168429859,0.9336706944654655,0.2747426281705054,0.25770895474046007,0.23893618293625277,0.5849580028518944,
twod,pinn2d_reduced,torch,random,2,,,1571,277,300,759.1,18.36640090799858,0.3252148264079253,0.878020986277956,22.218764703557763,12.679416315547469,18.826150658594344,35.15072713653148,6.809309521321034,0.2767712063654102,0.2533108112198852,0.2271189797628085,0.5436583082835975,0.9233976993270322,0.9358336329191219,0.9484169690315003,0.7044356438341697,880.0174455777078,1.1393266523507626,0.41036127705360853,0.3,0.5,0.002,96,3,931.496387606212,557.4849876947391,454.54878251076224,0.21632,0.3327589140336763,0.869564438966655,0.9358827670925515,0.9359817972711441,0.274001982671497,0.2556685112324136,0.22718083995543656,0.574184322275358,
twod,pinn2d_reduced,torch,random,1,,,1571,277,300,766.2,18.669631971423417,0.32697691620982905,0.8784410395988808,22.662808310246287,12.91362248562633,19.449474894884887,35.625327550227645,6.690102954954815,0.2818835492854439,0.2616978028471774,0.23018550983301167,0.534140802873683,0.9205416646422373,0.9315142599849581,0.9470146310629158,0.7146936027054117,921.12497667962,1.1405572278754537,0.6897010328281352,0.3,0.5,0.002,96,3,955.2470921987092,662.1882696990615,523.9843560088507,0.14128,0.33439434013426295,0.8702743964580714,0.9330235185633704,0.9331143228486977,0.27906317424045096,0.2641335651033563,0.23024820525368206,0.5641324159395624,
twod,mlp2d,torch,extrap:alpha_max,0,,,1461,387,300,267.7,26.770756562798603,0.7735032767554356,0.03348987581480234,32.327138021114706,20.22467559791909,24.309891156142104,52.44684730928292,10.101612187850291,0.5431521768185252,0.3635312847036506,0.3702473341728336,1.817082311326733,0.7049857128172816,0.8678450050417094,0.8629169115379082,-2.30178812613769,2560.1749536891457,10.834546384064591,3.8830670134583194,0.0,0.0,0.002,96,3,2702.565107206341,1328.4339232597813,1069.4837490125897,1.0,0.48949110537522367,0.714881096901653,0.811915876465633,0.8616973351034827,0.43705491442240746,0.3301404409655847,0.33896649643854665,0.8518025696743559,
twod,mlp2d,torch,extrap:alpha_max,1,,,1461,387,300,271.3,27.731538850937255,0.713226380355831,0.21278374407846112,33.96213390386668,15.92952569337867,24.34814439983753,61.60873161838382,9.039753692148995,0.4278019943585878,0.36410332555465075,0.4349254495501162,1.6260747519599692,0.816985453622805,0.86742876832004,0.8108398533336267,-1.6441190989626269,3545.2226995696906,8.457108580210328,3.951494403445067,0.0,0.0,0.002,96,3,3572.7975217165736,1781.6049566850238,1494.060236325945,1.0,0.4588349873942589,0.7581431632538076,0.8317513584254904,0.8712058554457679,0.3442367940589109,0.3306599390851302,0.39818019534245674,0.7622630210905378,
twod,mlp2d,torch,extrap:alpha_max,2,,,1461,387,217,199.3,32.26924566658019,1.0644329337979521,-1.1092019816487944,37.886908871746336,19.999807161204096,36.270336889008156,57.39058256502677,15.41625605108174,0.5371131291063287,0.5423883669904437,0.4051475215663938,2.7730827175286423,0.7115094865415927,0.705814859353431,0.8358554857686062,-6.689987758258807,2844.711350000154,10.688252935069604,8.310305759601505,0.0,0.0,0.002,96,3,2982.267583266258,1716.2947088293492,1466.111201051593,1.0,0.648908605639701,0.4357820691893257,0.7510599438878766,0.8110007781069566,0.43219551112127935,0.49256925658764433,0.3709180951509941,1.2999515596988862,
twod,pinn2d_full,torch,random,0,,,1571,277,300,1688.6,18.509843580089118,0.32768982718023953,0.8758159226207436,22.381522927617464,12.595409924993833,18.999158734393767,35.5500001234648,6.894805537504086,0.2749374823612994,0.25563868040690546,0.22969879761655926,0.5504843483361942,0.9244093807928269,0.9346488650798143,0.9472384623735063,0.6969669822368272,921.3154056394806,1.7337411241061191,0.48636414098319725,0.3,0.5,0.002,96,3,956.2162792536346,374.6033060350715,380.566001878986,0.13217,0.3353399132498238,0.8671330730342784,0.9354322360820491,0.9355169520450395,0.2721866059226046,0.25801804715045484,0.22976136047186016,0.5813936394543757,
twod,pinn2d_full,torch,random,1,,,1571,277,300,1697.8,18.386043813140724,0.32911905292071353,0.8735776095610529,22.176502126582033,12.719210115847746,18.744454723277197,35.06584154062115,7.014668872816796,0.27763984083886517,0.25221157091187746,0.22657050946047796,0.5600542904716334,0.9229161187789663,0.9363893234981613,0.9486658042428188,0.6863391917242652,1069.0030273774455,1.9349178594121006,0.45742947205585427,0.3,0.5,0.002,96,3,1117.09052701597,427.4769142834142,386.99732899089986,0.08992,0.33688852820636095,0.8646037768106588,0.9359904155066489,0.9360961512156697,0.27486192605603116,0.2545590397034189,0.22663222026674215,0.5915009267992517,
twod,pinn2d_reduced,torch,extrap:alpha_max,0,,,1461,387,300,729.2,35.95015086927225,1.079546798451591,-1.0197894690374079,42.96936270666925,20.946962871508735,39.85222187809982,68.1089033703992,14.892515357081226,0.5625498627314155,0.595952047855227,0.4808132652401029,2.6788720179796184,0.6835376519408485,0.6448411566571506,0.7688186039691471,-6.176355288716778,1615.8845731150948,4.150856364389675,2.7764060166863964,0.3,0.5,0.002,96,3,1698.5477354733575,1792.2321705409527,1465.817805882406,0.19421,0.6724639095195186,0.4328531449546036,0.6990658041890487,0.7694719841496461,0.4526635307890203,0.5412130403952882,0.4401911179825957,1.2557879489111703,
twod,pinn2d_reduced,torch,extrap:alpha_max,1,,,1461,387,300,721.7,33.56620219335515,1.0998445733977142,-1.340676143626853,39.30358186913514,18.699660251495104,32.3041654723538,66.90691988355651,16.35406316601519,0.5021964936936463,0.4830780483555137,0.47232788995912767,2.941775861582569,0.747798681721794,0.766635599197021,0.7769063643667551,-7.654045219792982,1554.5675639153726,3.426800912462852,1.5245435839965895,0.3,0.5,0.002,96,3,1560.8482833676767,1439.3425519588855,1645.575893015821,0.13514,0.6635648350794451,0.38888130875023613,0.7637802150951899,0.8190836084742052,0.40409935731113433,0.43870667151767634,0.4324226409012299,1.3790306705877398,
twod,pinn2d_full,torch,random,2,,,1571,277,300,1698.5,18.456474295318117,0.32854794304208124,0.8745405814308058,22.287664476194305,12.640144178019513,18.87439068940016,35.34845856116324,6.962903752689557,0.27591395894883686,0.25395989352875936,0.22839657949083064,0.5559213401998983,0.9238714872571763,0.9355043724788594,0.947835002476888,0.6909514635102997,893.2599408893793,1.0966499491118966,0.5179674156489863,0.3,0.5,0.002,96,3,951.418545848549,410.5183689961822,438.42975723908467,0.13945,0.33626791234588677,0.8656908656149317,0.9357369540709746,0.9358306814835551,0.2731533124110835,0.25632363489957166,0.22845878766214966,0.5871359144107423,
twod,pinn2d_reduced,torch,extrap:alpha_max,2,,,1461,387,248,584.1,28.48455304793918,0.7951396950920413,-0.054160668777997856,34.42161116064065,15.05950802616439,29.578110339215588,58.62721511654197,10.673378709834763,0.4044368734927366,0.4423124884294122,0.4138775011369449,1.9199319173090714,0.8364308153594113,0.8043596625793753,0.8287054140526358,-2.6861385671034137,1422.3154652982475,4.600774307271011,1.7033422337119428,0.3,0.5,0.002,96,3,1529.9155870494137,948.5134752848212,657.2790934886066,0.23749,0.501511900947327,0.6947846488674543,0.823165297330474,0.8630557283249174,0.3254357262618362,0.4016854838056385,0.3789105108036844,0.9000158829181488,
twod,pinn2d_full,torch,extrap:alpha_max,2,,,1461,387,237,1221.2,29.99665178727547,0.8511504441213334,-0.1828898737807505,36.2479056314642,17.705735489411378,33.44596909164927,57.59201231333196,11.242890254709284,0.4755037343707152,0.5001526347424168,0.40656951032566674,2.022375897046535,0.7738961985994922,0.7498473419602112,0.8347012332735453,-3.0900042689562506,1398.724128993521,3.1375046763147725,2.0067356944519137,0.3,0.5,0.002,96,3,1484.2389842655484,927.7455199822089,939.0962686338471,0.14466,0.5392731467834763,0.6524915790497146,0.7861482579444162,0.8362481180585505,0.38262065918657656,0.4542129338842631,0.37221994530146874,0.9480390487615967,
twod,pinn2d_full,torch,extrap:alpha_max,0,,,1461,387,300,1556.7,34.87812929571314,0.9026291927548485,-0.2432966724623058,42.730981295341174,20.39993726429045,33.633976667590524,74.15902995414255,11.319573296829024,0.5478589893031833,0.5029641090997865,0.5235239972280424,2.036169675388382,0.6998505278396783,0.7470271049574504,0.7259226243263688,-3.1459869469727204,2181.3517680767714,5.279094233989319,2.1969853220860065,0.3,0.5,0.002,96,3,2174.6950904217347,1237.878481149844,869.8619375453172,0.11944,0.582851772379465,0.6140550876111824,0.7242667523744991,0.78910019214628,0.4408423162141743,0.4567661704918418,0.47929337705657843,0.9545052257552654,
twod,pinn2d_full,torch,extrap:alpha_max,1,,,1461,387,300,1525.8,31.086167004781665,0.8875590085695856,-0.28649600473665393,37.53972429357025,19.374863236359236,33.246035159200076,59.99827448515145,11.725495138415914,0.5203296879319287,0.49716281307467375,0.4235564637870125,2.1091870694847272,0.7292570158566472,0.7528291372956697,0.8205999219842387,-3.4486700940831714,1893.9603917102247,3.6242203979373286,1.67893991078865,0.3,0.5,0.002,96,3,2008.7682631795994,880.7836793592559,851.8888968729981,0.08563,0.5616734737026055,0.6232215856997693,0.7675620250455185,0.8234937202530421,0.4186904829555877,0.45149773140973115,0.3877717334401219,0.9887339470049813,
corrupt,mlp,torch,random,2,,0.0,1571,277,328,66.2,12.272441355343872,0.3075691121999903,0.843556339799828,15.95078479906303,5.247272013268008,11.318681123172313,31.286401260748764,1.2374110241863996,0.1208631130318568,0.16289752303690808,0.2118338697683156,0.7346819429628807,0.9853921079082479,0.9734643969884392,0.9551264116189797,0.46024244268364556,1884.905326984478,4.2180239152304955,0.34930894417116987,0.0,0.0,0.003,96,3,,,,1.0,0.362566599084393,0.7491598225838351,0.9713276388385556,0.9716702227139349,0.1181819951313306,0.1626835773857167,0.21108387322095165,0.958316950599573,
corrupt,mlp,torch,random,1,,0.0,1571,277,800,158.5,11.371456315162916,0.2624920275654729,0.8960451194873146,14.834450612751965,5.041672163889243,10.934686997410566,28.526992676956084,0.9824734223957715,0.11612742603641131,0.1573711113228037,0.19315047458633097,0.5833190983163457,0.9865144209221572,0.975234333321025,0.9626928941670746,0.6597388295390014,2001.1971872057077,5.074242800940685,0.5523654942592069,0.0,0.0,0.003,96,3,,,,1.0,0.30601552876401295,0.8366060264183801,0.974813882803419,0.975120676702514,0.11355136032969572,0.15716442392656232,0.19246662648772478,0.7608797043120689,
corrupt,mlp,torch,random,0,,0.0,1571,277,800,160.0,11.30399402753358,0.26569274998491144,0.8901958709949636,14.732491288024882,4.772840574450573,10.653185559743646,28.771447729880425,1.0185022460596744,0.10993528987523987,0.1533197659029393,0.19480563010945434,0.6047103140520121,0.9879142320400465,0.9764930493834673,0.962050766477658,0.6343254360786826,1981.550918694912,4.804846288500134,0.6135294732625778,0.0,0.0,0.003,96,3,,,,1.0,0.3108783122666887,0.8262851661429436,0.9754860159670572,0.9757727496106101,0.10749658491232572,0.15311839944539543,0.19411592194263028,0.7887823427664036,
corrupt,pinn,torch,random,0,,0.0,1571,277,769,364.9,11.86816019968165,0.2695088610418994,0.8880161066113489,15.483423612485032,4.5861256258742005,10.751772938185283,31.112372273395607,1.0223699612715083,0.10563458850556402,0.154738627303493,0.21065555483411666,0.6070066735244238,0.9888413337112596,0.97605595722023,0.9556242372175299,0.631542898296376,891.9110429849902,0.7090607768232324,0.059043763285110296,0.3,0.5,0.003,96,3,,,,0.21459,0.31487853028051166,0.8236189221525337,0.9735071760496732,0.9737958754420962,0.10329128640906468,0.1545353973478392,0.209909730103721,0.7917777072614218,
corrupt,pinn,torch,random,1,,0.0,1571,277,800,368.3,11.960833403654615,0.2772977142836887,0.8798085315655683,15.59289165167383,4.62788991860005,11.164414925211014,30.986370111210427,1.0646586595969705,0.10659656692399866,0.16067733666865974,0.20980241978057032,0.6321145337615262,0.988637171920017,0.9741827934810654,0.9559829446542167,0.600431216206974,936.5449298596777,0.6035087247778526,0.04045241789444265,0.3,0.5,0.003,96,3,,,,0.1709,0.32457154337285854,0.8099583468011542,0.9729343033517663,0.9732267824150668,0.10423192516899735,0.16046630695633268,0.2090596155697228,0.8245283257963812,
corrupt,pinn,torch,random,2,,0.0,1571,277,676,317.1,12.134801772648295,0.3067081655098536,0.8412096595049159,15.762607580412029,4.799742551178184,11.234739924135386,31.253340265922514,1.2513843493570953,0.11055493693104108,0.161689448239583,0.21161002048587285,0.7429782563829173,0.9877776059201729,0.9738565223279785,0.9552211992299678,0.4479833105415445,899.2508536413948,0.5742813396962195,0.05333609456358994,0.3,0.5,0.003,96,3,,,,0.1345,0.36239475731335974,0.7446367549912238,0.972285109159373,0.9725922393949163,0.10810248627871318,0.16147708924449533,0.21086081647555288,0.9691386372546776,
corrupt,vpinn,torch,random,0,,0.0,1571,277,800,342.8,10.691324783031204,0.23867520771571968,0.9156816496231089,13.962676743431123,4.534396300610753,10.036233395753902,27.317400533928712,0.8772689018314529,0.10444308037132423,0.14444064136073095,0.18496057181153336,0.5208565373192902,0.9890916429625486,0.9791369011233001,0.9657895868751502,0.7287084675314367,1517.6990279555448,0.3846816094192599,0.04257106698682011,0.3,0.5,0.003,96,3,,,,5.51359,0.2775216477227581,0.86830097125202,0.9780060436536663,0.9782644353967646,0.10212620961278397,0.14425093652975313,0.18430572001465673,0.6794037247338387,
corrupt,mlp,torch,random,0,,0.01,1571,277,408,43.6,13.02605278523217,0.2842148327645163,0.8842002640935995,17.029766901723246,5.337847060669648,13.32591308879076,32.42554055570933,1.0149104357589438,0.12294937464823379,0.19178543955311325,0.21954675061534953,0.6025777662413686,0.9848834512736075,0.963218345175418,0.9517992242942408,0.6369000356311314,2252.441495070201,3.0994298812168544,0.4349303427043108,0.0,0.0,0.003,96,3,,,,1.0,0.32913140764990484,0.820801118950214,0.9666336735810889,0.9670005011485857,0.12022197700838484,0.19153355321384144,0.21876944665953466,0.7860006537178584,
corrupt,mlp,torch,random,2,,0.01,1571,277,318,33.5,13.209927173023537,0.32107529733282025,0.8381194604382283,17.199309471086885,5.6629190936963125,13.852499198318899,32.08251012124544,1.2417802788334935,0.13043692585043035,0.1993640233098517,0.21722416120101645,0.7372760789699825,0.9829862083746885,0.9602539862097078,0.9528136637905141,0.45642398337800283,2082.9999795802914,4.685954260967414,0.40066226467970606,0.0,0.0,0.003,96,3,,,,1.0,0.37620035721960665,0.7430924725685011,0.9653512861249701,0.9657460639683467,0.12754343115205186,0.19910218344270103,0.21645508035911437,0.9617007339245592,
corrupt,mlp,torch,random,1,,0.01,1571,277,614,81.5,12.570912595456958,0.27890592012528204,0.8889558375721553,16.429943998025205,5.390403134246841,13.669216907747408,30.23021195208137,0.9938183877522132,0.12415992570127797,0.19672623973544717,0.20468262643424665,0.5900548886301562,0.9845843128498524,0.9612987865995503,0.9581050224359781,0.6518352284032405,2201.4347887928325,5.076537020277451,0.4822927424703939,0.0,0.0,0.003,96,3,,,,1.0,0.32287433415796424,0.8281691690428985,0.9679960406284603,0.9683540652239199,0.12140567429259584,0.19646786426919105,0.20395794882108229,0.7696658492489877,
corrupt,vpinn,torch,random,1,,0.0,1571,277,667,266.6,11.592221385407285,0.2605842329562435,0.8994381329244088,15.136527266405755,5.149952120675057,10.702229840847044,29.55739983769516,0.9593037424118729,0.11862149392978469,0.1540256071422082,0.20012715223222516,0.5695626785207559,0.9859289411778654,0.9762761123444734,0.9599491229394193,0.6755983552358769,1702.5033494696713,0.6071486478286239,0.03841873151207927,0.3,0.5,0.003,96,3,,,,4.78569,0.3030419725119088,0.8427907991379904,0.9740513921539193,0.974372301692045,0.1159901020784224,0.1538233136499203,0.19941860324819297,0.7429358710710996,
corrupt,vpinn,torch,random,2,,0.0,1571,277,676,239.6,11.469624444200377,0.2975125804055188,0.8499401712343803,14.886148528962046,5.005258856608433,10.746763550254306,28.9064231800234,1.220052189915372,0.11528869961578435,0.15466653260650426,0.19571952147360358,0.7243755679261831,0.9867085157409008,0.9760782636914804,0.9616938689141431,0.4752800365909967,1524.5514733425011,0.803552322994532,0.05720783092136215,0.3,0.5,0.003,96,3,,,,7.56304,0.3517736399998923,0.7581529303622164,0.9748268827821748,0.9751324535105746,0.11273123945681264,0.15446339733827485,0.19502657767987752,0.9448733455246042,
corrupt,pinn,torch,random,2,,0.01,1571,277,541,252.4,12.63823821517428,0.31504351680754417,0.8396468463077167,16.43618986969369,5.057000859487639,13.81078460366228,30.440784145931143,1.244383251616056,0.11648049976006337,0.19876367031199754,0.20610836799899362,0.7388215291591222,0.9864322931756453,0.9604930033641024,0.9575193406407908,0.45414274805032817,1252.9778031971973,0.9774794500090627,0.05879638418502452,0.3,0.5,0.003,96,3,,,,0.13505,0.37037361946250913,0.7441735435882998,0.9681482123935128,0.9684812958532735,0.11389660178544618,0.19850261893389615,0.2053786425563572,0.9637166145743369,
corrupt,vpinn,torch,random,0,,0.01,1571,277,451,213.6,13.014602806176674,0.2876589508207844,0.8790933833277108,17.00453994390375,5.311470993258267,12.92922144741081,32.772927391042174,1.0447913929954438,0.12234184113199584,0.1860762862439044,0.22189883633533444,0.6203188395719029,0.9850324739084328,0.9653756156976756,0.9507609064330238,0.6152045372717109,1768.347505988334,0.6565978490673888,0.03695534208570872,0.3,0.5,0.003,96,3,,,,5.8434,0.3339287701742176,0.8118884370348699,0.9670563320130441,0.9674215389721063,0.11962792046576354,0.18583189816795614,0.22111320483411323,0.8091420572290375,
corrupt,pinn,torch,random,0,,0.01,1571,277,722,337.8,12.628393367305407,0.2863644177647537,0.8760719781401836,16.481427047617103,4.818464471999902,12.787293311739125,31.838523359112287,1.0692923263703156,0.11098616855515495,0.18403366824817063,0.21557217637974682,0.6348656578759424,0.9876820703894462,0.9661316089511213,0.9535286367708987,0.5969455964492683,1093.6690733610344,0.6241574183208337,0.05156391172208077,0.3,0.5,0.003,96,3,,,,0.21612,0.3338104857679338,0.805630641695316,0.9691141053704887,0.9694333800845847,0.10852415185080601,0.18379196289709804,0.21480894438021167,0.8281168839436196,
corrupt,mlp,torch,random,0,,0.05,1571,277,299,31.9,15.967439507108683,0.33525711364828453,0.8505720255041765,20.92750519713935,5.802752565170674,23.100170312207215,33.879592714040164,1.08724243701668,0.13365778206404158,0.3324557414984955,0.22939184251253183,0.6455230885180692,0.9821355972937204,0.8894731799446824,0.9473793825887051,0.5832999421895981,3169.516539260016,5.027946834253002,0.4314176232358437,0.0,0.0,0.003,96,3,,,,1.0,0.3833275069964257,0.7778597580990336,0.9396627199423694,0.9401446755347974,0.13069283880677104,0.33201910220048053,0.22857968206781157,0.8420184049106396,
corrupt,pinn,torch,random,1,,0.01,1571,277,759,349.3,12.660895522857126,0.28772177404893673,0.87575465359962,16.52512849534344,4.8235533176905525,13.457738408447817,31.294093759891958,1.0681966053981755,0.11110338255327731,0.19368265865593967,0.211885954117938,0.634215100868592,0.9876560383852195,0.9624870277359657,0.9551043424475305,0.5977712058297641,1094.0243527334464,0.6420195473113925,0.06979704008797201,0.3,0.5,0.003,96,3,,,,0.17094,0.33511777967774903,0.8054579912798685,0.9684158028562386,0.9687349347208519,0.10863876567969002,0.1934282805551675,0.21113577316624613,0.8272682993098924,
corrupt,mlp,torch,random,1,,0.05,1571,277,256,28.0,15.980384584499076,0.34404373300544766,0.8395685676397812,20.923959912501022,6.167228776279616,22.081038837921447,34.523612123302,1.1496586004932396,0.1420529499511448,0.31778848556969036,0.2337523671549424,0.6825811293460132,0.9798209594101767,0.8990104784393198,0.9453598308494603,0.5340830018601679,3213.5668287801354,5.019312839703104,0.36536817226367924,0.0,0.0,0.003,96,3,,,,1.0,0.3948886144234497,0.7582481724570369,0.941397089566319,0.9419093091918452,0.1389017758883339,0.3173711098894541,0.23292476829883832,0.8903568036171723,
corrupt,mlp,torch,random,2,,0.05,1571,277,233,25.8,16.49447432095761,0.3693719168143254,0.8070091474592408,21.564795794295605,5.9683777667206765,23.663327416144615,35.06268220002152,1.2835099009436326,0.137472712451726,0.340560651983537,0.23740230117822883,0.7620520016438098,0.9811012533311642,0.8840184423205449,0.9436401473952808,0.4192767467899734,3309.0712320362977,5.872976529464905,0.43080448843621344,0.0,0.0,0.003,96,3,,,,1.0,0.4262791659905791,0.705554828038679,0.9362532810156633,0.9367639467244571,0.13442314223181065,0.3401133678928988,0.23656177975257264,0.9940183740850342,
corrupt,vpinn,torch,random,2,,0.01,1571,277,622,276.0,11.988259917097759,0.30326301566005065,0.85003753831784,15.581784156802106,5.0413065314643815,12.797235134178614,28.906810804763317,1.2076871979847175,0.11611900423685863,0.18417675013485352,0.1957221460020046,0.717034162266486,0.9865163768550398,0.9660789247097628,0.9616928415643695,0.4858620101421882,1667.6225353669086,1.2580213681749133,0.036039242637651174,0.3,0.5,0.003,96,3,,,,7.91022,0.35695110321386314,0.760114654533039,0.9714293810430573,0.9717465136754798,0.11354312535172136,0.18393485686350533,0.19502919291615148,0.9352972377240742,
corrupt,vpinn,torch,random,1,,0.01,1571,277,800,322.4,12.028770090063666,0.25969851774178954,0.90700798711842,15.739750577726104,5.263248809255,13.33287803460739,28.623124889315918,0.8958286270763546,0.12123111478484008,0.1918856784775311,0.19380136627514663,0.5318759114296404,0.9853030168080242,0.9631798863952165,0.9624410304298859,0.7171080148405534,1834.5217219184678,0.5810330388654613,0.056617722005240144,0.3,0.5,0.003,96,3,,,,5.03182,0.29926701783517984,0.8576509644394739,0.970307977877709,0.9706436293750023,0.11854183346652164,0.19163366048689,0.193115213698414,0.6937773636888936,
corrupt,pinn,torch,random,0,,0.05,1571,277,551,256.7,15.325807327297793,0.33398849983698176,0.8432774302612858,20.05216188607756,4.966270421712422,21.91687583590916,33.27333940061109,1.1467436509584954,0.11439065895735145,0.31542586521568483,0.22528702443603857,0.6808504507388522,0.9869147771433023,0.9005065235529338,0.949245756620755,0.5364426637281514,1708.677412809665,0.9243253555823201,0.05745460363115611,0.3,0.5,0.003,96,3,,,,0.22733,0.38486335532644167,0.7622851748692092,0.9455556857723305,0.9459536955611633,0.11185312011948695,0.31501159254365113,0.2244893970751367,0.8880993115674918,
corrupt,pinn,torch,random,1,,0.05,1571,277,608,279.8,15.194862256642786,0.3284627802763934,0.8493911560439136,19.884864387154362,5.0682776307979855,20.95005561303825,33.63625991762685,1.1248558651080633,0.11674024342916813,0.30151146849279864,0.22774428556035384,0.667855123623253,0.986371715564098,0.9090908343673135,0.9481325403946033,0.5539695338496398,1807.9136484555524,1.0683072304206265,0.04991079557195825,0.3,0.5,0.003,96,3,,,,0.17217,0.3783380644582717,0.7714747538256439,0.9478650301086716,0.9482660935679489,0.1141505835361019,0.3011154706515439,0.22693795828115645,0.8711482453642843,
corrupt,vpinn,torch,random,1,,0.05,1571,277,391,138.8,14.811396775922727,0.3222099275950558,0.8573166697579551,19.383065206071407,5.788701324644596,19.685845089406364,32.67464920416326,1.0963914854766859,0.1333341326195975,0.283317055145892,0.22123341468882207,0.6509551079259116,0.9822220090785787,0.9197314462634573,0.951055776225123,0.5762574474646616,2343.386533464901,0.6168890691744372,0.033324896775851376,0.3,0.5,0.003,96,3,,,,5.83771,0.37071884409048284,0.783342108393689,0.951003077189053,0.9514486306464994,0.13037636890865195,0.28294495340532055,0.2204501391089555,0.8491039149390033,
corrupt,vpinn,torch,random,0,,0.05,1571,277,368,166.0,15.719644844540404,0.3337991326855475,0.8504140813549506,20.593009101817362,5.853370806252998,22.159463766510488,33.76619273268861,1.099552072709531,0.1348236980253139,0.3189171706587461,0.22862403426635006,0.65283162779178,0.9818225704507781,0.8982918382590174,0.947731050955778,0.5738108657542287,2535.36392518597,0.8987914756099417,0.03774169542792483,0.3,0.5,0.003,96,3,,,,6.84922,0.3824243594678395,0.7760348066093888,0.9426151532218578,0.9430931417503289,0.13183289114368468,0.3184983125909212,0.2278145922421274,0.8515516418946246,
corrupt,mlp,torch,random,0,,0.1,1571,277,296,32.5,19.218770478619312,0.3827787257304867,0.8093820806039959,25.257447269229726,5.673111286887841,35.57103184453036,34.52819867627097,1.10274010678807,0.13067168787432304,0.5119353497359554,0.2337834217737276,0.6547244435379408,0.9829249099880747,0.7379221976907175,0.9453453117037667,0.5713359030334249,4468.114400004502,4.819450094982961,0.34899385460351323,0.0,0.0,0.003,96,3,,,,1.0,0.4315030774558931,0.7346661576682064,0.8887308064608529,0.8893386196171377,0.12777298542770082,0.5112629862787019,0.2329557129689317,0.8540206251482382,
corrupt,pinn,torch,random,2,,0.05,1571,277,459,215.8,15.735414329635425,0.35568990466828126,0.8169693621296594,20.56016062236508,5.288430009363098,22.35076635389599,34.04128550383614,1.2611754514464664,0.12181112630839885,0.3216703816818795,0.23048663155811916,0.7487914791247275,0.9851620495074787,0.896528165548631,0.9468759126729911,0.43931132078953694,1960.0672796681984,0.6454041043986927,0.04823648012849324,0.3,0.5,0.003,96,3,,,,0.13758,0.41168721723881074,0.7189698953790219,0.9428553759097001,0.9432880836228899,0.1191089785394379,0.3212479076135518,0.22967059501933904,0.9767213877829143,
corrupt,mlp,torch,random,2,,0.1,1571,277,233,24.6,19.625763395927564,0.41518601629203844,0.7682537664937046,25.739391723814283,6.191345674040497,36.000331108606936,35.02649838879541,1.284878412267401,0.14260844685175922,0.5181137892554215,0.23715730794007683,0.7628645211208962,0.9796628308865281,0.731558101383381,0.9437564112906148,0.4180377224142946,4875.599313374447,4.599909018968787,0.39911464101874583,0.0,0.0,0.003,96,3,,,,1.0,0.4720685343325952,0.6666977931840276,0.884992447853508,0.8856572802677358,0.13944495014851185,0.5174333111857312,0.23631765391151321,0.9950782220846245,
corrupt,vpinn,torch,random,2,,0.05,1571,277,407,166.9,15.470656830760491,0.3506912267231521,0.8225898209658844,20.21198571876182,5.598707348262193,21.123092729204963,33.9141570788183,1.246670166756509,0.1289579037172623,0.3040018043641132,0.22962587080763722,0.7401793280035959,0.9833698590688486,0.9075829029433607,0.9472719594558335,0.45213456239549477,2464.4698937191524,0.9370572171204743,0.040794675734247825,0.3,0.5,0.003,96,3,,,,9.29393,0.4060000898090902,0.726850778240878,0.9460749071560143,0.9465232189779087,0.12609721830715245,0.3036025357761968,0.22881288178713957,0.965487723365872,
corrupt,mlp,torch,random,1,,0.1,1571,277,342,35.7,19.570203865081673,0.38673819108727525,0.8075867996327342,25.730432436458813,6.074221455729443,36.56267964994641,34.554396203700584,1.08951815095025,0.13991066453731038,0.5262070629743956,0.23396079991215668,0.6468742369252384,0.9804250059487273,0.7231061268758525,0.9452623441044631,0.5815537216018937,4064.58849595204,3.4751434841578814,0.36724534733510056,0.0,0.0,0.003,96,3,,,,1.0,0.43480906759578436,0.7346999930970364,0.8829311589763477,0.8835886921561683,0.1368070129950352,0.5255159553955281,0.23313246310112387,0.8437808388914503,
corrupt,vpinn,torch,random,0,,0.1,1571,277,368,153.2,18.432921272601586,0.3729333172796588,0.8191076749303321,24.210332588561467,5.813521874194825,33.05474819232978,33.76272769915979,1.100687324721939,0.13390583709350637,0.47572120342852275,0.22860057322795294,0.6535056553686531,0.9820692267922865,0.7736893366085116,0.9477417779198506,0.57293035840068,4160.6716537088905,0.8032385887208179,0.04244914939146003,0.3,0.5,0.003,96,3,,,,7.72207,0.42156346242419274,0.7446530386588605,0.9011667804402163,0.9017501647080768,0.13093539120798864,0.475096402751658,0.22779121426739624,0.852430841469728,
corrupt,pinn,torch,random,2,,0.1,1571,277,539,246.2,17.79023938077175,0.3834258804572702,0.7971668755860521,23.30807015770526,5.2045827034628225,31.666277247205027,33.05335052244793,1.2367470499712332,0.11987982821963632,0.455738444367797,0.22379752441400316,0.7342877248276444,0.9856288267860298,0.7923024703252145,0.949914668066163,0.4608215371668014,2893.1000657367354,0.9304314212207281,0.08841632988515169,0.3,0.5,0.003,96,3,,,,0.1409,0.43829207885782395,0.702997412060596,0.9092819883924691,0.9097919082647664,0.11722052261936639,0.45513988856145043,0.22300517061900957,0.9578027336314695,
corrupt,pinn,torch,random,1,,0.1,1571,277,569,252.1,17.263647462193354,0.36239625622373284,0.8247907762934129,22.637626230888817,5.6092380797835455,28.95594330163687,33.34769731124604,1.141711156106969,0.12920046346849207,0.416731542279883,0.2257904867494702,0.6778625323970862,0.9833072402395261,0.8263348216690252,0.9490186560934366,0.5405023871716637,2595.9144005567787,0.864198975977984,0.04536099265183694,0.3,0.5,0.003,96,3,,,,0.17647,0.4129278927846514,0.7445990921534298,0.9195535726673293,0.9200697775780734,0.12633439733241336,0.41618421719155213,0.2249910768832626,0.8842018797313775,
corrupt,pinn,torch,random,0,,0.1,1571,277,734,339.4,17.28644899307356,0.3502147807272568,0.8398910892179454,22.70445722184338,5.367292712722505,31.414588591104707,31.33149036170292,1.0324243067641032,0.12362761148508203,0.4521161620356891,0.2121391589148649,0.6129761904733912,0.9847162136784929,0.7955909760261127,0.9549969772548931,0.6242601899122826,2771.990844365536,0.6153122026932081,0.03666268118033913,0.3,0.5,0.003,96,3,,,,0.25254,0.39583998527096353,0.7743815740954623,0.9117680556531663,0.9122764700591149,0.12088516845314896,0.4515223636469993,0.21138808149310578,0.7995643274906002,
corrupt,vpinn,torch,random,1,,0.1,1571,277,441,191.3,18.10875697610796,0.36789865483300754,0.8236692121894706,23.782848167970332,5.771707568867973,32.74742079275827,32.829416142284764,1.0864834005208284,0.1329427067091297,0.4712981728998968,0.2222813101991185,0.6450724295238852,0.9823262367328495,0.7778780322212127,0.9505910191361626,0.583881560667658,3704.942643892301,0.5826328547633373,0.025204853596822934,0.3,0.5,0.003,96,3,,,,6.52708,0.41589942464124,0.7511244077878022,0.9035984293634082,0.9041676765498882,0.12999362603628367,0.4706791813239259,0.221494324551473,0.8414305666532775,
corrupt,vpinn,torch,random,2,,0.1,1571,277,519,161.9,16.817306186063647,0.37398860849762955,0.8047810055801896,22.012372133182737,5.414138699189907,30.080657701862563,30.54231999849574,1.2321083447063776,0.12470663916711984,0.43291833895053233,0.20679584663834635,0.7315336092345196,0.984448254147641,0.8125817118003067,0.9572354778131289,0.4648585785596817,3275.1540072730827,1.374916735660328,0.0467386500732907,0.3,0.5,0.003,96,3,,,,10.39,0.4286409937670615,0.7113061934292945,0.9180884812536921,0.91858067319835,0.12194025996176791,0.43234975451651075,0.20606368718170423,0.9542102734082631,
curves,mlp,torch,random,1,0.1,,157,277,225,5.2,19.708741622348317,0.4382511790541339,0.7287678403567899,25.760623938494685,10.156043690310979,18.6939379806582,48.431890144514874,1.553094673909214,0.23392937385269053,0.26904161003533206,0.3279224933542579,0.9221112389742552,0.9452770480488856,0.9276166120695942,0.8924668383523252,0.14971086295635438,2319.4681838745705,5.747758114885858,0.32735440770246077,0.0,0.0,0.003,96,3,,,,1.0,0.506747252161592,0.5804964196567475,0.9217868328236016,0.9229038400461311,0.22874009636378437,0.2686882573177248,0.32676148573027564,1.2027991692345832,
curves,mlp,torch,random,0,0.1,,157,277,249,5.7,19.92391271995852,0.44357697110529115,0.7237287606595091,26.04361341020351,10.648368382650824,18.771665409407092,48.710806438552616,1.5648106492235418,0.24526934151363627,0.270160256764349,0.32981097894309347,0.9290673072000858,0.9398429501134644,0.9270134356650189,0.8912247181685968,0.1368339386909565,2317.9970162767795,5.33172635193776,0.3876971138614056,0.0,0.0,0.003,96,3,,,,1.0,0.5125374681161365,0.5732613999126575,0.91936036798236,0.920560301664339,0.23982850844648568,0.26980543484329145,0.32864328514719304,1.2118726440275758,
curves,mlp,torch,random,2,0.1,,157,277,268,6.1,19.983377300428458,0.4465867599784584,0.7174549692671819,26.115290196561897,10.685515222134526,18.302651209971295,49.35770415757987,1.587638612028148,0.24612496375847942,0.26341024317833,0.33419099203644215,0.9426208409405821,0.9394225022148843,0.9306150437887311,0.8883163808416972,0.11146595022341477,2254.8448136325624,5.452150385241282,0.2989424535035612,0.0,0.0,0.003,96,3,,,,1.0,0.516572265258169,0.5625463917559799,0.9194513089484375,0.9206610925977312,0.24066515034191374,0.26306428656120884,0.33300779083041404,1.2295518332991393,
curves,vpinn,torch,random,0,0.1,,157,277,235,9.1,20.190395297359178,0.4472939800734649,0.7292226538361397,26.41137333788218,12.093441622120206,19.56845822398241,47.57222016754392,1.5274611757901808,0.2785544561102633,0.2816276330827966,0.3221018425089379,0.9068919885918618,0.9224074149811118,0.9206858762841794,0.8962504030523459,0.1775469210269217,2286.650725200872,2.3805879209834537,0.09603541289411471,0.3,0.5,0.003,96,3,,,,5.27933,0.5143854183374612,0.5860813537359228,0.9131145647725457,0.9145631833231859,0.27237525618884706,0.28125775018813937,0.320961442864417,1.182947224108441,
curves,pinn,torch,random,0,0.1,,157,277,413,20.5,19.8848694883569,0.44040549754692115,0.7288646042390926,25.997456689537184,10.541005160963277,18.83835531309523,48.61300959455304,1.5471078848160535,0.2427963892509224,0.27112005234513686,0.3291488163714733,0.9185567322201521,0.9410499133667118,0.9264939172163682,0.8916610566812566,0.15625352969203377,1483.058285353919,1.6968951411354465,0.1368732770361618,0.3,0.5,0.003,96,3,,,,0.18904,0.5085801329699606,0.5817890507228333,0.9197349624214456,0.9209166711317477,0.23741041391838072,0.2707639698518698,0.32798346695819236,1.1981626811513995,
curves,pinn,torch,random,2,0.1,,157,277,399,18.4,19.712256573016,0.4383065211693994,0.7313939806578924,25.76948065992951,10.6659701939727,18.585868850948454,48.05660293486737,1.5405843122754705,0.2456747730799782,0.26748628805436103,0.32538149986537357,0.9146835236778846,0.9396439058720985,0.9284510857028974,0.8941268795453585,0.1633540515112153,1595.4737054670154,1.470775925965955,0.09305295148231534,0.3,0.5,0.003,96,3,,,,0.13779,0.5061749730895052,0.5855733753349099,0.9207406237067848,0.9219353724642506,0.24022494628593533,0.2671349780588764,0.3242294886136222,1.193110479399587,
curves,vpinn,torch,random,1,0.1,,157,277,277,11.4,19.813142278919802,0.43888947893234714,0.7366666528153084,25.913390123224985,11.583773880745932,18.745580458621948,47.410816030307075,1.5123987460042458,0.2668150170877291,0.26978484430902855,0.32100900787121334,0.8979490464614176,0.9288097466564715,0.9272161377811512,0.8969532168655379,0.19368750995807338,2336.105220685762,2.188773013037701,0.11351395415249015,0.3,0.5,0.003,96,3,,,,4.74265,0.5053703259952316,0.5962800617205868,0.9176597004343868,0.9190073168330589,0.26089623425566216,0.2694305154455738,0.31987247740118296,1.1712820768785073,
curves,mlp,torch,random,0,0.25,,393,277,246,7.3,16.62930230934094,0.38654819898671916,0.7742475295397974,21.689168415030498,7.667977061362509,15.772771465710669,41.626756718018314,1.4497039922722568,0.17662045648667354,0.22700042303792492,0.2818463168068123,0.8607255996154659,0.9688052143504376,0.9484708079406017,0.920562653702433,0.25915144216571695,2474.574953266026,4.133157851150673,0.31532450050920396,0.0,0.0,0.003,96,3,,,,1.0,0.4507452797509873,0.6448465236436647,0.9459462253311575,0.9466346945917308,0.1727024681475786,0.22670228619445332,0.2808484416099727,1.1227279230519447,
curves,pinn,torch,random,1,0.1,,157,277,619,28.5,19.342515963997315,0.43395400193456457,0.7305297525501424,25.271393861205116,10.096827271005996,17.651660368408834,48.06569394420052,1.5558822723739016,0.2325654116335216,0.25404123680238966,0.3254430532435039,0.923766306058843,0.9459133293117281,0.9354630500039103,0.8940868190955444,0.14665581178938658,1404.2175752245994,1.877196562327614,0.1823128705139856,0.3,0.5,0.003,96,3,,,,0.16894,0.5025907085397926,0.5817075981587378,0.9251543994703942,0.9262514186486815,0.22740639104789817,0.2537075852107394,0.3242908240623859,1.204958033838147,
curves,vpinn,torch,random,2,0.1,,157,277,344,13.3,19.922531968127984,0.4403527530432695,0.7307476332895314,26.05079366958132,10.55186667758338,19.374609205593,48.22590512556758,1.5377468637679732,0.24304656814533335,0.2788377740351622,0.3265278106192816,0.9129988593733008,0.940928365712773,0.9222494957711136,0.8933795888921772,0.1664330827820617,2279.3392441765563,1.526206226943344,0.09613027561577603,0.3,0.5,0.003,96,3,,,,7.64364,0.5081028368688413,0.5854582775972617,0.918852483458688,0.920035634551848,0.23765504307064692,0.27847155527363326,0.3253717408611706,1.1909130082699144,
curves,mlp,torch,random,2,0.25,,393,277,284,12.1,15.702607670970389,0.35005131961824654,0.8230731195316757,20.515847868866413,7.4735622109307664,14.71321951544183,39.36076188022664,1.2628870772823217,0.17214239932032344,0.21175143896023366,0.2665037259040148,0.7498077142884142,0.970366994356241,0.9551613280982691,0.9289757640792768,0.43778839159291627,2610.7815659579755,4.092259022795216,0.48448994908503096,0.0,0.0,0.003,96,3,,,,1.0,0.40585105272236205,0.7249620206084068,0.9515013621779289,0.9521413140520384,0.1683237481481035,0.21147332976216568,0.2655601710583886,0.9780469619207904,
curves,mlp,torch,random,1,0.25,,393,277,497,17.3,14.3870915995964,0.31405945585966333,0.8579241675116525,18.80687259980192,6.390978733920191,13.215640402491635,36.81399866299394,1.1277485989798401,0.14720669771813802,0.19019840416787054,0.24926010931820944,0.6695726122344353,0.9783301881469197,0.9638245670519944,0.9378693979026734,0.5516725169450223,2397.742782350183,4.716368444462083,0.4546424434471391,0.0,0.0,0.003,96,3,,,,1.0,0.3639139843995549,0.7796753741831924,0.9600080510338626,0.9605030084331672,0.14394119757976725,0.18994860220233645,0.24837760539384324,0.8733885324222729,
curves,pinn,torch,random,0,0.25,,393,277,299,34.4,17.018188753692257,0.3969268360627118,0.7665633146230197,22.20175723106604,8.540765962623615,16.606335461972982,41.45817026860153,1.4674833215709142,0.19672385180510552,0.23899700716342773,0.2807048521917924,0.8712816330905215,0.961299726130961,0.9428804305669228,0.9212047859559829,0.24086831583821244,1276.5693417826553,0.874430337240722,0.06593915459498523,0.3,0.5,0.003,96,3,,,,0.19887,0.46181280560914983,0.6340409846550179,0.9417949808846222,0.942596594327787,0.19235990794080912,0.2386831142976732,0.2797110183435867,1.1364971818545302,
curves,pinn,torch,random,1,0.25,,393,277,390,44.2,16.142960087921022,0.372143800727337,0.7925119804960501,21.06198749061162,7.482676487676396,15.251930022693397,40.45135596146507,1.3858778798492306,0.17235233314074005,0.21950451604671328,0.2738879169667624,0.8228304367551321,0.970294673260942,0.9518177674350968,0.9249854089396068,0.32295007234855455,1299.117543775044,1.6430537106688192,0.053054326808536126,0.3,0.5,0.003,96,3,,,,0.17495,0.4334902631036444,0.6742725388045989,0.9490326165452152,0.9496859536178927,0.16852902498666913,0.2192162241454643,0.27291821843689823,1.073297584845546,
curves,pinn,torch,random,2,0.25,,393,277,419,48.3,16.053004924671136,0.363310713044978,0.8040354148942237,20.957034576055957,7.143146836866301,15.122838915747474,40.60511797555409,1.3409159705166707,0.16453177219787984,0.2176466475071948,0.27492900834049966,0.7961354241343377,0.9729292959374237,0.9526299368288775,0.9244140403729084,0.3661683864376857,1354.7223832497261,1.1070621620362928,0.0813972689365134,0.3,0.5,0.003,96,3,,,,0.13733,0.4226687643122434,0.6933464412175581,0.9499910910464031,0.9506065331280348,0.16088194828900232,0.21736079568537187,0.2739556238328612,1.038476689441738,
curves,vpinn,torch,random,2,0.25,,393,277,329,30.5,15.943598985258506,0.36315939524780405,0.8041153066035435,20.81080458775512,7.340851603737934,14.928216460474536,40.16334569905288,1.3419821777686713,0.16908560770038908,0.2148456572198708,0.2719378579647287,0.7967684581062275,0.9714100572685888,0.9538413435737605,0.926049801405554,0.3651600241662708,1972.0439073646276,1.5598622603933852,0.07792205199994845,0.3,0.5,0.003,96,3,,,,7.44941,0.42254393261607087,0.693262481824829,0.9504337340826344,0.9510664804824837,0.16533476562661778,0.21456348415067608,0.27097506360708346,1.0393024170799061,
curves,vpinn,torch,random,0,0.25,,393,277,567,66.5,15.06600870413257,0.36503213431931214,0.790864483696267,19.617085472455628,7.04358134643559,14.21167828029228,37.59599679063901,1.4127783991633913,0.16223842908672204,0.20453329896515313,0.25455485984416587,0.8388019493812076,0.9736786921274715,0.9581661296144302,0.9352018233297161,0.29641128971345054,2156.3088143427794,0.9340106833344971,0.07731108869573984,0.3,0.5,0.003,96,3,,,,5.28266,0.42767213425605966,0.6679117864832351,0.9556822150238725,0.9562564355481569,0.15863947862560815,0.2042646698968799,0.2536536098872697,1.0941307786144807,
curves,mlp,torch,random,0,0.5,,786,277,449,25.2,13.04154492520966,0.28812167157003304,0.876189068902721,17.03418846285425,5.3279368714706985,11.59152204109409,34.18310647599796,1.0636143122758892,0.12272110816723354,0.16682422697254445,0.23144687256177313,0.6314944785785811,0.9849395296102055,0.9721696772950121,0.9464323451813736,0.6012147235242924,1965.3217150180471,4.6109524950563,0.36685780817118896,0.0,0.0,0.003,96,3,,,,1.0,0.335237715553921,0.8065350380539256,0.9678471840288637,0.9682180041503536,0.11999877418438422,0.16660512408375433,0.2306274362954699,0.8237195276520756,
curves,vpinn,torch,random,1,0.25,,393,277,479,49.3,15.245527822718527,0.3428883182978504,0.8275965360736602,19.909591335238122,7.309878744393821,13.66277071454024,38.75612454678031,1.253337285159736,0.16837219391311795,0.1966334666557007,0.26240984929983596,0.744137763322747,0.9716508043168821,0.9613352797909603,0.9311410709904364,0.44625898919636187,2176.9970288480927,0.878268502922913,0.050210337287361524,0.3,0.5,0.003,96,3,,,,4.81715,0.39828606851831794,0.7309489062418435,0.9547090516994263,0.9553197241857864,0.1646371775650586,0.19637521303535474,0.26148078879981096,0.9706510946730474,
curves,mlp,torch,random,1,0.5,,786,277,519,34.4,12.631340679028346,0.27955192054574585,0.8836570353402402,16.49817178371495,5.2020114742910515,11.343687515666254,32.94881636118755,1.0308473649685326,0.11982060377668143,0.16325741297046334,0.2230897448353224,0.6120399206005162,0.9856430229105908,0.9733470171101908,0.9502309657493101,0.6254071355908691,1969.3462064913647,3.157706329533214,0.3347285108163109,0.0,0.0,0.003,96,3,,,,1.0,0.32521214084433625,0.8182302547209054,0.9697403352566972,0.9700908866934301,0.11716261195784715,0.16304299464857228,0.22229989692968863,0.798343059841237,
curves,mlp,torch,random,2,0.5,,786,277,632,54.3,12.955870309673841,0.2895816192508349,0.8738452477132536,16.915283059506866,5.411104814390164,11.405173944300598,33.92957041982984,1.077632060174767,0.12463675813931152,0.1641423205684356,0.22973023140971865,0.639817166885874,0.984465678520522,0.9730572985984082,0.9472240207764364,0.5906339929576476,1953.0518499439477,3.5483241522929228,0.4284706877075931,0.0,0.0,0.003,96,3,,,,1.0,0.33732278991874043,0.8023389651382469,0.9682489992984555,0.9686241073662777,0.12187192911142784,0.16392674003039318,0.22891687290113427,0.8345756176320066,
curves,pinn,torch,random,0,0.5,,786,277,452,98.7,14.106681088564905,0.32596844383492374,0.8365180076141315,18.396389567615287,5.8441130231403235,13.172623948074037,36.1724317316315,1.2375556514137573,0.13461045874899236,0.18957931491195792,0.24491618990564365,0.7347678117731011,0.981880024395385,0.9640596833575117,0.9400160599221019,0.4601162627815275,1065.1242838213857,0.8078160825463031,0.04899488586541129,0.3,0.5,0.003,96,3,,,,0.19671,0.38085818286023476,0.7421707591073226,0.9619852558916663,0.9624230344121263,0.13162438217445602,0.18933032604321948,0.24404906560194442,0.9584289576213193,
curves,pinn,torch,random,1,0.5,,786,277,587,121.7,13.717712777512018,0.32008998014047263,0.8400295942743027,17.88055660356572,5.53699025514854,12.769882557792341,35.33479699775627,1.2291812993509208,0.12753634219307755,0.18378309411667312,0.23924473521674167,0.7297957490353982,0.9837344814200095,0.9662237743169011,0.9427619566710704,0.46739816468922957,1066.9200740131755,0.8670785039517691,0.07554062333918937,0.3,0.5,0.003,96,3,,,,0.16913,0.37464750341409525,0.7469327080975259,0.9642400708026604,0.9646423650994747,0.12470719141709706,0.18354171786358026,0.23839769066440542,0.9519434137112984,
curves,pinn,torch,random,2,0.5,,786,277,525,114.1,13.964331663476685,0.32188875598192995,0.8396732265710138,18.21032789850176,5.5111637093817,13.111284318378559,36.00853566774502,1.226342958401457,0.12694146609129606,0.18869652003217832,0.2438064829385971,0.7281105548656484,0.9838858641865916,0.9643936233277447,0.9405583988771108,0.46985501989260814,1100.4476227053292,1.003013355675904,0.07276465439587236,0.3,0.5,0.003,96,3,,,,0.13597,0.37631568527148673,0.7470106162075798,0.9629459621304823,0.9633528358128639,0.12412551150830672,0.1884486906047985,0.24294328754576927,0.9497452514270723,
curves,vpinn,torch,random,0,0.5,,786,277,452,98.9,13.506857611492393,0.30602115101479516,0.8575400271166376,17.62586569074452,5.543908575212764,12.23143241134016,35.10225608568064,1.1498333737360122,0.1276956954146751,0.17603376412129487,0.23767024792196176,0.6826848966012489,0.9836938093725618,0.9690121138892874,0.9435128532527125,0.5339413319519888,1850.7164130701242,0.7704801834159961,0.0534095594213616,0.3,0.5,0.003,96,3,,,,5.42772,0.3569966276227906,0.7761096336169996,0.9654062588381872,0.9658049389040441,0.12486300969106488,0.17580256565004454,0.23682877783246398,0.8904921573175891,
curves,vpinn,torch,random,1,0.5,,786,277,416,63.3,13.42808479237802,0.30898935782461656,0.85474400569428,17.516238466721465,5.982984633547858,12.07021530514749,34.49551546146905,1.1636237693476803,0.1378091599223185,0.1737135408563953,0.23356213036311574,0.6908726001566367,0.981008635441504,0.9698236057231326,0.9454487312602422,0.5226950503522412,1898.9252850906719,0.892862541198013,0.04060832372158918,0.3,0.5,0.003,96,3,,,,4.75678,0.36053622364810606,0.7713669304786457,0.965426990808293,0.9658596694539736,0.1347521262562502,0.17348538971004018,0.2327352050392339,0.9011721735869,
curves,mlp,torch,random,2,1.0,,1571,277,328,34.9,12.272441355343872,0.3075691121999903,0.843556339799828,15.95078479906303,5.247272013268008,11.318681123172313,31.286401260748764,1.2374110241863996,0.1208631130318568,0.16289752303690808,0.2118338697683156,0.7346819429628807,0.9853921079082479,0.9734643969884392,0.9551264116189797,0.46024244268364556,1884.905326984478,4.2180239152304955,0.34930894417116987,0.0,0.0,0.003,96,3,,,,1.0,0.362566599084393,0.7491598225838351,0.9713276388385556,0.9716702227139349,0.1181819951313306,0.1626835773857167,0.21108387322095165,0.958316950599573,
curves,vpinn,torch,random,2,0.5,,786,277,621,98.8,13.50934341983005,0.3030511940384386,0.8616262687426481,17.635943525839277,5.6631476145628135,11.97204266012916,35.272640302825856,1.1295431018023696,0.13044218948899305,0.17230064826498484,0.23882388485720743,0.6706380535425691,0.9829848352013169,0.9703124866074652,0.9429631520217105,0.5502446011401001,1681.6941691562051,0.9093698036699174,0.06320217680315422,0.3,0.5,0.003,96,3,,,,7.34557,0.35309488800913996,0.7830627583525304,0.9654201579434974,0.9658293638854037,0.12754857802682104,0.17207435277745065,0.23797833032304888,0.8747782909092392,
curves,mlp,torch,random,0,1.0,,1571,277,800,83.6,11.30399402753358,0.26569274998491144,0.8901958709949636,14.732491288024882,4.772840574450573,10.653185559743646,28.771447729880425,1.0185022460596744,0.10993528987523987,0.1533197659029393,0.19480563010945434,0.6047103140520121,0.9879142320400465,0.9764930493834673,0.962050766477658,0.6343254360786826,1981.550918694912,4.804846288500134,0.6135294732625778,0.0,0.0,0.003,96,3,,,,1.0,0.3108783122666887,0.8262851661429436,0.9754860159670572,0.9757727496106101,0.10749658491232572,0.15311839944539543,0.19411592194263028,0.7887823427664036,
curves,mlp,torch,random,1,1.0,,1571,277,800,146.8,11.371456315162916,0.2624920275654729,0.8960451194873146,14.834450612751965,5.041672163889243,10.934686997410566,28.526992676956084,0.9824734223957715,0.11612742603641131,0.1573711113228037,0.19315047458633097,0.5833190983163457,0.9865144209221572,0.975234333321025,0.9626928941670746,0.6597388295390014,2001.1971872057077,5.074242800940685,0.5523654942592069,0.0,0.0,0.003,96,3,,,,1.0,0.30601552876401295,0.8366060264183801,0.974813882803419,0.975120676702514,0.11355136032969572,0.15716442392656232,0.19246662648772478,0.7608797043120689,
curves,pinn,torch,random,2,1.0,,1571,277,676,309.4,12.134801772648295,0.3067081655098536,0.8412096595049159,15.762607580412029,4.799742551178184,11.234739924135386,31.253340265922514,1.2513843493570953,0.11055493693104108,0.161689448239583,0.21161002048587285,0.7429782563829173,0.9877776059201729,0.9738565223279785,0.9552211992299678,0.4479833105415445,899.2508536413948,0.5742813396962195,0.05333609456358994,0.3,0.5,0.003,96,3,,,,0.1345,0.36239475731335974,0.7446367549912238,0.972285109159373,0.9725922393949163,0.10810248627871318,0.16147708924449533,0.21086081647555288,0.9691386372546776,
curves,pinn,torch,random,0,1.0,,1571,277,769,350.0,11.86816019968165,0.2695088610418994,0.8880161066113489,15.483423612485032,4.5861256258742005,10.751772938185283,31.112372273395607,1.0223699612715083,0.10563458850556402,0.154738627303493,0.21065555483411666,0.6070066735244238,0.9888413337112596,0.97605595722023,0.9556242372175299,0.631542898296376,891.9110429849902,0.7090607768232324,0.059043763285110296,0.3,0.5,0.003,96,3,,,,0.21459,0.31487853028051166,0.8236189221525337,0.9735071760496732,0.9737958754420962,0.10329128640906468,0.1545353973478392,0.209909730103721,0.7917777072614218,
curves,pinn,torch,random,1,1.0,,1571,277,800,350.8,11.960833403654615,0.2772977142836887,0.8798085315655683,15.59289165167383,4.62788991860005,11.164414925211014,30.986370111210427,1.0646586595969705,0.10659656692399866,0.16067733666865974,0.20980241978057032,0.6321145337615262,0.988637171920017,0.9741827934810654,0.9559829446542167,0.600431216206974,936.5449298596777,0.6035087247778526,0.04045241789444265,0.3,0.5,0.003,96,3,,,,0.1709,0.32457154337285854,0.8099583468011542,0.9729343033517663,0.9732267824150668,0.10423192516899735,0.16046630695633268,0.2090596155697228,0.8245283257963812,
curves,mlp,torch,extrap:alpha_max,0,0.1,,146,387,335,3.9,25.44677658392452,0.8679297784001003,-0.3402369902300537,33.37603893788461,19.514737724454992,20.91915798607327,59.69422110312558,1.6589895220442457,0.5276617306352643,0.32458657381157224,0.430431431246741,2.189039377906824,0.7215730980229826,0.8946435561012616,0.8147287829948794,-3.7918933980393383,3285.4949440834557,8.007183793479157,0.43761748836875547,0.0,0.0,0.003,96,3,,,,1.0,0.6069373632665355,0.4758691013681341,0.8103151457063745,0.8514041879928002,0.4395218378062266,0.3006713785852782,0.4027464614526923,1.2848097752219447,
curves,mlp,torch,extrap:alpha_max,1,0.1,,146,387,200,2.2,24.637796934399464,0.8240581122504932,-0.18437315802893162,32.33197562453327,18.098564185791194,22.369872623240813,56.5274900645678,1.5552608639980394,0.4893696156787424,0.347096203213004,0.40759738553660213,2.052169244573624,0.7605173792504271,0.8795242257151134,0.8338643713037242,-3.2113986083849912,3342.3501150592356,5.332080334531496,0.5441108597997921,0.0,0.0,0.003,96,3,,,,1.0,0.5787515927844087,0.5335621189582347,0.8246353254230883,0.8616709315007411,0.40762598528928257,0.32152252231589085,0.3813810814111597,1.2044767821213014,
curves,mlp,torch,extrap:alpha_max,2,0.1,,146,387,629,6.4,28.055526687029268,0.8336106643309793,-0.07260858520972202,36.929509232889714,21.688612455316267,25.756872448618015,63.343042794734856,1.4335790494479317,0.5864414344092522,0.3996496888528886,0.4567416420855805,1.8916098919761957,0.6560864440080001,0.8402801261997843,0.7913870723849645,-2.5781879834316372,3501.3314794729804,7.5280943297795195,0.6495394157656614,0.0,0.0,0.003,96,3,,,,1.0,0.5990728287617746,0.55226508738705,0.7625845475309164,0.8138976684943419,0.48848306036323375,0.37020392275477243,0.42736442274962794,1.1102399091794644,
curves,pinn,torch,extrap:alpha_max,0,0.1,,146,387,313,13.3,24.025438663384477,0.7591808293617193,0.050793938890869805,31.575612208904477,17.55398441984905,23.04571151386116,54.12714069300323,1.3749180268244725,0.47464464700002534,0.3575826783426968,0.3902894150764489,1.8142065770277058,0.7747124590742092,0.8721346281492595,0.8476741724792811,-2.2913455041392705,2016.786972418567,2.3834502014691474,0.31319473794026864,0.3,0.5,0.003,96,3,,,,0.19684,0.5391482639996539,0.6166979194497643,0.8315070865675832,0.8668704522281785,0.395360655212157,0.33123636505658083,0.36518634433639774,1.0648096913934801,
curves,pinn,torch,extrap:alpha_max,1,0.1,,146,387,330,13.2,23.684319705947335,0.7056538914423116,0.22933176467384075,31.17325363456409,17.764215856960945,22.819011083465735,52.93653396326559,1.2175179200970716,0.4803291243169501,0.3540651411630146,0.3817044205951968,1.6065168796940852,0.7692839323328994,0.8746378758132107,0.854301735298083,-1.58089648474883,1739.184582084798,2.543963452015562,0.22767650101929562,0.3,0.5,0.003,96,3,,,,0.17151,0.5070344506867639,0.6789286904225654,0.8327411811480644,0.8682650990876173,0.4000956052232079,0.3279779962934477,0.3571535291237625,0.9429106721066371,
curves,pinn,torch,extrap:alpha_max,2,0.1,,146,387,625,25.1,26.79076075983398,0.8803838568774547,-0.3844475384414179,35.157913899423136,17.645956985974998,21.922070024878092,65.90571468741632,1.6893013410665159,0.4771315061163621,0.34014799280973435,0.47522005607940876,2.2290358725043133,0.7723455258711195,0.8842993429875053,0.7741658982998803,-3.9686009209241764,1755.6915585840284,1.678479651423401,0.24111407148205913,0.3,0.5,0.003,96,3,,,,0.14028,0.6163643859954504,0.45836040710217674,0.8102702557195016,0.8483503020029547,0.3974321127875654,0.3150862487013684,0.44465432146291717,1.3082848610299507,
curves,vpinn,torch,random,0,1.0,,1571,277,800,354.8,10.691324783031204,0.23867520771571968,0.9156816496231089,13.962676743431123,4.534396300610753,10.036233395753902,27.317400533928712,0.8772689018314529,0.10444308037132423,0.14444064136073095,0.18496057181153336,0.5208565373192902,0.9890916429625486,0.9791369011233001,0.9657895868751502,0.7287084675314367,1517.6990279555448,0.3846816094192599,0.04257106698682011,0.3,0.5,0.003,96,3,,,,5.51359,0.2775216477227581,0.86830097125202,0.9780060436536663,0.9782644353967646,0.10212620961278397,0.14425093652975313,0.18430572001465673,0.6794037247338387,
curves,vpinn,torch,extrap:alpha_max,0,0.1,,146,387,401,12.3,24.200849073697697,0.7539226168816742,0.05731001993643381,31.81019796605719,16.764069023609395,22.124297727205757,56.54222714735641,1.3728023966192242,0.4532860138008236,0.3432858053867044,0.4077036488150214,1.8114149995241475,0.7945317896925483,0.8821548558199981,0.8337777347429153,-2.2812243005097264,2539.9929157037013,3.099885166380446,0.5236812247493736,0.3,0.5,0.003,96,3,,,,5.02472,0.5350535885300516,0.6201152931676067,0.8368214600851539,0.8702647490385461,0.3775697388509491,0.3179928705686287,0.38148050992929033,1.063171234771338,
curves,vpinn,torch,extrap:alpha_max,1,0.1,,146,387,281,10.3,22.10111107064057,0.6694652629355733,0.2952728224241441,29.07824059009796,16.576926754837988,21.27460590851672,49.38318910693916,1.1697225122684114,0.4482258477453412,0.3301017873489034,0.3560826554735853,1.5434507611744634,0.7990935894129593,0.891032809989056,0.8732051424708781,-1.382240252176317,3129.842021255401,3.1285855689510567,0.2168686912455728,0.3,0.5,0.003,96,3,,,,4.51021,0.4795525377562109,0.7088623703948741,0.8544438472909645,0.8853652977713566,0.37335481600325127,0.305780237026306,0.3331797333230889,0.9058953646721973,
curves,mlp,torch,extrap:alpha_max,0,0.25,,365,387,265,9.9,21.14260011186774,0.7246710684468376,0.08845101549630863,27.73699459331551,17.882305619231108,18.102216722157184,47.226461438558246,1.359416667524432,0.4835221699632513,0.28087825084313933,0.3405313448114208,1.7937525081695387,0.766206311154016,0.9211074082032961,0.8840384032009236,-2.217548060573001,2794.745530101835,5.084858277934206,0.9766374705558641,0.0,0.0,0.003,96,3,,,,1.0,0.5085930026295904,0.6400427429678459,0.8571173741860786,0.8895228422286086,0.4027552888977694,0.26018343859365567,0.318628669238394,1.0528046137885425,
curves,vpinn,torch,extrap:alpha_max,2,0.1,,146,387,680,21.6,31.94446824350732,0.9733282689827194,-0.6637263972082994,41.9780714860478,17.641268389666752,24.409983718166686,83.88296235030997,1.8436585158858756,0.477004730503121,0.37875104663154946,0.6048468825698424,2.4327104162263646,0.7724664870776325,0.8565476446755014,0.634160248645538,-4.9180799692318695,2870.803620469619,3.3477530386443672,0.2647688418764402,0.3,0.5,0.003,96,3,,,,7.09214,0.6854856301876793,0.3400141069945626,0.7543914601328906,0.7995823821257554,0.3973265135991352,0.35084507037384094,0.5659436648715708,1.42782727190617,
curves,mlp,torch,extrap:alpha_max,2,0.25,,365,387,322,8.6,20.52255688735944,0.6495246075178355,0.31023319095669355,26.975196614416415,17.184005142768754,16.50699299479609,47.234591705684394,1.1646377061885154,0.464640725430599,0.25612638442137536,0.3405899689537725,1.536741351265595,0.784108996271315,0.9343992752032318,0.8839984730480666,-1.3615739806958391,3084.541006695621,5.247358732348688,0.43866095567953517,0.0,0.0,0.003,96,3,,,,1.0,0.4612309953646672,0.7197082664360308,0.8675022481742044,0.8974534178881729,0.38702777500087077,0.2372552634932563,0.31868352272764655,0.9019574202368953,
curves,mlp,torch,extrap:alpha_max,1,0.25,,365,387,318,10.9,20.31331942045014,0.641336702017475,0.3244056052649704,26.698529242604327,15.5893943467357,18.194951847266292,46.31124153381099,1.1576899539875687,0.4215238204429365,0.2823171508481583,0.3339320558647519,1.5275737809140533,0.8223176687991813,0.9202970263369757,0.8884893820659386,-1.3334816561422143,3208.3522599308017,4.193918195918342,0.5346451932037984,0.0,0.0,0.003,96,3,,,,1.0,0.4554149831638947,0.7267129079203473,0.8770346924006986,0.9035671435716451,0.35111305877182286,0.261516321969191,0.3124538407327796,0.8965767111817854,
curves,pinn,torch,extrap:alpha_max,1,0.25,,365,387,265,29.4,20.276943340122607,0.569749712366316,0.5387285810549878,26.732637909579704,17.109133416036045,19.373974080866574,43.7148062318365,0.9098596317513197,0.4626162583093256,0.3006111370356883,0.3152101872731885,1.2005612668470613,0.7859861975478677,0.9096329442901079,0.9006425378392,-0.44134735545722426,1390.8438871526475,2.390543882511842,0.1488186320543377,0.3,0.5,0.003,96,3,,,,0.17335,0.415845941334875,0.7976151309444305,0.8654205598923919,0.8956610988358357,0.3853414720949369,0.278462426616199,0.29493614620662845,0.7046437204217357,
curves,pinn,torch,extrap:alpha_max,0,0.25,,365,387,350,39.9,19.85185323968768,0.6595493001976747,0.263217700807596,26.063645853125383,16.289266260751464,17.609703803989724,44.29196749463496,1.216475399374572,0.44044775529601876,0.2732363046055163,0.31937186898735886,1.605141271901805,0.8060057748546878,0.9253419218455192,0.8980016092995198,-1.5764785027693429,1750.2655587764448,1.4118463479769032,0.21540714088686513,0.3,0.5,0.003,96,3,,,,0.19387,0.46522848728355837,0.7061205125292818,0.8764497686665756,0.9040135521552113,0.36687596546421913,0.253104542866827,0.29883015222570486,0.9421032885774824,
curves,vpinn,torch,random,1,1.0,,1571,277,667,208.2,11.592221385407285,0.2605842329562435,0.8994381329244088,15.136527266405755,5.149952120675057,10.702229840847044,29.55739983769516,0.9593037424118729,0.11862149392978469,0.1540256071422082,0.20012715223222516,0.5695626785207559,0.9859289411778654,0.9762761123444734,0.9599491229394193,0.6755983552358769,1702.5033494696713,0.6071486478286239,0.03841873151207927,0.3,0.5,0.003,96,3,,,,4.78569,0.3030419725119088,0.8427907991379904,0.9740513921539193,0.974372301692045,0.1159901020784224,0.1538233136499203,0.19941860324819297,0.7429358710710996,
curves,vpinn,torch,extrap:alpha_max,0,0.25,,365,387,342,28.1,19.942957242569285,0.6764260090454708,0.18689035955733213,26.159699452967903,14.805374685108315,16.91542082399417,46.75830284980123,1.2927306113734223,0.40032460283890214,0.26246364664851474,0.3371556382910021,1.705760148403464,0.8397402123618666,0.9311128341879614,0.8863260755685853,-1.9096176838890848,2317.530351220234,1.6273261610422096,0.12446814535810309,0.3,0.5,0.003,96,3,,,,5.21335,0.4733025001321384,0.681964066623769,0.8857263740394711,0.9100587921923445,0.33345492944309224,0.24312560294665755,0.31547008518224484,1.001159382956559,
curves,pinn,torch,extrap:alpha_max,2,0.25,,365,387,452,47.5,20.45235220304721,0.6052387664444362,0.43933685635422426,26.92619981296507,16.825766382521454,17.422826997790647,46.53000605858312,1.030809373293623,0.45495425734264516,0.27033668014217077,0.33550948037525863,1.3601546479176703,0.793016623725791,0.9269180793697074,0.8874333885783223,-0.8500206662569236,1545.0907297717122,1.7572620273959894,0.1248910670367729,0.3,0.5,0.003,96,3,,,,0.13107,0.43540533117463587,0.7644559477845175,0.8691226972246069,0.8983761514213741,0.3789593212762787,0.25041855966507015,0.31392980669087706,0.7983136370663175,
curves,vpinn,torch,extrap:alpha_max,1,0.25,,365,387,270,20.2,20.268052765343285,0.6000898156155736,0.46049572514345016,26.689341926996264,17.152473781999433,19.009734489089738,43.90581750989963,1.0041852803843447,0.46378814454389944,0.2949595098898884,0.31658749409253617,1.3250241139359702,0.7849005569805154,0.9129988875255142,0.8997723585842069,-0.755688902516436,2461.982796184026,2.9033937121371687,0.07601625824788591,0.3,0.5,0.003,96,3,,,,4.71218,0.4333660504795207,0.7708869145702432,0.8658906010300789,0.8961188095961701,0.386317608057838,0.27322720537699857,0.29622486586685454,0.7776945226163917,
curves,vpinn,torch,extrap:alpha_max,2,0.25,,365,387,341,35.2,21.342497648916396,0.6380046737114848,0.3625948969741717,28.087234531753214,16.775791190759048,17.989601735115034,49.496310669385565,1.108287000405936,0.45360297112263437,0.27913089022622634,0.3568983303434283,1.46238650315365,0.7942443445887074,0.922085946121512,0.8726235817980712,-1.1385742846116038,2526.7095813693036,2.6037340162890312,0.20492670158843035,0.3,0.5,0.003,96,3,,,,6.75284,0.4571644882958188,0.7355402240757756,0.8629846241694302,0.892955999496743,0.3778337520558117,0.2585648216576457,0.3339429447051519,0.8583164347646659,
curves,mlp,torch,extrap:alpha_max,0,0.5,,730,387,596,29.9,17.827619058623807,0.5623395356362957,0.4398766518952567,23.41249400600717,10.242934590596711,14.927634416051605,45.066913011373195,1.0729942164737185,0.2769601451566021,0.23162068537575073,0.3249596947725657,1.4158176172402641,0.9232930779948297,0.9463518581060658,0.8944011967733194,-1.0045395252931884,2903.517867026404,4.872025774946452,0.440137873689297,0.0,0.0,0.003,96,3,,,,1.0,0.39507365471840133,0.7794398037821129,0.9213487109580717,0.9360977773192781,0.23069710181891606,0.21455511841725808,0.30405857398776737,0.8309838246496638,
curves,mlp,torch,extrap:alpha_max,1,0.5,,730,387,719,44.9,17.67820924548661,0.618657839835352,0.2799494981831907,23.16069881962444,10.876588676178848,16.132728039388667,42.47277974330579,1.2307405230731254,0.29409360685838953,0.25031920137632585,0.3062544252375123,1.6239641258691806,0.9135089504050183,0.9373402974223165,0.9062082270224396,-1.6372594821170114,3523.047825798201,3.2798757728241994,0.5205367031117039,0.0,0.0,0.003,96,3,,,,1.0,0.4291379828787696,0.7239031487586407,0.9190191582832581,0.9347031155699504,0.24496861354307697,0.23187594754882757,0.2865564108814604,0.9531509595417132,
curves,mlp,torch,extrap:alpha_max,2,0.5,,730,387,800,44.9,19.562403472058747,0.6441230946516893,0.28579192314483126,25.681276104894334,13.389079264569713,19.798367615415103,43.856381434698186,1.205785573551991,0.3620291923012712,0.30719612690089215,0.316231030096341,1.5910360293082528,0.8689348639216821,0.9056305396170881,0.8999979356042056,-1.531395646563651,3257.214562477223,6.186462698923831,1.110975283159815,0.0,0.0,0.003,96,3,,,,1.0,0.45395860527836873,0.7171270498170645,0.8915211130476587,0.9135121435781629,0.30155633183439423,0.28456224139747915,0.29589132932030854,0.933824518561293,
curves,vpinn,torch,random,2,1.0,,1571,277,676,285.4,11.469624444200377,0.2975125804055188,0.8499401712343803,14.886148528962046,5.005258856608433,10.746763550254306,28.9064231800234,1.220052189915372,0.11528869961578435,0.15466653260650426,0.19571952147360358,0.7243755679261831,0.9867085157409008,0.9760782636914804,0.9616938689141431,0.4752800365909967,1524.5514733425011,0.803552322994532,0.05720783092136215,0.3,0.5,0.003,96,3,,,,7.56304,0.3517736399998923,0.7581529303622164,0.9748268827821748,0.9751324535105746,0.11273123945681264,0.15446339733827485,0.19502657767987752,0.9448733455246042,
curves,pinn,torch,extrap:alpha_max,0,0.5,,730,387,543,112.2,18.952815326151285,0.6132169165851066,0.31443887113143876,24.87272960683049,10.81908527244637,15.174970802127069,48.62413274591803,1.1930724841136742,0.2925387642589487,0.2354584148956778,0.35060940010927066,1.5742610870765292,0.9144210714058426,0.9445593348548131,0.8770730485550156,-1.4782979702899164,1492.6401192551007,1.9903602809523724,0.11163786593299534,0.3,0.5,0.003,96,3,,,,0.1946,0.4284552290622452,0.7329229904916055,0.9120178182718904,0.9284762773286438,0.24367348972202046,0.2181100880878882,0.32805851291355737,0.9239788255255147,
curves,vpinn,torch,extrap:alpha_max,0,0.5,,730,387,543,106.3,16.62366304069911,0.5344213159424781,0.4896430917240024,21.8229728997858,10.107594300353783,13.453403963610468,41.907920435393144,1.0257334634390425,0.27330066006473897,0.20874617905550974,0.3021814480570603,1.3534569765926034,0.9253067492081739,0.9564250327297237,0.9086863724501368,-0.8318457874920251,2725.3137184617767,1.2397323413446688,0.054077657319261466,0.3,0.5,0.003,96,3,,,,5.19782,0.37453571498953314,0.7999492321267854,0.9301393847960115,0.9436135385448156,0.22764889210496966,0.1933659815130399,0.282745403998777,0.794382582341346,
curves,pinn,torch,extrap:alpha_max,1,0.5,,730,387,655,140.1,20.984643774238872,0.7480814050618321,-0.1295274359652998,27.461175352053818,10.880884748898854,15.730151679986491,55.77248962727611,1.555049040794026,0.2942097689712696,0.24407273193033377,0.40215337583499366,2.0518897435107313,0.9134406118418674,0.9404285015280616,0.838272662304516,-3.2102515195356442,1735.3518069575784,2.44519755372719,0.15277593401267175,0.3,0.5,0.003,96,3,,,,0.17519,0.5129387610061319,0.5742162915187763,0.8973805918914817,0.9157447765532952,0.24506537209571078,0.22608971136055087,0.37628722560911887,1.204312734959147,
curves,pinn,torch,extrap:alpha_max,2,0.5,,730,387,800,175.4,18.081843659776183,0.5434910791196894,0.4947847948109648,23.771973865654697,10.0469228615338,15.158836348307563,46.11016238712273,1.01145304214064,0.2716601565201914,0.23520806891669138,0.3324821536245772,1.3346139374172974,0.9262007593594211,0.9446771643164793,0.8894556175211614,-0.7811943619532022,1926.1844768244769,1.414939346802554,0.11620910522162295,0.3,0.5,0.003,96,3,,,,0.12912,0.38464521559705894,0.7977372190592373,0.9201111803990205,0.9348479663301941,0.22628241602576055,0.2178781873356753,0.3110971949251273,0.7833230641016726,
curves,mlp,torch,extrap:alpha_max,0,1.0,,1461,387,800,87.3,21.5729593992962,0.8676807774540543,-0.6589161204276439,28.12891503839035,9.97565542108984,18.140510506835273,56.27057918724594,1.9050924820137398,0.2697331462014475,0.2814724262098159,0.40574490275711395,2.5137726346478395,0.9272440298402645,0.9207732732835573,0.8353710738866178,-5.319052858721015,4166.574424064091,7.5817689131346855,1.4232497812607217,0.0,0.0,0.003,96,3,,,,1.0,0.5851159700058648,0.3901464102102844,0.8944627923368133,0.9124685229259658,0.22467729087153307,0.2607338357481719,0.37964774868919765,1.4754050047145564,
curves,vpinn,torch,extrap:alpha_max,1,0.5,,730,387,800,137.2,16.254866827856667,0.5035504115564062,0.566877681660164,21.361095420549432,10.408316738558804,13.298003408882607,40.37696611420689,0.9361810497783691,0.2814319362532612,0.20633494751066866,0.2911423416332882,1.235292420828407,0.920796065256736,0.9574258894357683,0.9152361369082844,-0.525947364960133,2879.80295598704,2.2255049617510134,0.07438348881721786,0.3,0.5,0.003,96,3,,,,4.69368,0.3557497721261019,0.827159471921207,0.9311526972002628,0.9447680360428411,0.2344219310551066,0.1911324069564517,0.27241632315796527,0.7250284273348843,
curves,mlp,torch,extrap:alpha_max,1,1.0,,1461,387,800,80.8,18.63118098982696,0.7378511002483108,-0.15860565116412917,24.312525256249614,9.668204268458776,16.799377187263445,46.46999431302662,1.587148190558988,0.26141993135973257,0.2606630862968917,0.33507675940069603,2.0942446239359227,0.931659619487869,0.9320547554421771,0.8877235653095265,-3.3858605448960892,3811.693577760549,5.756555187090554,0.5646377385103415,0.0,0.0,0.003,96,3,,,,1.0,0.5004768381972658,0.5712800488360237,0.9171459800798575,0.9319946873096536,0.21775270405165964,0.24145770597608612,0.31352491794751397,1.2291720248138036,
curves,vpinn,torch,extrap:alpha_max,2,0.5,,730,387,796,148.9,18.172799315001726,0.5697077793287857,0.4491967969253396,23.87854363771704,11.539421143367122,16.93592849723935,43.16028127254465,1.0555663468557808,0.3120160269132342,0.2627818485283385,0.3112117269954727,1.3928215148780971,0.9026459989492746,0.9309457000840272,0.9031472609804939,-0.9399517723124371,2516.0626848065376,1.334226204743071,0.11718882957315843,0.3,0.5,0.003,96,3,,,,6.84193,0.40299981885989944,0.7800302200854998,0.9122463200045985,0.9294684916082768,0.25989729709751414,0.2434203600487507,0.2911948633652598,0.817486754928073,
curves,mlp,torch,extrap:alpha_max,2,1.0,,1461,387,800,80.1,23.365988922001453,0.9308920528100317,-0.860525087219155,30.48374358154885,12.470712282184417,19.39404043185494,59.5864780306072,2.012724943359254,0.3371973386465614,0.300922491255612,0.4296545385416517,2.655793842796302,0.88629795480967,0.9094456542565134,0.8153969775105576,-6.053240935453361,3656.731758178651,3.7716235762507773,0.7230063511146797,0.0,0.0,0.003,96,3,,,,1.0,0.6301010115597638,0.3130130387447907,0.8703801955255802,0.8939296597228777,0.28087235700583596,0.27875084058672617,0.4020195378007721,1.558761310845721,
curves,pinn,torch,extrap:alpha_max,0,1.0,,1461,387,800,307.9,22.486124215122047,0.9865335091004837,-1.3127578569689176,29.227043426367544,9.951506340300277,15.659302146407356,62.070321792395006,2.263366581385554,0.26908017581862226,0.2429734139092208,0.44756455404436896,2.9865158926297224,0.9275958589814154,0.9409639201332967,0.7996859699630622,-7.919277176953445,1570.7531727843975,1.6948608807430667,0.2119330645736195,0.3,0.5,0.003,96,3,,,,0.20437,0.6552134781938779,0.1627934502894427,0.8894152496925914,0.9079108054851027,0.2241333917671829,0.22507138992775017,0.41877759691227634,1.752871534168302,
curves,vpinn,torch,extrap:alpha_max,0,1.0,,1461,387,800,281.2,19.630670480940335,0.7402050421329662,-0.15289217672715993,25.647607613199572,9.696812403347494,15.545558399216436,51.70045203703479,1.5798590841626152,0.2621934707318098,0.24120853918444607,0.37279152244837954,2.084626636167229,0.9312545839056038,0.9418184406245037,0.8610264807906174,-3.3456682122293646,2699.6255002237067,1.048800826114884,0.3534624048975218,0.3,0.5,0.003,96,3,,,,5.40788,0.5035436088486233,0.5709223757070726,0.9113665017735749,0.926902569103051,0.2183970324664218,0.22343654930480936,0.34881390071995017,1.2235269529033117,
curves,pinn,torch,extrap:alpha_max,2,1.0,,1461,387,800,324.9,24.884424997232813,1.1529505626684198,-2.2673991190510296,32.280106084499856,10.656510054211001,17.21993457139786,68.9638736278907,2.6973817354316836,0.28814287012889445,0.26718855355031684,0.49727123130882284,3.5591995956856453,0.9169736863938786,0.9286102768516873,0.7527213225126037,-11.667901761962288,1850.1123600456235,2.5946840539380847,0.1959996606590947,0.3,0.5,0.003,96,3,,,,0.1344,0.7604493538010113,-0.17481486186827222,0.8661017619193899,0.8882149011768843,0.24001187972707733,0.2475023837086266,0.4652871845621474,2.088995967206194,
curves,pinn,torch,extrap:alpha_max,1,1.0,,1461,387,800,330.0,25.229267354496443,1.0022612421665855,-1.3268567563622027,32.88523545129184,9.17972627079312,15.86693422508503,73.60904585799739,2.2613630641102374,0.2482119062627564,0.24619508206031124,0.5307657320233609,2.983872248319914,0.9383908495894053,0.9393879815693148,0.7182877377097018,-7.903493594317233,1680.2224772202417,1.4850982927555803,0.43461125973079834,0.3,0.5,0.003,96,3,,,,0.17658,0.6706884676682345,0.1478711318179936,0.8653555229561407,0.8862019775325192,0.20675092937790288,0.22805568897917972,0.4966273485502461,1.7513199037656093,
curves,vpinn,torch,extrap:alpha_max,1,1.0,,1461,387,800,339.5,17.972124188801562,0.6525166717570892,0.16611934884821278,23.518567451996276,9.975622564918371,17.444917735753748,43.13516205531671,1.3327943992174194,0.2697322577988185,0.2706794452263671,0.3110306022496696,1.7586243817535014,0.9272445091027478,0.9267326379319439,0.9032599644642064,-2.092759716106047,2475.2202338478446,2.5243462382410606,0.11819551789108765,0.3,0.5,0.003,96,3,,,,4.97563,0.449656230464518,0.6841365679400208,0.9190790371662994,0.9339853646352845,0.2246765508664625,0.2507360701806346,0.29102538840326075,1.0321869124077143,
curves,vpinn,torch,extrap:alpha_max,2,1.0,,1461,387,800,317.5,24.47527479838232,0.9204420250621486,-0.84022297208119,31.966735382416875,9.620909324758978,19.182101413834758,67.09719540865689,2.0008930462786503,0.26014111674304113,0.29763399562103826,0.4838113525678996,2.640181635316615,0.9323265993796798,0.911414004650653,0.7659265751264162,-5.970559067481509,2845.1352925897677,2.316893825347492,0.259124901541655,0.3,0.5,0.003,96,3,,,,7.1198,0.6236708080295437,0.31771208735986955,0.8698890597189163,0.8907008324016991,0.2166875008771467,0.27570463783006827,0.4526930333432471,1.5495980600677128,
main,mlp,torch,extrap:Q_high,2,,,1542,306,601,115.8,32.19104174119706,0.685844283469834,0.4510749798865841,42.134181138861194,32.427260765306436,25.409437474569106,68.56584517670804,2.3616235482046704,0.6680175168120766,0.3429810233406229,0.6100166018783292,1.1223619918483074,0.5537525972322086,0.8823640176282159,0.6278797454328096,-0.25969644074689735,6721.11415229048,7.849866088463119,0.46730291699505455,0.0,0.0,0.003,96,3,,,,1.0,0.8467809632567435,-0.056475678433558496,0.6879987867644113,0.7064058070446378,0.7303449038276671,0.3652102345439194,0.462601756269275,1.8289669583861123,
main,mlp,torch,extrap:Q_high,0,,,1542,306,800,153.7,29.61903238089496,0.6651017768451429,0.4698067274159728,38.69312491658001,31.92144305737807,24.99585514395571,59.16207654840626,2.3967547738398043,0.6575974233094087,0.33739841683344013,0.5263531544475758,1.139058112790147,0.5675656288568084,0.8861623083182851,0.7229523568030816,-0.29745338431428414,7232.029449048929,12.731442612451797,0.6735654878218988,0.0,0.0,0.003,96,3,,,,1.0,0.833387257076341,-0.0626684982226734,0.7255600979927251,0.7315698642720072,0.7189525945011109,0.3592658093626177,0.39915617528371333,1.856174449157922,
main,mlp,torch,extrap:Q_high,1,,,1542,306,800,154.1,26.877975276890933,0.589225464508199,0.5932624428795104,35.136182283603524,25.325820184010418,26.7481040943522,53.33462257244795,2.103354256753162,0.5217243489358275,0.3610505790962221,0.4745074627208145,0.9996194672799318,0.7278037037274756,0.8696424793342791,0.7748426678222509,0.0007609206340356556,4652.277005136164,6.1114230904816935,0.5495707904799461,0.0,0.0,0.003,96,3,,,,1.0,0.7359105087911038,0.18596949276239938,0.7907629502946686,0.7991181203089225,0.5704022871533192,0.38445091040210816,0.35983936329212934,1.6289494743168587,
main,pinn,torch,extrap:Q_high,2,,,1542,306,216,99.9,29.523419978732612,0.6047995063665176,0.587933290099083,38.7309597138203,32.25612547948421,22.728336082493737,61.20841757948294,1.9008007734695518,0.6644920457739493,0.30679104864896267,0.5445590410496365,0.903355889993522,0.5584503211031335,0.9058792524688672,0.7034554508110951,0.183948136013236,3680.8338006634376,8.732362278011697,0.17437047156563348,0.3,0.5,0.003,96,3,,,,0.13526,0.7345522448956725,0.2569834707955311,0.7225950081276986,0.7316523899731907,0.7264904992028067,0.3266747231137326,0.41296248004758324,1.4720812772185672,
main,pinn,torch,extrap:Q_high,0,,,1542,306,800,360.8,31.24969744656459,0.6348727545438851,0.5431269720240577,40.960541842517706,26.812422383313248,27.43762332550725,68.63157981873262,2.117164258705247,0.5523490852295613,0.3703578300635562,0.6106014298323955,1.0061826730500276,0.6949104880460542,0.8628350777106103,0.6271658938866276,-0.012403571547061176,2811.272961406131,2.6182546851873343,0.08272634877688348,0.3,0.5,0.003,96,3,,,,0.20445,0.7752339213541883,0.14423929896973087,0.7283038198810973,0.7551306184706892,0.6038843733565866,0.3943613808871282,0.46304525639342475,1.6396446747796134,
main,pinn,torch,extrap:Q_high,1,,,1542,306,797,350.1,25.42608570647547,0.5508398778054089,0.6450412552101266,33.25466343393494,24.671235517228435,22.793590579621387,52.29916420495499,1.940352524097067,0.5082395829294803,0.3076718652441675,0.46529519686021503,0.9221528661877729,0.7416925263436571,0.9053380233371723,0.7835003797788098,0.14963409138086703,2263.05527141287,2.1268329959735213,0.0652968871020583,0.3,0.5,0.003,96,3,,,,0.16927,0.6847093892244034,0.30031576264437876,0.8101769764865464,0.8198023934392591,0.5556593651727048,0.3276126270018012,0.35285330692380973,1.5027122577992975,
main,mlp,torch,matched:Q_high,0,,,1542,306,714,80.7,10.984168862404987,0.29698394521696303,0.8506654292951694,14.287801686649336,5.739160438023522,9.587407597171365,27.536837024753122,1.0732703896719373,0.13404466471824636,0.14109699783041788,0.18912809662991834,0.7236660216892695,0.9820320278605721,0.9800916372032424,0.9642305630651438,0.4763074890517196,1969.2948242519496,3.907222868829722,0.2992835042555454,0.0,0.0,0.003,96,3,,,,1.0,0.3210111163190795,0.8097241812861095,0.9754514093763195,0.9765954515720111,0.12926058135148905,0.13779995644277782,0.18578621961009412,0.8311977078719572,
main,vpinn,torch,extrap:Q_high,0,,,1542,306,800,394.0,28.741649021490193,0.6202117674782219,0.5413287997154195,37.57899475351551,26.603724860467512,23.224252316417605,62.90900708366141,2.229611825414259,0.548049813638746,0.31348501255795,0.5596888455150425,1.0596233982011491,0.6996414017705234,0.9017271469015392,0.6867483962060332,-0.12280174601641813,4601.450446952553,3.607261874552084,0.12299560402940153,0.3,0.5,0.003,96,3,,,,5.58747,0.7710381550763794,0.09195294645563501,0.7627056482926986,0.7831361559425597,0.5991839710205709,0.3338025347501271,0.4244360597766536,1.726730054758166,
main,vpinn,torch,extrap:Q_high,2,,,1542,306,625,212.6,32.17685491205079,0.6450361863191658,0.5388126227175822,42.214551520340414,28.976323228149074,29.01020647046337,68.65712486240879,2.063765087181935,0.5969265066607706,0.3915848319161193,0.6108286989734382,0.9808047077263352,0.6436787456457543,0.8466613194132204,0.6268883005104102,0.03802212530094351,4665.064068878704,2.3217389547213387,0.14848243649480594,0.3,0.5,0.003,96,3,,,,7.72759,0.7827730549675183,0.15778171680443742,0.7057427885231284,0.7285520798084922,0.6526209584740406,0.41696414254936676,0.46321760433193726,1.5982895145147287,
main,vpinn,torch,extrap:Q_high,1,,,1542,306,800,343.2,27.27424786290955,0.6189061001709095,0.5313759343444939,35.58575016245453,25.302721466693967,25.58560667504625,55.868922345623375,2.3397409642746174,0.5212485040010686,0.3453589859665655,0.4970546205920437,1.1119622901239605,0.7282999970766367,0.8807271708121424,0.7529367041480951,-0.2364601346588986,4097.067194701758,0.7832606355109897,0.09216650022553396,0.3,0.5,0.003,96,3,,,,4.79739,0.7816455307987468,0.028625428533035735,0.7873212906789581,0.7993059692018725,0.5698820449225885,0.36774231716440503,0.37693784028110744,1.8120199208268861,
main,mlp,torch,matched:Q_high,1,,,1542,306,454,50.7,11.796490357735422,0.2630124351040215,0.9002982870691228,15.451132228922253,5.681197389015341,10.020413531087494,30.651785766663924,0.8325647441749346,0.13269087132733975,0.1474695064255826,0.21052214149163498,0.5613672211715288,0.9823931326663905,0.9782527446745944,0.9556804279417754,0.6848668429937309,1930.307041707256,6.240532956297515,0.2780738252221958,0.0,0.0,0.003,96,3,,,,1.0,0.2808908355048852,0.8760932848963787,0.9721087684275869,0.9733725140615213,0.1279551051424492,0.14402355737226274,0.20680223355964883,0.64478244594518,
main,mlp,torch,matched:Q_high,2,,,1542,306,292,56.5,12.433538107613051,0.28981970773951093,0.8743131875336433,16.261716976926,5.943123073369234,11.00143795731606,31.840589900092713,0.9490014996742021,0.13880844565192269,0.1619071528838387,0.21868706845180325,0.639876163970479,0.9807322154156963,0.9737860738450486,0.9521759660919557,0.5905584947818726,2091.4346989442793,4.860313014428077,0.31574905777119483,0.0,0.0,0.003,96,3,,,,1.0,0.31043958284827555,0.8426922029598706,0.9688980851175669,0.9703103315729424,0.13385434190296233,0.15812383649708917,0.21482288697049817,0.7349572660225526,
main,vpinn,torch,matched:Q_high,0,,,1542,306,396,188.9,12.5822864736582,0.32119495023755285,0.8316411284571423,16.400386080160363,6.031777299161114,11.064934633886839,32.104446307433136,1.1279876541517107,0.1408790666252267,0.1628416276462332,0.22049928312479,0.7605598235539613,0.980153088586804,0.9734826043055248,0.9513800661414531,0.42154875479478704,1610.0456664048502,1.645085644200313,0.05001657491462965,0.3,0.5,0.003,96,3,,,,5.1837,0.34626607165053036,0.7865510095691901,0.968338586344594,0.96977833142244,0.13585106196138796,0.15903647520333297,0.2166030799678135,0.8735736694695871,
main,pinn,torch,matched:Q_high,1,,,1542,306,461,209.4,12.155992322771993,0.2970116898409719,0.8603707729951908,15.868875753454773,5.415830919608687,10.934772205610171,31.256024135145466,1.017342030723651,0.12649293352734164,0.16092603913348724,0.21467216251398244,0.6859556241890764,0.9839995377676468,0.9741028099288066,0.9539158626415697,0.52946488164274,975.7195042928295,0.6109704180376261,0.06695109652124993,0.3,0.5,0.003,96,3,,,,0.17175,0.31947668901456305,0.8237973540734314,0.9706727367793411,0.971983438257127,0.12197837309651444,0.15716564862532215,0.21087892407144024,0.7878838102649754,
main,pinn,torch,matched:Q_high,0,,,1542,306,800,368.3,10.482255243772219,0.2917917558602203,0.8501545342541414,13.61520166592947,5.01861853213348,9.349068640451183,26.477917825203747,1.083415977300463,0.11721558331627406,0.13758938527526027,0.18185524345089765,0.7305068113984492,0.986260507027825,0.9810691610595754,0.9669286704294143,0.46635979849975107,862.7700485602977,0.6286612673671084,0.030359328595725887,0.3,0.5,0.003,96,3,,,,0.20492,0.3162758271211757,0.8083102711144556,0.9780861128389383,0.979084787385544,0.11303213354117973,0.13437430696227087,0.17864187711425916,0.839054990866993,
main,vpinn,torch,matched:Q_high,2,,,1542,306,423,135.5,12.361140853014724,0.29011553215784996,0.87312311910745,16.162892978242517,6.001613288810226,10.697465439826825,31.7896002060905,0.9558844773313474,0.14017455161859713,0.15743361723762928,0.21833686178987938,0.6445170979852941,0.9803510950785244,0.9752146561634749,0.9523290147837464,0.5845977104040545,1682.8546231383866,0.6837505277023035,0.03835917914563839,0.3,0.5,0.003,96,3,,,,7.45555,0.31092330118594746,0.8410152094197658,0.9692982553419153,0.9706956265482991,0.13517169124925105,0.1537548348409818,0.2144788684298346,0.7402878102237225,
main,pinn,torch,matched:Q_high,2,,,1542,306,795,352.3,10.572127461400735,0.2518528237188069,0.9036401744028193,13.817568206167053,5.1119628967032975,9.538933235426558,26.801808486371307,0.8358052271017807,0.11939574785204855,0.1403836050968122,0.18407978449777831,0.5635521574285884,0.9857446553948493,0.9802924434200218,0.966114632939251,0.6824089658571553,983.9711929455013,0.7174929602357949,0.050104696549557265,0.3,0.5,0.003,96,3,,,,0.13131,0.27008922007970515,0.8790653283070584,0.9773839105847073,0.9784161030406201,0.11513448752840075,0.13710323369793523,0.18082711071429983,0.6472920483781848,
main,mlp,torch,extrap:k_max,2,,,1544,304,326,34.9,12.127210290338619,0.2918745469555768,0.8647927548682837,15.899370233017473,5.8219884924467165,11.17895411551334,30.69716809109237,0.8107304623020557,0.12987499354155443,0.1575667410315005,0.20350707720393887,0.6765493760453134,0.9831324860525804,0.9751727221207114,0.9585848695279096,0.5422809417719332,2493.5054036395686,6.559879630994201,0.6627475221914789,0.0,0.0,0.003,96,3,,,,1.0,0.2816956490775319,0.8799678086801936,0.9722966925670672,0.9713651692933166,0.13112608111971683,0.16067527896154551,0.20710842015926087,0.6278728160696044,
main,vpinn,torch,matched:Q_high,1,,,1542,306,485,226.9,12.110217272305613,0.27695461234439045,0.8855798296701615,15.846060060632936,5.682901386279005,10.061337961346164,31.79394083427364,0.9026889073236426,0.1327306701349102,0.14807178751031735,0.21836667402814472,0.6086493177041894,0.9823825692055368,0.9780747457434988,0.9523159956738854,0.6295460080577252,1811.5080056048678,0.6184329148348384,0.0438025365570454,0.3,0.5,0.003,96,3,,,,4.71259,0.2965509330135811,0.8569910170828323,0.970924436874307,0.972230452520769,0.12799348352188314,0.14461176483605662,0.2145081538884424,0.6990903298079423,
main,mlp,torch,extrap:k_max,0,,,1544,304,800,84.3,11.551702481123023,0.3547922540313462,0.7565596681655672,15.023811180111977,5.587832495114702,11.425503064544358,28.058097980676873,1.1353763841561584,0.12465151900520555,0.16104183485531795,0.1860113445971653,0.947464317667696,0.9844619988096942,0.9740655274264318,0.9653997796811542,0.10231136674498886,2453.7574460902188,5.32895861325677,0.9718387055517173,0.0,0.0,0.003,96,3,,,,1.0,0.3396675477041492,0.7870491045643389,0.97464243530576,0.9737858965266627,0.12585228878215718,0.16421893078745836,0.1893030760429649,0.8792958952040164,
main,mlp,torch,extrap:k_max,1,,,1544,304,800,88.1,11.532683562995494,0.33405911451459425,0.7934037273101898,15.030768103993793,5.69472897675131,10.910372561753436,28.487202773476636,1.0384299400005976,0.12703613035924394,0.15378109886052163,0.18885609763554806,0.8665631312030634,0.9838618215833485,0.9763513736332499,0.9643333743858719,0.2490683396382889,2435.0867776573054,5.55492482453635,0.8723198244261298,0.0,0.0,0.003,96,3,,,,1.0,0.32037210093859275,0.8188139786152762,0.9748488565341568,0.9740061131027296,0.1282598711297828,0.15681495216993524,0.19219817097340947,0.8042154094812435,
main,vpinn,torch,extrap:k_max,0,,,1544,304,800,271.1,10.754730392212391,0.25587723794056266,0.898612605387376,14.107086968271929,5.319869041932735,10.359840446693122,26.64155141618993,0.6976606640337749,0.11867387892629928,0.1460213790954272,0.17662033985670944,0.5821933538838148,0.9859165104605855,0.9786777568470689,0.9688052555489001,0.6610508986929495,2238.7126551589013,1.1704489883955824,0.07831085387483307,0.3,0.5,0.003,96,3,,,,5.35438,0.2471926607050718,0.9098083387062039,0.9777998409521849,0.9770544795964794,0.1198170660151174,0.14890214563628543,0.17974588431171687,0.5403055468571675,
main,pinn,torch,extrap:k_max,0,,,1544,304,800,358.1,12.071677532197583,0.27783020603032244,0.876824626227138,15.838582996917191,4.921811698396944,10.151816680143423,32.44212061221121,0.7709611380387558,0.10979414737273295,0.14308929559158248,0.21507525138791467,0.6433621297690597,0.9879452452026941,0.9795254534871042,0.9537426362404247,0.5860851699783287,1126.4519754614414,0.9380978306925577,0.062100298614713466,0.3,0.5,0.003,96,3,,,,0.20647,0.2681796642552287,0.8905039773716208,0.9737377783100744,0.972837492239587,0.11085179588679434,0.1459122168490637,0.21888130939873152,0.5970733348863253,
main,pinn,torch,extrap:k_max,2,,,1544,304,800,365.5,10.903856046067112,0.2648583247826112,0.885830759418117,14.28876020670949,5.071146145237339,9.455473357726538,28.339661117164596,0.7491435641399741,0.11312545081726745,0.13327437490951136,0.18787796925729536,0.6251555041463706,0.9872026323773895,0.9822379409924785,0.9647018686677543,0.6091805956348451,1102.955716048007,0.8130315893036676,0.07873872649217975,0.3,0.5,0.003,96,3,,,,0.13483,0.25537455780401125,0.8988304151371043,0.9780474806792075,0.9773088664785318,0.11421518982269208,0.13590366359567155,0.19120273324261325,0.5801766445550681,
main,pinn,torch,extrap:k_max,1,,,1544,304,800,376.9,11.624025243256291,0.27077353309475327,0.8833561001643666,15.248380495740625,5.032740718025989,9.94602162543394,30.76637914376194,0.7509594858032933,0.11226871525045795,0.1401886256580711,0.20396591233157008,0.6266708791389141,0.987395735576011,0.9803471492361007,0.9583979066067497,0.6072836092386051,1219.295346340861,1.7558396430471424,0.10637598286360997,0.3,0.5,0.003,96,3,,,,0.16752,0.26136572215790144,0.8963473705521956,0.9753802638062871,0.9745427525168187,0.113350201310522,0.14295432137130465,0.20757537501755327,0.581582990932226,
main,mlp,torch,matched:k_max,0,,,1544,304,292,32.9,13.078049130557776,0.2892067154083839,0.8784945943619998,17.19223735342836,5.9462380525183836,11.231851128390458,34.39862287937624,0.7354844619460237,0.13928677400953676,0.16434324450481466,0.23212517331099278,0.6210716698081913,0.9805991945860153,0.9729912979856299,0.9461179039153409,0.6142699809610136,1925.4869414958202,4.588432812830604,0.45449559736251777,0.0,0.0,0.003,96,3,,,,1.0,0.2742599660968241,0.894424683817826,0.9665694654956619,0.9673803229227187,0.13392449920559654,0.16143556853894603,0.23208148774704448,0.5695983088957095,
main,mlp,torch,matched:k_max,2,,,1544,304,412,44.4,12.34574171560773,0.27614668923416014,0.8891198697438181,16.2263735998509,5.803848365308495,10.775768588446129,32.09950384579807,0.7038460628782265,0.13595138783620778,0.15766989355672487,0.21661049977294522,0.5943549757707627,0.9815172201454081,0.9751402046658103,0.9530798913881142,0.6467421627759394,1777.0616183927057,3.7771861093659402,0.26922722969617263,0.0,0.0,0.003,96,3,,,,1.0,0.2618158472933003,0.90372327316566,0.969912438733111,0.9706741923841008,0.13071751903036635,0.15488028719707606,0.21656973404424493,0.545095848901514,
main,mlp,torch,matched:k_max,1,,,1544,304,800,149.4,11.039931649364219,0.26059178346082185,0.8970101258969275,14.490033042146855,5.4521950486029,9.609115498244693,28.408788579592972,0.6896274710163096,0.12771413671691703,0.14059955031021965,0.191705202726213,0.5823482440899377,0.9836890992826519,0.9802317664525635,0.9632491152477011,0.6608705226047937,1749.7931641420466,5.730747669818816,0.28303759969955816,0.0,0.0,0.003,96,3,,,,1.0,0.24666567239662357,0.9109657214205054,0.9757233269943054,0.9763696113464975,0.12279738634852091,0.13811196443785367,0.19166912413217918,0.5340842146679405,
main,vpinn,torch,extrap:k_max,1,,,1544,304,800,273.4,11.282316786632583,0.262344570032898,0.8938557937231961,14.80579498785864,5.477075138431212,10.043796173951456,28.89651365119325,0.7118821829544107,0.1221807805276888,0.14156675252097256,0.19156962678405795,0.5940611202988727,0.985071856869644,0.9799588545806651,0.9633010780938163,0.6470913853486593,2021.149722053145,1.0673431055908311,0.054563183403531765,0.3,0.5,0.003,96,3,,,,4.63514,0.2534991384720513,0.9054951837276599,0.9761105965147084,0.9753112895368089,0.12335774964730203,0.1443596364567821,0.19495971982333374,0.5513194479607872,
main,vpinn,torch,extrap:k_max,2,,,1544,304,754,246.5,10.331923813853882,0.24259082941464943,0.909866450404643,13.55738279269472,5.241504350250443,9.577497592911639,25.853146434922078,0.6555468773313657,0.1169257453050584,0.1349942997670878,0.17139360386221214,0.5470496687242394,0.986328370084856,0.9817765390303932,0.9706242325551228,0.7007366599482003,1737.0236159579572,0.7511397385409149,0.04779289190080524,0.3,0.5,0.003,96,3,,,,7.65181,0.23445666387211755,0.9197349804519731,0.9795763805567906,0.9788964843618301,0.11805209259894091,0.13765751979955623,0.1744266538982945,0.5076903891916785,
main,vpinn,torch,matched:k_max,0,,,1544,304,473,152.2,12.197307506548716,0.27667844779264783,0.8878281561003272,16.02621175555197,5.848436861486921,10.742375622275942,31.487822782893048,0.7105947595389535,0.13699584447177743,0.15718129124697947,0.2124828178818481,0.6000538375699862,0.9812321385974637,0.9752940416819315,0.9548510521049888,0.6399353920169244,1695.8176709857796,0.5953334982632815,0.02969626375418567,0.3,0.5,0.003,96,3,,,,5.24226,0.26222183084771816,0.9027058041033439,0.9704590774614613,0.9712259863274669,0.13172176608006148,0.15440032958214117,0.21244282897587946,0.5503223987527905,
main,pinn,torch,matched:k_max,2,,,1544,304,538,240.4,11.868497064050747,0.27701447292493553,0.8849894834207555,15.58272845689566,5.60000540833482,10.94819986876037,30.199980093591797,0.7258028855160009,0.13117649863220038,0.160192889609382,0.20379233313483872,0.6128961703233209,0.9827927262065955,0.9743382381185957,0.9584686849554583,0.6243582844023723,1127.6724300716114,0.5036892092144442,0.05013432022757449,0.3,0.5,0.003,96,3,,,,0.13378,0.2623348648015267,0.9004644630337271,0.9718665497602165,0.9726048967685376,0.12612645394212532,0.15735864463372923,0.20375397976336096,0.5621003808668911,
main,pinn,torch,matched:k_max,0,,,1544,304,800,360.4,10.768065449993706,0.25066225021424127,0.9068428703559448,14.14031854349106,5.274129911750466,9.950453970724062,27.196371747998654,0.6513061695016421,0.12354307624865377,0.14559397833462454,0.18352369882863315,0.5499882474450536,0.9847371083110186,0.9788023934726963,0.9663190519682567,0.6975129276718076,884.936291357152,0.46314290606926384,0.06343885342042878,0.3,0.5,0.003,96,3,,,,0.20693,0.23742506265597285,0.919335417466179,0.9766195179173239,0.9772557478227383,0.11878690374282733,0.1430180275381415,0.18348915997975757,0.504406159363165,
main,mlp,torch,extrap:v_max,0,,,1344,504,800,77.5,61.63044610374256,1.2678615099379007,-1.1450006057803404,81.50944185946989,42.960564025003094,60.00522166364095,141.56253988976562,1.993458836560553,0.8447242854429281,0.7948750816393853,0.8956090316559392,2.5362376410133507,0.2864408815829065,0.3681736045887638,0.19788446241630064,-5.432501371709332,7165.951656590047,12.975841624191096,1.2417777827389909,0.0,0.0,0.003,96,3,,,,1.0,1.0822440284445656,-0.24392508848041952,0.2841663161959903,0.1359144942146315,0.9675818512179755,0.8624559713126752,0.955097678824952,1.5438406124226596,
main,pinn,torch,matched:k_max,1,,,1544,304,800,365.6,11.725532657234467,0.2704051375459007,0.891621909825378,15.400127840899552,5.531346907862176,10.785572582577412,29.883464032259074,0.7017471062392135,0.12956821774019733,0.15781334455035215,0.2016564527000257,0.5925825351930276,0.983212076951628,0.9750949482818311,0.9593346750844418,0.648845938983611,991.5023086258831,0.593358813626838,0.03805590571851057,0.3,0.5,0.003,96,3,,,,0.16832,0.25617252385556655,0.9061095590761817,0.9725472334393004,0.9732660696377561,0.12458008879313644,0.15502120015509555,0.20161850129762346,0.5434703051764108,
main,vpinn,torch,matched:k_max,1,,,1544,304,526,171.4,12.583460873027047,0.28155469267546285,0.8840983040699949,16.537728983935228,5.937926853934862,10.635924662157082,33.03933543571374,0.7206565403024972,0.1390920895672681,0.15562371218306492,0.22295257257793297,0.6085503963735855,0.9806533906198102,0.9757812602063619,0.9502921503808809,0.6296664150729265,1678.0412886445188,0.3771021915048481,0.04952055733109438,0.3,0.5,0.003,96,3,,,,4.6322,0.26690825214389563,0.8993909386807524,0.9689089337356843,0.9696852864364955,0.1337373097425671,0.15287030829964154,0.2229106132818865,0.5581147772514874,
main,vpinn,torch,matched:k_max,2,,,1544,304,369,126.8,12.899111353986152,0.29061761742895054,0.8761791892368394,16.950127594040676,6.101810595963701,11.10728676874809,33.64128541741023,0.7460626338225791,0.14293096004944467,0.1625206321162346,0.22701458820907677,0.6300042893410461,0.9795707406593431,0.9735870441365387,0.9484643767402626,0.603094595411213,1686.3631821003664,0.6190978230260882,0.037465575948389826,0.3,0.5,0.003,96,3,,,,7.68093,0.275459016683031,0.8925671580861277,0.9672073871787149,0.9680368730718317,0.13742839104225635,0.15964520308727742,0.22697186444857742,0.577790608154013,
main,mlp,torch,extrap:v_max,1,,,1344,504,503,49.5,48.840099759447696,1.6871157653958586,-4.934427893537915,63.88075499764608,35.65212012446056,47.693806029884364,108.2963388385933,3.718134044852547,0.701019932585911,0.631788649564619,0.6851472093863448,4.73050727004656,0.5085710541172255,0.6008431022813044,0.5305733014700982,-21.37769903202029,8490.78300859022,24.04547768699415,4.0342553298338695,0.0,0.0,0.003,96,3,,,,1.0,1.274664529329463,-1.4850467107307246,0.5466624859562094,0.4504845494787381,0.8029769900086572,0.6855038055800818,0.7306564429440473,2.879520878785065,
main,mlp,torch,extrap:v_max,2,,,1344,504,597,96.5,72.63605978315391,2.0648517761088696,-5.997806643173861,95.56908976602396,82.06177800702298,67.83577817648228,136.8097131145666,3.8369698345437477,1.6135630051042769,0.8986046250834032,0.8655398156820022,4.881699658565796,-1.6035855714412466,0.19250972777869502,0.25084082746915615,-22.830991556502045,7363.705182954626,30.05033418910871,1.7567003026425632,0.0,0.0,0.003,96,3,,,,1.0,1.6794576923624427,-2.5121868729222556,-0.38674500539779855,-0.7395388215090951,1.8482412621971651,0.9750046801743495,0.9230311884639815,2.971553638614275,
main,pinn,torch,extrap:v_max,0,,,1344,504,800,297.3,45.72589549615206,1.2659054147560316,-1.986956621696537,60.10395369757975,22.499857224011954,47.022632472861126,110.78937139586616,2.5917208918690062,0.4424098297466436,0.6228977710520194,0.7009196197729098,3.2973944384525535,0.8042735425435381,0.6119983668184158,0.5087116866173933,-9.872810082765495,5831.18997301128,8.660331245059925,3.1859962549367804,0.3,0.5,0.003,96,3,,,,0.18907,0.9843136176487036,-0.32525537997044185,0.6416611986597823,0.5758987291123873,0.5067543687806146,0.6758570177507385,0.7474764972503666,2.007166586813095,
main,pinn,torch,extrap:v_max,1,,,1344,504,800,303.1,66.42826822693033,1.153252814793643,-0.5180854158744458,88.07613757229053,39.22236026174183,76.49591835638476,148.51013409874503,1.4846601908497221,0.7712207927764183,1.0133234685716455,0.9395636550096016,1.8889033428169066,0.40521848878928945,-0.026824451958097573,0.11722013818498722,-2.5679558385139623,9788.265499022757,24.553415321513842,2.468374564791482,0.3,0.5,0.003,96,3,,,,0.16244,1.033659171880284,-0.07880282780135617,0.16520472500539304,0.002276138342330943,0.8833879352493389,1.0994770078065865,1.0019718809096352,1.1497998635555744,
main,pinn,torch,extrap:v_max,2,,,1344,504,800,305.4,55.90790804576321,1.7630790801929583,-4.638177090151757,73.36332015115896,46.926175965855954,76.31055121879797,96.85323326882293,3.5416717295759774,0.9226992559561471,1.0108679536258212,0.6127513007903331,4.505997810399532,0.1486260830579389,-0.021854019667682634,0.6245358433797499,-19.304016267377033,10732.21001176691,28.18621707660624,3.27179951560955,0.3,0.5,0.003,96,3,,,,0.12956,1.3875052969352215,-1.5675764500611191,0.25043596892333536,0.08432336054859928,1.0568975813538588,1.0968127230949487,0.6534518125612698,2.7428590707308085,
main,mlp,torch,matched:v_max,0,,,1344,504,565,54.5,12.158376248628029,0.29620067231924285,0.8548434726088094,15.968504841286565,4.845910176062591,10.17910071825948,32.88050362953762,0.7279904706524212,0.11078156720797139,0.14818876240622228,0.2202117654423226,0.7056205942204553,0.9877274443669452,0.9780400906965115,0.9515067783607748,0.5020995770110064,1892.0612070574894,3.8681952604669156,0.3864614466998304,0.0,0.0,0.003,96,3,,,,1.0,0.26027005904972295,0.8999015342196338,0.9724247711414105,0.9724901487972261,0.10914229934834589,0.14630437074737976,0.22183900288608183,0.5637945632170843,
main,vpinn,torch,extrap:v_max,0,,,1344,504,800,314.9,81.84514611308441,3.8507124974821316,-36.29581942050304,105.9678357343641,48.394465463429384,99.52215685942961,169.9868848802333,9.47707724924535,0.9515699150084634,1.318346643263892,1.0754383856092555,12.057495046046917,0.09451469685074987,-0.7380378718052176,-0.15656772124185658,-144.3831867858158,11821.81787814536,20.263195355637528,10.103960166550074,0.3,0.5,0.003,96,3,,,,5.45963,2.751706361249533,-13.604630319370434,-0.2666969653987748,-0.5164944435885023,1.0899672186463107,1.4304334869800337,1.146871759338451,7.339552980033337,
main,mlp,torch,matched:v_max,1,,,1344,504,613,56.1,11.587153201683732,0.28911533975534043,0.8603318343283486,15.210586449693801,4.743131990726593,10.095498392545784,30.79312896580903,0.7168534576535202,0.10843197176921224,0.14697166813387944,0.2062319169272799,0.69482580219099,0.9882425074982402,0.9783993287659442,0.957468396440499,0.5172171046087113,1850.6109128491128,4.124295451202976,0.38895815182480886,0.0,0.0,0.003,96,3,,,,1.0,0.2537138859621765,0.904039362680385,0.9747034109015611,0.9747901961784814,0.10682747157340441,0.1451027532376307,0.20775585138486097,0.5551694676528097,
main,mlp,torch,matched:v_max,2,,,1344,504,558,87.8,12.161762922730379,0.300786399689047,0.8491249155960783,15.967610208627699,4.90180064042055,10.39862563861553,32.60240434684702,0.7442210650384177,0.11205927005606396,0.15138463669465843,0.21834924123346205,0.7213524507720036,0.9874427199945015,0.9770826917728256,0.9523236088527708,0.47965064176421535,1885.5942879654394,4.960435494176744,0.433797602255981,0.0,0.0,0.003,96,3,,,,1.0,0.26404695410615675,0.89622347681441,0.9722830068733659,0.9723632760056139,0.11040109564667737,0.14945960579466122,0.2199627157017214,0.5763643992815671,
main,vpinn,torch,extrap:v_max,1,,,1344,504,800,223.5,102.44605972093504,3.7319680135962847,-30.771590739769287,133.70483122379264,68.37874165748022,64.72792398848145,268.0078280254162,8.669745212362267,1.344516418650474,0.8574356104056801,1.6955773153050615,11.030342710023923,-0.8077244000207682,0.2648041740082192,-1.8749824321771573,-120.66846030088745,12152.333528189325,46.30430074893231,4.008932513192528,0.3,0.5,0.003,96,3,,,,4.76657,2.7482284250658475,-11.897225722923482,-0.8059675527299021,-1.1689720368767909,1.54006426448205,0.9303354442629262,1.8082019060502725,6.714312085468142,
main,vpinn,torch,extrap:v_max,2,,,1344,504,800,239.0,51.534486200786525,1.299519406035512,-1.7699250810593508,67.90114103008354,30.708557398623118,58.14889109036199,114.84597460126548,2.4345217128954975,0.6038157271500857,0.7702847064174422,0.7265841103325534,3.0973930802419667,0.6354065676461988,0.4066614710593791,0.47207553061224505,-8.593843893555226,8731.428232994072,22.979496708277615,1.521193263432684,0.3,0.5,0.003,96,3,,,,7.67473,1.0469197686364768,-0.3330213704662086,0.504714523105941,0.4075783577556879,0.691635305316294,0.8357749035111238,0.7748456890464998,1.88542317667199,
main,vpinn,torch,matched:v_max,0,,,1344,504,362,111.4,12.416947741537891,0.29410201378127965,0.8627801043598575,16.322391347561904,5.169121438095954,10.91735295394931,32.880699650640445,0.7006169234658541,0.11817044748977952,0.15893634101640908,0.22021307826142061,0.6790881883575093,0.9860357453400647,0.974739239504315,0.9515062001626288,0.5388392324324218,1709.5841828391074,0.6897078275574398,0.07603305303034978,0.3,0.5,0.003,96,3,,,,5.44485,0.2594431206292357,0.9045502626183093,0.9707603950023361,0.9708701395568866,0.11642184416695507,0.1569152814540296,0.22184032540615284,0.5425950314898054,
main,pinn,torch,matched:v_max,1,,,1344,504,601,231.3,11.898899876870253,0.28516057490943403,0.8706683183915573,15.63813183306326,4.960189829457554,10.939723178584897,31.01448249114733,0.6812040082912302,0.11339409584410148,0.15926200985447747,0.20771439575883405,0.660271798180323,0.9871417790276982,0.9746356122171116,0.9568547297945419,0.5640411525268776,1030.4221856614222,0.5218185787149576,0.044806260093432304,0.3,0.5,0.003,96,3,,,,0.16912,0.2514407250949272,0.9101726486393567,0.9728773736797839,0.9730036067027785,0.11171616961979047,0.15723680903582435,0.2092492848766234,0.5275606368474707,
main,pinn,torch,matched:v_max,2,,,1344,504,620,231.8,12.035805401290306,0.2858723229126456,0.8688252137539892,15.818905885657458,4.70628483237686,10.708422467653323,32.042010356942185,0.6865039481888497,0.1075896148536203,0.15589470197087002,0.2145960946499848,0.6654088801761072,0.9884244747756491,0.9756968418974129,0.9539485161609742,0.5572310221819207,1181.5903021338231,0.6194675456978878,0.044415993717573043,0.3,0.5,0.003,96,3,,,,0.13046,0.25193923188312917,0.9089182620110702,0.9726899442780121,0.9727803082706236,0.10599757926409006,0.15391232036998748,0.21618183553806836,0.5316651923603709,
main,pinn,torch,matched:v_max,0,,,1344,504,800,305.9,10.726290335805421,0.25459491464398354,0.8983160512703248,14.101131041314531,4.517792843939825,10.019249784202929,27.766350495800843,0.6017682192780914,0.1032805300529259,0.14586163030064966,0.1859605659165689,0.5832769323057896,0.9893331321119861,0.978724384806036,0.965418667923989,0.6597880202392878,919.3352229123609,0.8366358663951708,0.05031820572714708,0.3,0.5,0.003,96,3,,,,0.20929,0.22478378232128027,0.9291549232750729,0.9778253949473371,0.9779380728114612,0.10175225727517209,0.14400683082044172,0.1873347068273158,0.46604133436219153,
main,mlp,torch,extrap_joint:corner,0,,,1728,120,800,99.5,24.826813892609298,1.1380977717404357,-2.0051713177286064,32.283719316114464,18.916186301714884,18.01484954047526,59.92012210615326,2.456097622093795,0.3978516229585871,0.2626848546249394,0.49332104801231735,3.3985335613658987,0.8417140861092115,0.9309966671506724,0.756634343588025,-10.550030367762334,4895.240142261351,6.440570201447605,1.0239129838533139,0.0,0.0,0.003,96,3,,,,1.0,0.7478429804044371,-0.007524492959694817,0.8431150322826362,0.862670290267222,0.42604092788784276,0.25892770875133114,0.4042705759804761,1.9021327089980986,
main,mlp,torch,extrap_joint:corner,1,,,1728,120,800,95.3,20.862218112658304,0.7855472926698436,-0.23299283637741286,27.300071048128384,16.20661889508905,18.519459910516073,47.17413433878002,1.5486593062480623,0.34086308557332945,0.27004286787942644,0.38838361093211093,2.1428996062945074,0.8838123568934242,0.9270768495074525,0.8491581707593322,-3.5920187226698603,3770.653026727486,3.1709152255831214,0.6365455040660066,0.0,0.0,0.003,96,3,,,,1.0,0.5372087071342275,0.5640346295918435,0.8866824590534029,0.8982043217880328,0.3650145352693226,0.2661804813394824,0.3182756274550469,1.1993641844730585,
main,vpinn,torch,matched:v_max,2,,,1344,504,631,182.1,11.916253041964769,0.29073141129646174,0.8616856130117505,15.651846239713668,4.921868580188686,10.332460990793418,31.701209148158895,0.709473448718071,0.11251803997489801,0.15042140255962191,0.21231363460324673,0.6876725680480802,0.9873396906802067,0.9773734016519955,0.9549229205615585,0.5271064391532417,1494.0526951119814,1.1184623720137024,0.08400468591947129,0.3,0.5,0.003,96,3,,,,7.40164,0.2556745506796233,0.9045028408692342,0.9732120042979201,0.9733036857244999,0.11085307701032249,0.14850862029670153,0.2138825094331318,0.5494539959783374,
main,vpinn,torch,matched:v_max,1,,,1344,504,763,239.7,11.616378522843627,0.2749374662744011,0.878623974154036,15.268399226902533,4.667757531138975,9.859518549884603,31.27792159968402,0.6603164106669089,0.10670884846374586,0.14353624080049562,0.20947873586235066,0.6400260399710122,0.9886132216595408,0.9793973475768616,0.956118659221511,0.5903666681582302,1632.912888156344,1.0448799163322218,0.06510653972223679,0.3,0.5,0.003,96,3,,,,4.7144,0.24231292231097204,0.9157049208921508,0.9747097428193046,0.9747778175074071,0.10512984583692907,0.14171101133967715,0.2110266624319501,0.5113841696353318,
main,mlp,torch,extrap_joint:corner,2,,,1728,120,639,77.4,22.30864928647064,0.9741016078042557,-1.1978781808578092,29.045390676185605,13.574696896106902,16.01161208354038,57.549863048909536,2.098425117325751,0.2855076126416356,0.2334745001908446,0.4738067573019504,2.903617561082592,0.9184854031236703,0.9454896577606338,0.775507156735007,-7.430994941050548,4687.589425329417,4.469582808630961,1.7803628335391157,0.0,0.0,0.003,96,3,,,,1.0,0.6373207503546677,0.26543699669462684,0.8798274058731037,0.9009340950318719,0.30573691594955904,0.23013514605778182,0.3882788529897037,1.6251320864216263,
main,vpinn,torch,extrap_joint:corner,0,,,1728,120,800,276.5,23.209857304992425,0.9327538796587266,-0.8639803688012844,30.307086146015603,17.29135472405261,16.845801714882434,56.78410199911176,1.9181707819229012,0.36367761611088056,0.24563829770391213,0.46750226341350326,2.6541973414066105,0.8677385915399014,0.9396618267011225,0.7814416337032479,-6.044763527149409,2991.193367694518,0.6830893364945406,0.23022724647864648,0.3,0.5,0.003,96,3,,,,5.3113,0.6250541155323247,0.3590306646566488,0.8629473506480906,0.8809775152424005,0.3894455623121746,0.2421249664235986,0.38311239721852347,1.4855335361750022,
main,pinn,torch,extrap_joint:corner,0,,,1728,120,800,364.6,25.584241720862213,1.054762900717899,-1.4398221040011672,33.37862479241102,16.99109265652024,20.710140277985904,62.43464144272691,2.201092506215796,0.3573624028339938,0.3019864349109244,0.5140230304309807,3.0456797346956965,0.872292113040709,0.9088041931297874,0.7357803241865467,-8.276165046361712,2087.403790486954,1.2222103769163895,0.4667103206615349,0.3,0.5,0.003,96,3,,,,0.20033,0.7015572074957788,0.17042506914821987,0.8389588767856809,0.8625028782621551,0.3826828920878168,0.2976671638610908,0.4212355978258886,1.704643176208319,
main,pinn,torch,extrap_joint:corner,1,,,1728,120,800,394.0,20.673986186700006,0.8446825957323907,-0.5835158286326279,26.97427294666777,13.239167035914294,14.104667511628124,53.5789842924609,1.7731259067967111,0.27845063523088787,0.20566824754770577,0.4411145997961511,2.453496900354818,0.9224652437395118,0.9577005719506544,0.8054179098466783,-5.019647040067356,1932.2870699968064,1.8277598722235808,0.06851959642707169,0.3,0.5,0.003,96,3,,,,0.16434,0.5588994055168064,0.463407600531468,0.8951945751789481,0.9131056873221235,0.29817992477329974,0.20272660247757257,0.36148802904621785,1.3732030657701353,
main,pinn,torch,extrap_joint:corner,2,,,1728,120,800,398.5,37.035006152684,1.74916209051138,-6.565350573707629,48.07601354805998,16.609196897510976,28.915520504623387,98.70332324204558,3.9119839665560505,0.34933024217013614,0.4216337906733948,0.8126222903518445,5.4130620388501445,0.8779683819053489,0.8222249465623788,0.33964501322331186,-28.301240636521555,2975.171846213425,1.5744684968242832,0.17792844703123437,0.3,0.5,0.003,96,3,,,,0.14012,1.1213168655766104,-1.483725433809711,0.6799461138970132,0.7479562501184672,0.37408162220552615,0.41560321971008524,0.6659340457877875,3.0296485746030424,
main,mlp,torch,matched:corner,1,,,1728,120,631,77.9,10.018950577438295,0.24340081109728323,0.9088373252001004,13.099790524317891,4.558842276452703,10.056556828188738,24.683972468312234,0.7764307367995016,0.10838474916017543,0.14768459631819802,0.16684866304688556,0.550685235863874,0.9882527461494853,0.9781892600103302,0.9721615236394665,0.6967457710011193,1720.4724667607288,4.483372039157948,0.40297774396022257,0.0,0.0,0.003,96,3,,,,1.0,0.2537668915320912,0.8948142192310831,0.9795345099330941,0.9802765770164005,0.10267679555356019,0.14454304553585343,0.16653844178708788,0.6013092832518633,
main,mlp,torch,matched:corner,0,,,1728,120,800,162.9,10.41460864492513,0.23330058459688946,0.9217035974617012,13.65222287603171,4.662643422233004,10.00441685271935,26.28960835314277,0.701765951605385,0.11085258210233435,0.14691889973229966,0.177701786508597,0.4977290700443268,0.9877117050412446,0.9784148369014498,0.9684220750716526,0.7522657728324582,1837.1572295849141,3.869260457520668,0.33995401676233167,0.0,0.0,0.003,96,3,,,,1.0,0.24241614649540905,0.9103647163477733,0.9781828723381155,0.9789449006508972,0.10501466301577966,0.14379363686872543,0.17737138606623018,0.5434849000309009,
main,vpinn,torch,extrap_joint:corner,1,,,1728,120,800,273.8,19.757550486965837,0.7538474671483681,-0.17136378922681517,25.838508337956103,13.69175425358363,16.70964828968936,47.11412247059532,1.5146769339950379,0.28796960254322257,0.24365296651237628,0.3878895345406509,2.0958777649972227,0.9170735080110949,0.9406332319097171,0.8495417089938347,-3.3927036058219073,3631.997125986896,1.4554002008740037,0.1208879665656054,0.3,0.5,0.003,96,3,,,,4.66929,0.5098646357915448,0.5925363674659265,0.9024161496382156,0.9153944631762224,0.30837334722592913,0.24016803115502025,0.31787073788433284,1.1730464269008969,
main,vpinn,torch,extrap_joint:corner,2,,,1728,120,800,269.0,26.14917380953867,1.2711966083414072,-2.8224973620498086,33.94034054858327,21.73204044645447,20.099735337907482,59.989245861387865,2.775673592404852,0.45707561893909543,0.2930857703460282,0.493890142369543,3.8407349017109627,0.791081878571434,0.9141007312206727,0.7560725272701886,-13.75124458526153,3361.335521492095,1.4627229939162532,0.11414919660634319,0.3,0.5,0.003,96,3,,,,7.89714,0.8331803159659543,-0.27693754804361004,0.8204183790207651,0.8377187136417504,0.4894611698693315,0.2888938042951452,0.40473694185825454,2.1496293478410857,
main,mlp,torch,matched:corner,2,,,1728,120,664,100.5,10.572168021142753,0.2645622419312228,0.889269469031484,13.808580930546706,4.805244115658691,10.653435551763058,25.967063124218374,0.8629292929308902,0.11424285960038293,0.15645000130203,0.17552157664621468,0.6120345301762637,0.9869485690303266,0.9755233970925941,0.9691921761316266,0.6254137338713888,1857.436641759732,4.559190737668569,0.4157793591198914,0.0,0.0,0.003,96,3,,,,1.0,0.2762104966256872,0.8718811562061772,0.9772213807515158,0.9780491113726356,0.1082263955910198,0.15312199258452475,0.17519522986204197,0.6682983684651623,
main,pinn,torch,matched:corner,2,,,1728,120,712,337.4,9.935178447533765,0.2293850654277874,0.923044711181904,13.013393044104552,4.408493985178724,10.318564422284588,24.31312072485034,0.7005346578214049,0.10481027545649844,0.15153228359600335,0.16434193048328963,0.49685577217535815,0.9890148061587324,0.9770379670281797,0.9729917298850252,0.7531343416556785,940.854436604061,0.8252952559886242,0.04702478716565937,0.3,0.5,0.003,96,3,,,,0.13173,0.23854178563294345,0.9117244233669037,0.9796815010239791,0.9804126424319936,0.09929056724627658,0.14830888470438292,0.16403636998444532,0.542531320596669,
main,vpinn,torch,matched:corner,0,,,1728,120,800,362.3,9.810023360980491,0.21998020719934053,0.9307790821842291,12.860641275650549,4.2761978802964435,10.038050435192101,24.2676755114631,0.6581696169703186,0.10166498564978647,0.14741282246699747,0.16403474844015314,0.466808272240425,0.9896642306928283,0.9782694597723128,0.9730926013041753,0.7820900369676003,1468.6560837206057,0.6908971043093096,0.026878465111724068,0.3,0.5,0.003,96,3,,,,5.48526,0.22850982766854497,0.9208212042975441,0.9803420972564387,0.9810336348742487,0.09631092037766414,0.14427705286546755,0.16372975908403584,0.5097215783470124,
main,pinn,torch,matched:corner,1,,,1728,120,800,388.5,9.936902461368817,0.2224301792891968,0.9304511308749637,13.030426210495728,4.6570356653128595,10.187029364670668,24.247213601503656,0.6563312139880845,0.110719259804636,0.14960063818124747,0.16389643835556275,0.46550438081534107,0.9877412455083129,0.9776196490557628,0.9731379574943608,0.7833056714414186,979.370362440207,0.486917268934172,0.02783407937174042,0.3,0.5,0.003,96,3,,,,0.16306,0.23079905467021797,0.9206077957410111,0.9794996173528121,0.9802659526804786,0.10488836197795305,0.14641832930385482,0.1635917061590049,0.5082978212400591,
main,pinn,torch,matched:corner,0,,,1728,120,800,400.2,9.722533091575732,0.20823942070322507,0.9406548830799077,12.764345887374915,4.1985137845369405,9.991227403762618,24.10329647382519,0.5970947041781828,0.09981807568404395,0.14672520735049213,0.16292364597485798,0.4234907538035062,0.990036351766734,0.9784717135279545,0.9734558855822588,0.8206555814426837,871.0832141349924,0.5026631408801179,0.048307852534913195,0.3,0.5,0.003,96,3,,,,0.20782,0.2158019946196946,0.9325391275916589,0.9806546502923158,0.9813301794492458,0.09456127572352441,0.14360406471657472,0.16262072248849507,0.4624219155501842,
main,vpinn,torch,matched:corner,1,,,1728,120,469,155.9,11.444586791635627,0.2553913827397568,0.9045623041598676,15.000091238678777,4.832762802681298,10.510976024474648,29.65653488888039,0.7780734505061762,0.11489710596586225,0.1543579256404778,0.200460165119903,0.5518503342327843,0.9867986550406688,0.9761736307919681,0.9598157222001007,0.6954612086067324,1656.0755388146013,0.45389255721826116,0.042394990903614684,0.3,0.5,0.003,96,3,,,,4.5639,0.26564738618043604,0.8905473974448523,0.9742626693442459,0.97509801322132,0.10884618685160302,0.15107441961380913,0.2000874500868477,0.6025814881694844,
main,vpinn,torch,matched:corner,2,,,1728,120,800,313.7,10.010147657271116,0.24494978658604022,0.907879172255771,13.086663968503993,4.741359017096118,10.107069825272845,24.411563063143014,0.7805987235724836,0.1127240155687431,0.14842640006978408,0.1650073409050695,0.5536413898005642,0.9872932963140572,0.9779696037623238,0.9727725774474378,0.693481211499265,1417.5571391260778,0.7177251060364841,0.04135727650961311,0.3,0.5,0.003,96,3,,,,7.59609,0.25532358663043153,0.8937254577228961,0.9793451591746063,0.9801223499499633,0.10678753966965805,0.14526906961769573,0.16470054321046013,0.6045371940239123,
backend,pinn,torch,random,2,,,1571,277,676,312.8,12.134801772648295,0.3067081655098536,0.8412096595049159,15.762607580412029,4.799742551178184,11.234739924135386,31.253340265922514,1.2513843493570953,0.11055493693104108,0.161689448239583,0.21161002048587285,0.7429782563829173,0.9877776059201729,0.9738565223279785,0.9552211992299678,0.4479833105415445,899.2508536413948,0.5742813396962195,0.05333609456358994,0.3,0.5,0.003,96,3,,,,0.1345,0.36239475731335974,0.7446367549912238,0.972285109159373,0.9725922393949163,0.10810248627871318,0.16147708924449533,0.21086081647555288,0.9691386372546776,
backend,pinn,torch,random,0,,,1571,277,769,366.0,11.86816019968165,0.2695088610418994,0.8880161066113489,15.483423612485032,4.5861256258742005,10.751772938185283,31.112372273395607,1.0223699612715083,0.10563458850556402,0.154738627303493,0.21065555483411666,0.6070066735244238,0.9888413337112596,0.97605595722023,0.9556242372175299,0.631542898296376,891.9110429849902,0.7090607768232324,0.059043763285110296,0.3,0.5,0.003,96,3,,,,0.21459,0.31487853028051166,0.8236189221525337,0.9735071760496732,0.9737958754420962,0.10329128640906468,0.1545353973478392,0.209909730103721,0.7917777072614218,
backend,pinn,torch,random,1,,,1571,277,800,369.8,11.960833403654615,0.2772977142836887,0.8798085315655683,15.59289165167383,4.62788991860005,11.164414925211014,30.986370111210427,1.0646586595969705,0.10659656692399866,0.16067733666865974,0.20980241978057032,0.6321145337615262,0.988637171920017,0.9741827934810654,0.9559829446542167,0.600431216206974,936.5449298596777,0.6035087247778526,0.04045241789444265,0.3,0.5,0.003,96,3,,,,0.1709,0.32457154337285854,0.8099583468011542,0.9729343033517663,0.9732267824150668,0.10423192516899735,0.16046630695633268,0.2090596155697228,0.8245283257963812,
backend,pinn,torch,random,3,,,1571,277,800,378.4,11.809679132548172,0.2735319891832235,0.8840255568483678,15.398227252962535,4.7245359411112675,11.107256857039117,30.36288896073722,1.044034771305088,0.10882266443015363,0.159854722476648,0.20558095551781924,0.6198696143082731,0.9881576277063217,0.9744464677019131,0.9577364707283799,0.6157616612568564,968.9455039663853,0.7815422508054355,0.05910608465176794,0.3,0.5,0.003,96,3,,,,0.12422,0.3198656501525817,0.8168657516917394,0.9734468553788717,0.973741985342995,0.10640864094302288,0.15964477316582557,0.20485309737591406,0.8085560891255644,
backend,pinn,torch,random,4,,,1571,277,688,517.7,11.57673182136017,0.28186157921772736,0.8709032369281817,15.063258982274624,4.530564467138751,11.089716740785647,29.569495738899473,1.1171503386168125,0.10435481978165499,0.15960228657352676,0.20020905112302725,0.6632801593927005,0.9891100715883377,0.9745271101205011,0.9599163358484165,0.5600594301554713,902.8129608805175,0.5416557413538735,0.04978311241602078,0.3,0.5,0.003,96,3,,,,0.1684,0.3315283658673651,0.7939609746219005,0.9745178391857517,0.9747938332896755,0.10203990691614709,0.15939266880588968,0.19950021217646263,0.8651806755709611,
backend,pinn,jax,random,0,,,1571,277,740,565.6,12.656707153953386,0.306057017625603,0.8495070990210387,16.474902509493088,4.836251767317023,12.754475786464972,31.83397997469726,1.2021210873342845,0.11139587246968582,0.18356136113736987,0.21554141404647434,0.713729422848882,0.9875909595967169,0.9663052266973952,0.9535418988308457,0.4905903109591969,777.5548130851275,0.9739133658738899,0.07041144026221023,0.3,0.5,0.003,96,3,,,,1.0,0.35950246993581086,0.7604158523585607,0.9691460283749859,0.9694664523926168,0.10892476726453951,0.1833202761029878,0.2147782909607959,0.9309865454149202,
backend,pinn,jax,random,2,,,1571,277,759,588.7,12.516051775939426,0.3149351771846369,0.834939611032705,16.264036694509187,4.997373583295226,12.180948979208045,31.61378752102429,1.2720970202301447,0.11510707406305307,0.1753072107393918,0.21405053565600107,0.755275888280102,0.9867503615006422,0.9692673818627736,0.9541823681853784,0.4295583325820256,660.2237680761327,0.7655938579956141,0.046612486274817094,0.3,0.5,0.003,96,3,,,,1.0,0.37152573308106007,0.7351517635374301,0.9700667038495981,0.9703953204077974,0.11255364292094519,0.1750769665057107,0.2132926910163361,0.9851796318812482,
backend,pinn,jax,random,1,,,1571,277,800,617.0,12.67468035064875,0.2974053791372816,0.8617684063423283,16.518598364347802,4.989006631754699,12.382757872987625,32.184030588301084,1.1429263095515891,0.11491435376816121,0.17821162765561802,0.21791153566821234,0.6785839994571348,0.9867946912980453,0.9682406157683344,0.9525145626227208,0.5395237556802124,773.0207314049271,0.716274626176696,0.04193411869602518,0.3,0.5,0.003,96,3,,,,1.0,0.34815643674972163,0.7812675500641025,0.9691832898963669,0.9695160861756761,0.11236519775863488,0.17797756883128577,0.21714002118112544,0.8851429592278404,
backend,pinn,jax,random,3,,,1571,277,800,566.8,12.253799365672396,0.2957886076535894,0.8594249165746735,15.95110437538247,4.708033134562588,12.169352292400182,30.97592769918464,1.1618843365421714,0.10844254680556842,0.17514031218152287,0.2097317163292305,0.6898398552980357,0.9882402140423215,0.9693258710489578,0.9560126071655946,0.52412097404182,764.5567585829995,0.5377301274067863,0.03058337620417857,0.3,0.5,0.003,96,3,,,,1.0,0.34744036733687866,0.7762002348106101,0.971192897418958,0.9714953618327753,0.10603695550375886,0.17491028714835496,0.20898916244352903,0.8998250642518719,
backend,pinn,torch,extrap:alpha_max,0,,,1461,387,800,448.0,22.486124215122047,0.9865335091004837,-1.3127578569689176,29.227043426367544,9.951506340300277,15.659302146407356,62.070321792395006,2.263366581385554,0.26908017581862226,0.2429734139092208,0.44756455404436896,2.9865158926297224,0.9275958589814154,0.9409639201332967,0.7996859699630622,-7.919277176953445,1570.7531727843975,1.6948608807430667,0.2119330645736195,0.3,0.5,0.003,96,3,,,,0.20437,0.6552134781938779,0.1627934502894427,0.8894152496925914,0.9079108054851027,0.2241333917671829,0.22507138992775017,0.41877759691227634,1.752871534168302,
backend,pinn,torch,extrap:alpha_max,1,,,1461,387,800,439.0,25.229267354496443,1.0022612421665855,-1.3268567563622027,32.88523545129184,9.17972627079312,15.86693422508503,73.60904585799739,2.2613630641102374,0.2482119062627564,0.24619508206031124,0.5307657320233609,2.983872248319914,0.9383908495894053,0.9393879815693148,0.7182877377097018,-7.903493594317233,1680.2224772202417,1.4850982927555803,0.43461125973079834,0.3,0.5,0.003,96,3,,,,0.17658,0.6706884676682345,0.1478711318179936,0.8653555229561407,0.8862019775325192,0.20675092937790288,0.22805568897917972,0.4966273485502461,1.7513199037656093,
backend,pinn,jax,random,4,,,1571,277,800,540.2,12.171318236387249,0.2954179194610841,0.8586165962126915,15.839184098620947,4.647332904675415,11.947941393195606,30.92227799799182,1.167720649686153,0.10704440721467956,0.17195378482367013,0.20936846509682214,0.6933050207091646,0.9885414948840573,0.9704318958848142,0.9561648458230002,0.5193281482588943,643.3146502093614,0.9564399434050523,0.09245858534419157,0.3,0.5,0.003,96,3,,,,1.0,0.3473424972314979,0.7745471311140075,0.9717127455306239,0.9720094773237596,0.1046698309760314,0.17172794489815704,0.20862719729993373,0.9043450157518693,
backend,pinn,torch,extrap:alpha_max,2,,,1461,387,800,361.3,24.884424997232813,1.1529505626684198,-2.2673991190510296,32.280106084499856,10.656510054211001,17.21993457139786,68.9638736278907,2.6973817354316836,0.28814287012889445,0.26718855355031684,0.49727123130882284,3.5591995956856453,0.9169736863938786,0.9286102768516873,0.7527213225126037,-11.667901761962288,1850.1123600456235,2.5946840539380847,0.1959996606590947,0.3,0.5,0.003,96,3,,,,0.1344,0.7604493538010113,-0.17481486186827222,0.8661017619193899,0.8882149011768843,0.24001187972707733,0.2475023837086266,0.4652871845621474,2.088995967206194,
backend,pinn,torch,extrap:alpha_max,3,,,1461,387,800,374.2,24.637670693947523,1.038005365820731,-1.4545799595179694,32.07533751207171,11.400703177925855,19.830921763763026,64.99438759452626,2.3246702395749557,0.30826521238790167,0.30770124472077,0.4686488366602134,3.0674061695140398,0.9049725588314367,0.9053199439972859,0.7803682678970254,-8.408980608797625,1834.3584777873311,1.5747238974296944,0.2636226171492124,0.3,0.5,0.003,96,3,,,,0.12938,0.6951643157041082,0.10482098962631581,0.8635535902419159,0.8868460461067439,0.2567730134935853,0.28503014267098914,0.4385057570775411,1.8003483495743173,
backend,pinn,torch,extrap:alpha_max,4,,,1461,387,800,373.3,24.147535891392216,0.7821871143440335,-0.1734233162570995,31.673247504643324,11.929752125639565,16.242282333444315,66.84770805484608,1.5704010516388973,0.32257024109405497,0.25201907156123204,0.4820123978819304,2.072146746838917,0.8959484395605176,0.9364863875694126,0.7676640482881083,-3.2937921404464365,1514.2741160859919,1.4560031002787226,0.3874492524327123,0.3,0.5,0.003,96,3,,,,0.17105,0.5423377644752421,0.5476874496396695,0.8666996251393462,0.8899658220699701,0.2686885497960377,0.23345057309759862,0.4510097858350685,1.2162021491722632,
backend,pinn,jax,extrap:alpha_max,0,,,1461,387,800,517.4,19.12287059027519,0.568639928113323,0.44695028570532214,25.144589220269268,10.365746603610495,15.58494422718637,49.48307683001094,1.0577147002929586,0.28028087640314325,0.2418196589515994,0.3568029063590351,1.395656270739514,0.9214426303226817,0.9415232525445304,0.8726916860137438,-0.9478564260596674,1200.61922842709,2.1615337440907094,0.3860575549888234,0.3,0.5,0.003,96,3,,,,1.0,0.40261749938749136,0.7782129704145235,0.9118858562936519,0.9279531706809475,0.23346314266592458,0.22400264241430862,0.3338536583072214,0.8191505541625108,
backend,pinn,jax,extrap:alpha_max,1,,,1461,387,800,616.1,21.388165023439758,0.8027105806536403,-0.3441657975423895,27.949617513377586,11.4348005309616,15.812068814235053,56.60198319493611,1.7038075536262816,0.309187175499421,0.24534377744564106,0.40813452605255074,2.2481768436169487,0.904403290506685,0.9398064308687019,0.8334262086438574,-4.054299120188802,1406.74368985688,2.7279607046317964,0.30300128353354505,0.3,0.5,0.003,96,3,,,,1.0,0.5465527495747655,0.4987640333664501,0.8925453100064148,0.9120623896181339,0.25754097314962604,0.2272671075875246,0.38188367352315894,1.3195192440387526,
backend,pinn,jax,extrap:alpha_max,3,,,1461,387,753,588.7,24.625593206683675,1.0258680477950004,-1.423477438332476,32.06399205352211,11.003589443253018,17.2307985968846,67.95758812042871,2.3103966661683772,0.29752759841351994,0.26735712232411213,0.49001530429921414,3.0485721661431553,0.9114773281822783,0.9285201691425675,0.7598850015525451,-8.293792252207295,1105.8613012387937,1.8586504847469654,0.23158711053093864,0.3,0.5,0.003,96,3,,,,1.0,0.6858199038615587,0.11636304181543566,0.866627499625797,0.8890085559189526,0.24782899585184298,0.2476585325135765,0.4584979523743063,1.789294134706509,
backend,pinn,jax,extrap:alpha_max,2,,,1461,387,800,610.9,19.562034388517127,0.7418380799611237,-0.10995950271811661,25.568258482255672,11.993230982954653,16.854528263342157,47.857016200470206,1.5433621073014974,0.32428665482108415,0.2615188233604164,0.3450780259412463,2.036468815721748,0.8948381655049453,0.9316079050281812,0.8809211560124908,-3.147205237418084,1230.3009642537468,1.7283257844059183,0.2295426322785207,0.3,0.5,0.003,96,3,,,,1.0,0.5076283282280674,0.5838617112113587,0.9024557421818725,0.921365833306287,0.27011825612480905,0.24225039323845526,0.32288291185047974,1.195261751698525,
backend,pinn,jax,extrap:alpha_max,4,,,1461,387,800,476.5,19.747024859407247,0.6689030730493568,0.13481785526337764,25.878408058679298,10.199797486423794,15.465077754787021,51.97034893482708,1.3528752615910957,0.27579375494609204,0.23995978258291928,0.37473764228810563,1.7851211123803106,0.9239378047327308,0.9424193027427563,0.8595716994523498,-2.186657385874326,1200.2173451242375,1.8909256086416006,0.12545670938602835,0.3,0.5,0.003,96,3,,,,1.0,0.462594698089292,0.6692792231917106,0.9086429356426122,0.9249576895333824,0.2297255438317462,0.22227979976803863,0.35063484784907206,1.047738600908311,
